{"stats":{"minecraft:mined":{"minecraft:podzol":3,"create:zinc_ore":15,"minecraft:tuff":19,"minecraft:twisting_vines_plant":1,"minecraft:cherry_log":10,"minecraft:spruce_trapdoor":2,"minecraft:torch":3,"minecraft:granite":12,"minecraft:grass_block":6,"minecraft:tall_grass":1,"minecraft:cobblestone":2,"minecraft:spruce_leaves":49,"minecraft:sugar_cane":214,"minecraft:diorite":8,"minecraft:wall_torch":1,"create:mechanical_saw":11,"minecraft:iron_ore":4,"minecraft:nether_wart_block":3,"minecraft:wheat":162,"minecraft:fire":7,"minecraft:lava_cauldron":1,"minecraft:spruce_log":502,"minecraft:andesite":27,"minecraft:stripped_spruce_log":2,"minecraft:coal_ore":140,"minecraft:rail":20,"create:hand_crank":3,"minecraft:cherry_leaves":16,"minecraft:gravel":3,"minecraft:dripstone_block":1,"minecraft:dirt":2,"minecraft:smooth_basalt":10,"minecraft:stone":433,"minecraft:netherrack":59},"minecraft:broken":{"create:sand_paper":1},"minecraft:custom":{"minecraft:mob_kills":24,"minecraft:animals_bred":1,"minecraft:traded_with_villager":254,"minecraft:interact_with_crafting_table":17,"minecraft:bell_ring":5,"minecraft:leave_game":3,"minecraft:time_since_death":85613,"minecraft:sleep_in_bed":18,"minecraft:climb_one_cm":2251,"minecraft:time_since_rest":13847,"minecraft:sprint_one_cm":497126,"minecraft:damage_taken":1388,"minecraft:walk_one_cm":1466871,"minecraft:drop":14,"minecraft:damage_dealt":8322,"minecraft:talked_to_villager":169,"minecraft:fly_one_cm":387834,"minecraft:open_chest":128,"minecraft:crouch_one_cm":3656,"minecraft:play_time":408291,"minecraft:deaths":1,"minecraft:sneak_time":3350,"minecraft:walk_under_water_one_cm":8798,"minecraft:boat_one_cm":150697,"minecraft:jump":1919,"minecraft:interact_with_blast_furnace":1,"minecraft:walk_on_water_one_cm":49262,"minecraft:interact_with_smoker":1,"minecraft:total_world_time":408291,"minecraft:fall_one_cm":43719,"minecraft:horse_one_cm":24593},"minecraft:picked_up":{"minecraft:wheat":102,"minecraft:cooked_beef":46,"minecraft:andesite":26,"minecraft:leather":12,"minecraft:diamond_sword":1,"minecraft:smoker":1,"minecraft:enchanted_book":4,"minecraft:tuff":17,"create:raw_zinc":15,"minecraft:shield":2,"minecraft:nether_wart_block":3,"minecraft:amethyst_block":36,"minecraft:wooden_hoe":1,"minecraft:dirt":87,"minecraft:twisting_vines":4,"minecraft:item_frame":1,"create:sand_paper":1,"minecraft:diamond_leggings":2,"minecraft:wheat_seeds":285,"minecraft:iron_ingot":7,"minecraft:calcite":27,"minecraft:diamond_helmet":1,"minecraft:minecart":3,"minecraft:lectern":1,"minecraft:sugar_cane":393,"minecraft:iron_sword":2,"minecraft:spruce_trapdoor":2,"create:mechanical_saw":12,"minecraft:golden_helmet":2,"minecraft:stick":570,"minecraft:raw_iron":4,"minecraft:smooth_basalt":10,"minecraft:torch":2,"minecraft:quartz":3,"minecraft:gravel":1,"minecraft:dripstone_block":1,"minecraft:porkchop":3,"minecraft:diorite":8,"minecraft:stripped_spruce_log":2,"minecraft:cherry_log":10,"minecraft:spruce_sapling":246,"create:hand_crank":13,"minecraft:spruce_log":1302,"minecraft:cauldron":1,"minecraft:rotten_flesh":2,"minecraft:diamond_chestplate":2,"minecraft:diamond":6,"minecraft:spruce_boat":6,"minecraft:granite":12,"minecraft:diamond_boots":2,"minecraft:crossbow":1,"minecraft:iron_block":37,"minecraft:diamond_axe":2,"minecraft:cherry_sapling":7,"create:rose_quartz":9,"minecraft:golden_apple":1,"minecraft:emerald":65,"minecraft:blaze_rod":4,"minecraft:netherrack":24,"minecraft:coal":140,"minecraft:rail":23,"minecraft:cobblestone":432,"minecraft:diamond_pickaxe":5},"minecraft:used":{"minecraft:wheat_seeds":1,"minecraft:cherry_sapling":7,"minecraft:netherite_sword":155,"minecraft:cow_spawn_egg":1,"minecraft:oak_planks":243,"minecraft:chest":3,"minecraft:cauldron":1,"minecraft:sugar_cane":7,"minecraft:sheep_spawn_egg":2,"minecraft:diamond_axe":685,"minecraft:horse_spawn_egg":17,"create:mechanical_saw":9,"minecraft:netherrack":4,"minecraft:torch":34,"minecraft:dirt":29,"minecraft:rail":18,"minecraft:twisting_vines":4,"minecraft:spruce_log":32,"minecraft:spruce_boat":6,"minecraft:shroomlight":2,"minecraft:oak_log":20,"minecraft:wooden_hoe":1,"minecraft:diamond_pickaxe":756,"minecraft:oak_stairs":32,"minecraft:lectern":71,"minecraft:spruce_trapdoor":2,"minecraft:spruce_sapling":84,"minecraft:item_frame":13,"minecraft:cobblestone":2,"minecraft:diamond_sword":34,"minecraft:minecart":4,"create:hand_crank":10,"minecraft:cooked_beef":20},"minecraft:killed":{"minecraft:horse":18,"minecraft:zombie":1,"minecraft:blaze":5},"minecraft:killed_by":{"minecraft:creeper":1},"minecraft:dropped":{"create:rose_quartz":2,"minecraft:sugar_cane":3,"create:polished_rose_quartz":7,"minecraft:blaze_rod":4,"minecraft:diamond_pickaxe":4,"create:iron_sheet":3,"minecraft:lectern":1},"minecraft:crafted":{"minecraft:cherry_planks":4,"minecraft:crossbow":1,"minecraft:diamond_sword":1,"minecraft:emerald":250,"minecraft:spruce_planks":3712,"minecraft:paper":381,"minecraft:wooden_hoe":1,"minecraft:diamond_pickaxe":2,"minecraft:stick":7336,"minecraft:iron_ingot":9,"minecraft:white_bed":1,"minecraft:spruce_boat":2,"minecraft:torch":32,"minecraft:minecart":1}},"DataVersion":3465}