{"stats":{"minecraft:picked_up":{"minecraft:birch_log":14,"minecraft:chicken":3,"minecraft:flint":5,"minecraft:dirt":346,"minecraft:paper":14,"minecraft:stone_pickaxe":1,"minecraft:beef":3,"minecraft:sugar_cane":13,"minecraft:chest":2,"minecraft:flowering_azalea":1,"minecraft:raw_iron":1,"minecraft:stick":1,"minecraft:pumpkin":4,"minecraft:torch":47,"minecraft:gravel":79,"minecraft:diorite":1,"minecraft:white_bed":5,"minecraft:stone_sword":1,"minecraft:stone_shovel":1,"minecraft:purple_bed":1,"minecraft:oak_sapling":1,"minecraft:mutton":14,"minecraft:coal":131,"minecraft:white_wool":6,"minecraft:cobblestone":1448},"minecraft:used":{"minecraft:cooked_mutton":2,"minecraft:stone_sword":13,"minecraft:stone_shovel":363,"minecraft:stone_pickaxe":1541,"minecraft:wooden_pickaxe":35,"minecraft:wooden_shovel":59,"minecraft:torch":32,"minecraft:dirt":276,"minecraft:crafting_table":1,"minecraft:white_bed":3,"minecraft:wooden_axe":17,"minecraft:bread":5,"minecraft:iron_pickaxe":132,"minecraft:wooden_sword":21,"minecraft:cobblestone":35,"minecraft:purple_bed":1,"minecraft:cooked_porkchop":1},"minecraft:crafted":{"minecraft:wooden_sword":1,"minecraft:wooden_shovel":1,"minecraft:stone_shovel":4,"minecraft:cooked_porkchop":2,"minecraft:crafting_table":1,"minecraft:wooden_pickaxe":1,"minecraft:iron_sword":1,"minecraft:birch_planks":56,"minecraft:cooked_mutton":3,"minecraft:iron_axe":1,"minecraft:stick":96,"minecraft:iron_pickaxe":5,"minecraft:stone_pickaxe":15,"minecraft:wooden_axe":1,"minecraft:stone_sword":1,"minecraft:torch":128},"minecraft:custom":{"minecraft:interact_with_furnace":21,"minecraft:mob_kills":9,"minecraft:interact_with_crafting_table":14,"minecraft:leave_game":1,"minecraft:time_since_death":179981,"minecraft:sleep_in_bed":12,"minecraft:climb_one_cm":439,"minecraft:time_since_rest":3199,"minecraft:sprint_one_cm":3550,"minecraft:damage_taken":618,"minecraft:walk_one_cm":607267,"minecraft:drop":58,"minecraft:damage_dealt":778,"minecraft:fly_one_cm":2682,"minecraft:open_chest":24,"minecraft:crouch_one_cm":1766,"minecraft:play_time":179981,"minecraft:sneak_time":2031,"minecraft:walk_under_water_one_cm":1758,"minecraft:boat_one_cm":49293,"minecraft:jump":1206,"minecraft:walk_on_water_one_cm":17669,"minecraft:total_world_time":179981,"minecraft:fall_one_cm":25365},"minecraft:broken":{"minecraft:stone_pickaxe":11,"minecraft:wooden_shovel":1,"minecraft:stone_shovel":2},"minecraft:killed":{"minecraft:sheep":5,"minecraft:chicken":3,"minecraft:cow":1},"minecraft:mined":{"minecraft:white_bed":3,"minecraft:grass_block":135,"minecraft:chest":2,"minecraft:cobblestone":20,"minecraft:spruce_leaves":3,"minecraft:sugar_cane":4,"minecraft:diorite":1,"minecraft:purple_bed":1,"minecraft:birch_log":13,"minecraft:iron_ore":1,"minecraft:birch_leaves":1,"minecraft:pumpkin":4,"minecraft:coal_ore":133,"minecraft:flowering_azalea_leaves":4,"minecraft:dirt_path":28,"minecraft:dirt":245,"minecraft:gravel":98,"minecraft:red_mushroom_block":4,"minecraft:stone":1507,"minecraft:oak_leaves":4},"minecraft:dropped":{"minecraft:gravel":21,"minecraft:stone_sword":2,"minecraft:stone_shovel":3,"minecraft:cobblestone":37,"minecraft:white_bed":1,"minecraft:dirt":1,"minecraft:wooden_axe":1,"minecraft:chest":2,"minecraft:wooden_sword":1,"minecraft:wooden_pickaxe":1,"minecraft:stone_pickaxe":5,"minecraft:white_wool":4}},"DataVersion":3465}