{"stats":{"minecraft:broken":{"minecraft:wooden_shovel":1,"minecraft:stone_pickaxe":11,"minecraft:iron_sword":1,"minecraft:iron_pickaxe":1,"minecraft:stone_shovel":2},"minecraft:custom":{"minecraft:mob_kills":41,"minecraft:interact_with_crafting_table":20,"minecraft:bell_ring":3,"minecraft:leave_game":3,"minecraft:time_since_death":175762,"minecraft:climb_one_cm":439,"minecraft:sprint_one_cm":11842,"minecraft:walk_one_cm":1679221,"minecraft:damage_blocked_by_shield":435,"minecraft:drop":112,"minecraft:play_time":370343,"minecraft:deaths":1,"minecraft:sneak_time":2073,"minecraft:walk_under_water_one_cm":9160,"minecraft:boat_one_cm":49293,"minecraft:jump":2956,"minecraft:walk_on_water_one_cm":26411,"minecraft:total_world_time":370343,"minecraft:interact_with_furnace":38,"minecraft:sleep_in_bed":18,"minecraft:time_since_rest":4494,"minecraft:damage_taken":2389,"minecraft:damage_dealt":4871,"minecraft:fly_one_cm":9828,"minecraft:open_chest":62,"minecraft:crouch_one_cm":1766,"minecraft:fall_one_cm":66017,"minecraft:horse_one_cm":143637},"minecraft:crafted":{"minecraft:wooden_sword":1,"minecraft:stone_shovel":4,"minecraft:cooked_mutton":8,"minecraft:iron_axe":1,"minecraft:stone_pickaxe":15,"minecraft:cooked_beef":4,"minecraft:wooden_shovel":1,"minecraft:cooked_porkchop":2,"minecraft:crafting_table":2,"minecraft:wooden_pickaxe":1,"minecraft:iron_sword":2,"minecraft:birch_planks":136,"minecraft:shield":2,"minecraft:stick":120,"minecraft:iron_pickaxe":8,"minecraft:wooden_axe":1,"minecraft:stone_sword":1,"minecraft:white_bed":1,"minecraft:torch":260},"minecraft:mined":{"minecraft:white_bed":4,"minecraft:deepslate_diamond_ore":3,"minecraft:grass_block":150,"minecraft:spruce_leaves":3,"minecraft:redstone_ore":1,"minecraft:iron_ore":57,"minecraft:andesite":1,"minecraft:pumpkin":4,"minecraft:deepslate_lapis_ore":6,"minecraft:dirt_path":28,"minecraft:flowering_azalea_leaves":4,"minecraft:pointed_dripstone":7,"minecraft:deepslate_iron_ore":13,"minecraft:rail":2,"minecraft:stone":1533,"minecraft:deepslate_redstone_ore":47,"minecraft:dandelion":2,"minecraft:oak_fence":8,"minecraft:clay":1,"minecraft:cornflower":1,"minecraft:chest":2,"minecraft:cobblestone":26,"minecraft:tall_grass":10,"minecraft:deepslate_coal_ore":1,"minecraft:lapis_ore":3,"minecraft:deepslate_gold_ore":11,"minecraft:sugar_cane":4,"minecraft:oak_planks":8,"minecraft:diorite":1,"minecraft:purple_bed":1,"minecraft:birch_log":20,"minecraft:birch_leaves":2,"minecraft:grass":22,"minecraft:coal_ore":285,"minecraft:dirt":255,"minecraft:gravel":123,"minecraft:dripstone_block":6,"minecraft:cobweb":82,"minecraft:red_mushroom_block":4,"minecraft:gold_ore":4,"minecraft:oak_leaves":4,"minecraft:deepslate":36},"minecraft:killed":{"minecraft:cave_spider":1,"minecraft:spider":1,"minecraft:skeleton":10,"minecraft:chicken":5,"minecraft:sheep":8,"minecraft:zombie":5,"minecraft:cow":11},"minecraft:used":{"minecraft:oak_fence":8,"minecraft:stone_sword":13,"minecraft:stone_shovel":363,"minecraft:shield":16,"minecraft:iron_sword":235,"minecraft:wooden_shovel":59,"minecraft:cooked_chicken":3,"minecraft:torch":175,"minecraft:dirt":279,"minecraft:wooden_axe":17,"minecraft:oak_sapling":2,"minecraft:egg":3,"minecraft:cooked_beef":1,"minecraft:potato":7,"minecraft:cobbled_deepslate":16,"minecraft:cooked_mutton":3,"minecraft:birch_planks":10,"minecraft:stone_pickaxe":1541,"minecraft:wooden_pickaxe":35,"minecraft:crafting_table":2,"minecraft:white_bed":5,"minecraft:cornflower":3,"minecraft:bread":13,"minecraft:iron_pickaxe":546,"minecraft:wooden_sword":21,"minecraft:cobblestone":227,"minecraft:purple_bed":1,"minecraft:cooked_porkchop":10,"minecraft:dandelion":5},"minecraft:dropped":{"minecraft:golden_horse_armor":1,"minecraft:cobblestone":37,"minecraft:rail":1,"minecraft:dirt":1,"minecraft:torch":113,"minecraft:wooden_axe":1,"minecraft:wooden_sword":1,"minecraft:iron_pickaxe":1,"minecraft:white_wool":4,"minecraft:gravel":39,"minecraft:detector_rail":1,"minecraft:stone_sword":2,"minecraft:stone_shovel":3,"minecraft:white_bed":1,"minecraft:chest":2,"minecraft:stone_pickaxe":5,"minecraft:wooden_pickaxe":1},"minecraft:picked_up":{"minecraft:iron_chestplate":1,"minecraft:wheat":1,"minecraft:chicken":5,"minecraft:clay_ball":4,"minecraft:cornflower":3,"minecraft:string":44,"minecraft:raw_copper":4,"minecraft:iron_leggings":1,"minecraft:cobbled_deepslate":30,"minecraft:detector_rail":1,"minecraft:beef":26,"minecraft:iron_pickaxe":1,"minecraft:sugar_cane":13,"minecraft:chest":2,"minecraft:iron_boots":1,"minecraft:egg":3,"minecraft:raw_iron":68,"minecraft:stick":17,"minecraft:oak_fence":8,"minecraft:torch":158,"minecraft:pointed_dripstone":28,"minecraft:diorite":1,"minecraft:redstone":201,"minecraft:arrow":16,"minecraft:stone_sword":1,"minecraft:stone_shovel":1,"minecraft:rotten_flesh":5,"minecraft:hay_block":1,"minecraft:mutton":19,"minecraft:white_wool":9,"minecraft:rail":3,"minecraft:cobblestone":1479,"minecraft:birch_log":21,"minecraft:feather":1,"minecraft:andesite":1,"minecraft:leather":12,"minecraft:flint":10,"minecraft:lapis_lazuli":72,"minecraft:dirt":362,"minecraft:paper":14,"minecraft:bone":13,"minecraft:wheat_seeds":4,"minecraft:raw_gold":15,"minecraft:stone_pickaxe":1,"minecraft:oak_planks":8,"minecraft:iron_sword":1,"minecraft:flowering_azalea":1,"minecraft:pumpkin":4,"minecraft:dandelion":6,"minecraft:dripstone_block":12,"minecraft:gravel":115,"minecraft:white_bed":6,"minecraft:purple_bed":1,"minecraft:diamond":3,"minecraft:iron_helmet":1,"minecraft:granite":1,"minecraft:oak_sapling":1,"minecraft:coal":286}},"DataVersion":3465}