{"stats":{"minecraft:used":{"minecraft:shroomlight":2,"minecraft:oak_log":20,"minecraft:netherite_sword":155,"minecraft:diamond_pickaxe":59,"minecraft:cow_spawn_egg":1,"minecraft:oak_planks":243,"minecraft:oak_stairs":32,"minecraft:chest":3,"minecraft:lectern":71,"minecraft:diamond_axe":502,"minecraft:spruce_sapling":36,"minecraft:sheep_spawn_egg":2,"minecraft:horse_spawn_egg":17,"minecraft:item_frame":13,"minecraft:netherrack":4,"minecraft:diamond_sword":28,"minecraft:cooked_beef":12},"minecraft:custom":{"minecraft:time_since_rest":15076,"minecraft:sprint_one_cm":226927,"minecraft:damage_taken":828,"minecraft:walk_one_cm":742721,"minecraft:mob_kills":23,"minecraft:drop":3,"minecraft:damage_dealt":8043,"minecraft:traded_with_villager":125,"minecraft:interact_with_crafting_table":5,"minecraft:talked_to_villager":99,"minecraft:fly_one_cm":369970,"minecraft:open_chest":64,"minecraft:play_time":236091,"minecraft:crouch_one_cm":1669,"minecraft:sneak_time":2390,"minecraft:walk_under_water_one_cm":1329,"minecraft:jump":1252,"minecraft:leave_game":2,"minecraft:time_since_death":236091,"minecraft:walk_on_water_one_cm":9734,"minecraft:sleep_in_bed":7,"minecraft:total_world_time":236091,"minecraft:climb_one_cm":1127,"minecraft:fall_one_cm":30096,"minecraft:horse_one_cm":24593},"minecraft:crafted":{"minecraft:diamond_sword":1,"minecraft:emerald":123,"minecraft:diamond_pickaxe":1,"minecraft:spruce_planks":1908,"minecraft:stick":3876},"minecraft:dropped":{"minecraft:blaze_rod":4,"minecraft:diamond_pickaxe":1,"minecraft:lectern":1},"minecraft:killed":{"minecraft:horse":18,"minecraft:blaze":5},"minecraft:mined":{"minecraft:nether_wart_block":3,"minecraft:twisting_vines_plant":1,"minecraft:fire":7,"minecraft:cherry_log":10,"minecraft:spruce_log":449,"minecraft:stripped_spruce_log":1,"minecraft:grass_block":2,"minecraft:cherry_leaves":16,"minecraft:dirt":1,"minecraft:spruce_leaves":32,"minecraft:netherrack":59},"minecraft:picked_up":{"minecraft:golden_helmet":1,"minecraft:stick":44,"minecraft:cooked_beef":32,"minecraft:leather":12,"minecraft:quartz":3,"minecraft:porkchop":3,"minecraft:enchanted_book":4,"minecraft:cherry_log":10,"minecraft:stripped_spruce_log":1,"minecraft:spruce_sapling":75,"minecraft:nether_wart_block":3,"minecraft:shield":1,"minecraft:spruce_log":450,"minecraft:amethyst_block":36,"minecraft:dirt":1,"minecraft:twisting_vines":2,"minecraft:item_frame":1,"minecraft:diamond_chestplate":1,"minecraft:diamond":6,"minecraft:diamond_leggings":1,"minecraft:diamond_boots":1,"minecraft:diamond_axe":1,"minecraft:cherry_sapling":7,"minecraft:golden_apple":1,"minecraft:calcite":27,"minecraft:lectern":1,"minecraft:blaze_rod":4,"minecraft:netherrack":24,"minecraft:iron_sword":1,"minecraft:diamond_pickaxe":1}},"DataVersion":3465}