{"stats":{"minecraft:custom":{"minecraft:interact_with_furnace":26,"minecraft:mob_kills":18,"minecraft:interact_with_crafting_table":19,"minecraft:bell_ring":3,"minecraft:leave_game":3,"minecraft:time_since_death":37762,"minecraft:sleep_in_bed":15,"minecraft:climb_one_cm":439,"minecraft:time_since_rest":3218,"minecraft:sprint_one_cm":10831,"minecraft:damage_taken":1049,"minecraft:walk_one_cm":954511,"minecraft:damage_blocked_by_shield":175,"minecraft:drop":58,"minecraft:damage_dealt":1629,"minecraft:fly_one_cm":5550,"minecraft:open_chest":39,"minecraft:play_time":232343,"minecraft:crouch_one_cm":1766,"minecraft:sneak_time":2031,"minecraft:deaths":1,"minecraft:walk_under_water_one_cm":2204,"minecraft:boat_one_cm":49293,"minecraft:jump":1757,"minecraft:walk_on_water_one_cm":22116,"minecraft:total_world_time":232343,"minecraft:fall_one_cm":33509},"minecraft:broken":{"minecraft:stone_pickaxe":11,"minecraft:wooden_shovel":1,"minecraft:stone_shovel":2},"minecraft:crafted":{"minecraft:wooden_sword":1,"minecraft:wooden_shovel":1,"minecraft:stone_shovel":4,"minecraft:cooked_porkchop":2,"minecraft:crafting_table":2,"minecraft:wooden_pickaxe":1,"minecraft:iron_sword":2,"minecraft:birch_planks":136,"minecraft:cooked_mutton":8,"minecraft:shield":2,"minecraft:iron_axe":1,"minecraft:stick":104,"minecraft:iron_pickaxe":8,"minecraft:stone_pickaxe":15,"minecraft:wooden_axe":1,"minecraft:stone_sword":1,"minecraft:white_bed":1,"minecraft:torch":128},"minecraft:mined":{"minecraft:white_bed":4,"minecraft:dandelion":1,"minecraft:clay":1,"minecraft:grass_block":136,"minecraft:chest":2,"minecraft:tall_grass":6,"minecraft:cobblestone":20,"minecraft:spruce_leaves":3,"minecraft:sugar_cane":4,"minecraft:diorite":1,"minecraft:purple_bed":1,"minecraft:birch_log":20,"minecraft:iron_ore":1,"minecraft:birch_leaves":2,"minecraft:pumpkin":4,"minecraft:grass":13,"minecraft:coal_ore":214,"minecraft:flowering_azalea_leaves":4,"minecraft:dirt_path":28,"minecraft:gravel":98,"minecraft:dirt":245,"minecraft:red_mushroom_block":4,"minecraft:stone":1515,"minecraft:oak_leaves":4},"minecraft:killed":{"minecraft:skeleton":2,"minecraft:sheep":8,"minecraft:chicken":5,"minecraft:cow":3},"minecraft:used":{"minecraft:cooked_mutton":3,"minecraft:stone_sword":13,"minecraft:stone_shovel":363,"minecraft:stone_pickaxe":1541,"minecraft:wooden_pickaxe":35,"minecraft:shield":6,"minecraft:iron_sword":35,"minecraft:wooden_shovel":59,"minecraft:torch":45,"minecraft:dirt":279,"minecraft:crafting_table":2,"minecraft:white_bed":5,"minecraft:wooden_axe":17,"minecraft:bread":7,"minecraft:iron_pickaxe":221,"minecraft:wooden_sword":21,"minecraft:cobblestone":36,"minecraft:purple_bed":1,"minecraft:oak_sapling":2,"minecraft:cooked_porkchop":2},"minecraft:dropped":{"minecraft:gravel":21,"minecraft:stone_sword":2,"minecraft:stone_shovel":3,"minecraft:cobblestone":37,"minecraft:white_bed":1,"minecraft:dirt":1,"minecraft:wooden_axe":1,"minecraft:chest":2,"minecraft:wooden_sword":1,"minecraft:wooden_pickaxe":1,"minecraft:stone_pickaxe":5,"minecraft:white_wool":4},"minecraft:picked_up":{"minecraft:birch_log":21,"minecraft:feather":1,"minecraft:chicken":5,"minecraft:clay_ball":4,"minecraft:flint":5,"minecraft:dirt":347,"minecraft:paper":14,"minecraft:bone":3,"minecraft:stone_pickaxe":1,"minecraft:beef":9,"minecraft:sugar_cane":13,"minecraft:chest":2,"minecraft:flowering_azalea":1,"minecraft:egg":2,"minecraft:stick":1,"minecraft:raw_iron":1,"minecraft:pumpkin":4,"minecraft:torch":47,"minecraft:dandelion":1,"minecraft:gravel":79,"minecraft:diorite":1,"minecraft:white_bed":6,"minecraft:stone_shovel":1,"minecraft:stone_sword":1,"minecraft:arrow":2,"minecraft:purple_bed":1,"minecraft:oak_sapling":1,"minecraft:mutton":19,"minecraft:coal":214,"minecraft:white_wool":9,"minecraft:cobblestone":1456}},"DataVersion":3465}