{"stats":{"minecraft:broken":{"minecraft:iron_shovel":16,"minecraft:wooden_shovel":1,"minecraft:golden_shovel":1,"minecraft:stone_pickaxe":11,"minecraft:iron_sword":1,"minecraft:stone_shovel":2,"minecraft:iron_axe":5,"minecraft:iron_pickaxe":7},"minecraft:custom":{"minecraft:animals_bred":165,"minecraft:interact_with_crafting_table":124,"minecraft:bell_ring":8,"minecraft:eat_cake_slice":2,"minecraft:leave_game":11,"minecraft:time_since_death":1347891,"minecraft:sprint_one_cm":1954117,"minecraft:damage_blocked_by_shield":460,"minecraft:drop":308,"minecraft:play_noteblock":84,"minecraft:talked_to_villager":15,"minecraft:play_time":1542472,"minecraft:deaths":1,"minecraft:jump":9737,"minecraft:walk_on_water_one_cm":151242,"minecraft:enchant_item":5,"minecraft:interact_with_furnace":210,"minecraft:play_record":1,"minecraft:traded_with_villager":1,"minecraft:sleep_in_bed":94,"minecraft:damage_dealt":8991,"minecraft:crouch_one_cm":16854,"minecraft:inspect_dispenser":4,"minecraft:horse_one_cm":143637,"minecraft:mob_kills":72,"minecraft:climb_one_cm":10386,"minecraft:walk_one_cm":5602037,"minecraft:sneak_time":12995,"minecraft:walk_under_water_one_cm":56590,"minecraft:boat_one_cm":143513,"minecraft:total_world_time":1542472,"minecraft:tune_noteblock":76,"minecraft:pot_flower":8,"minecraft:time_since_rest":51961,"minecraft:damage_taken":5483,"minecraft:minecart_one_cm":21923,"minecraft:swim_one_cm":863,"minecraft:fly_one_cm":198071,"minecraft:open_chest":493,"minecraft:fall_one_cm":200616},"minecraft:crafted":{"minecraft:brick":5,"minecraft:oak_planks":944,"minecraft:melon":2,"minecraft:lightning_rod":1,"minecraft:bookshelf":40,"minecraft:cooked_mutton":12,"minecraft:cake":1,"minecraft:glass":158,"minecraft:iron_boots":1,"minecraft:chest":28,"minecraft:dried_kelp_block":20,"minecraft:flower_pot":8,"minecraft:item_frame":15,"minecraft:wooden_shovel":1,"minecraft:emerald":1,"minecraft:cooked_porkchop":5,"minecraft:map":5,"minecraft:crafting_table":4,"minecraft:spruce_planks":372,"minecraft:iron_helmet":1,"minecraft:wooden_pickaxe":1,"minecraft:baked_potato":39,"minecraft:clock":1,"minecraft:copper_ingot":41,"minecraft:birch_planks":136,"minecraft:iron_chestplate":1,"minecraft:book":78,"minecraft:paper":276,"minecraft:shield":2,"minecraft:stick":360,"minecraft:compass":11,"minecraft:iron_pickaxe":14,"minecraft:stone_sword":1,"minecraft:gold_ingot":3,"minecraft:redstone_torch":43,"minecraft:wooden_sword":1,"minecraft:cookie":8,"minecraft:redstone":54,"minecraft:stone_shovel":4,"minecraft:jukebox":1,"minecraft:scaffolding":6,"minecraft:iron_axe":8,"minecraft:iron_hoe":1,"minecraft:stone_pickaxe":15,"minecraft:cooked_beef":120,"minecraft:sugar":4,"minecraft:dried_kelp":192,"minecraft:iron_sword":5,"minecraft:bucket":3,"minecraft:wooden_axe":1,"minecraft:oak_stairs":60,"minecraft:iron_shovel":19,"minecraft:iron_leggings":1,"minecraft:white_bed":2,"minecraft:pumpkin_pie":1,"minecraft:note_block":1,"minecraft:torch":364},"minecraft:mined":{"minecraft:spruce_planks":19,"minecraft:white_bed":6,"minecraft:farmland":9,"minecraft:cobblestone_stairs":4,"minecraft:spruce_trapdoor":15,"minecraft:granite":2,"minecraft:budding_amethyst":3,"minecraft:grass_block":3090,"minecraft:oxeye_daisy":3,"minecraft:tall_seagrass":3,"minecraft:iron_ore":115,"minecraft:cobbled_deepslate":4,"minecraft:fire":23,"minecraft:pumpkin":6,"minecraft:fletching_table":2,"minecraft:deepslate_lapis_ore":11,"minecraft:azure_bluet":1,"minecraft:enchanting_table":2,"minecraft:pointed_dripstone":7,"minecraft:flowering_azalea_leaves":4,"minecraft:dirt_path":164,"minecraft:oak_stairs":131,"minecraft:small_amethyst_bud":1,"minecraft:deepslate_redstone_ore":63,"minecraft:clay":8,"minecraft:torch":11,"minecraft:note_block":1,"minecraft:calcite":31,"minecraft:poppy":6,"minecraft:melon":7,"minecraft:chest":7,"minecraft:glass":80,"minecraft:cobblestone":335,"minecraft:sugar_cane":163,"minecraft:oak_planks":137,"minecraft:wall_torch":5,"minecraft:amethyst_block":36,"minecraft:seagrass":2,"minecraft:white_terracotta":1,"minecraft:birch_log":20,"minecraft:wheat":748,"minecraft:grass":271,"minecraft:oak_log":656,"minecraft:sand":333,"minecraft:dirt":1438,"minecraft:red_mushroom_block":4,"minecraft:stonecutter":1,"minecraft:oak_leaves":422,"minecraft:deepslate":82,"minecraft:tuff":2,"minecraft:mossy_cobblestone":4,"minecraft:deepslate_diamond_ore":3,"minecraft:oak_door":2,"minecraft:spruce_fence":6,"minecraft:spruce_leaves":3,"minecraft:redstone_ore":3,"minecraft:oak_trapdoor":1,"minecraft:spruce_sapling":2,"minecraft:furnace":9,"minecraft:andesite":2,"minecraft:peony":5,"minecraft:bookshelf":14,"minecraft:potatoes":266,"minecraft:deepslate_iron_ore":110,"minecraft:rail":3,"minecraft:stripped_oak_log":4,"minecraft:bamboo":14,"minecraft:stone":2448,"minecraft:podzol":6,"minecraft:glass_pane":4,"minecraft:dandelion":8,"minecraft:oak_fence":9,"minecraft:crafting_table":1,"minecraft:cornflower":3,"minecraft:tall_grass":33,"minecraft:copper_ore":14,"minecraft:deepslate_coal_ore":1,"minecraft:lapis_ore":8,"minecraft:deepslate_gold_ore":35,"minecraft:diorite":2,"minecraft:spruce_stairs":1,"minecraft:purple_bed":1,"minecraft:spruce_log":12,"minecraft:birch_leaves":4,"minecraft:yellow_bed":3,"minecraft:coal_ore":423,"minecraft:cocoa":5,"minecraft:flower_pot":1,"minecraft:gravel":150,"minecraft:dripstone_block":10,"minecraft:cobweb":82,"minecraft:gold_ore":17},"minecraft:killed":{"minecraft:cave_spider":1,"minecraft:spider":1,"minecraft:skeleton":11,"minecraft:chicken":5,"minecraft:pig":3,"minecraft:salmon":4,"minecraft:sheep":13,"minecraft:zombie":14,"minecraft:cow":20},"minecraft:used":{"minecraft:peony":5,"minecraft:iron_shovel":4295,"minecraft:melon":2,"minecraft:chest":33,"minecraft:shield":18,"minecraft:iron_sword":385,"minecraft:glass":277,"minecraft:item_frame":25,"minecraft:scaffolding":5,"minecraft:oak_sapling":82,"minecraft:furnace":9,"minecraft:egg":11,"minecraft:potato":278,"minecraft:stone_pickaxe":1541,"minecraft:oak_planks":821,"minecraft:wooden_pickaxe":35,"minecraft:sugar_cane":27,"minecraft:cookie":4,"minecraft:note_block":2,"minecraft:lightning_rod":1,"minecraft:bread":13,"minecraft:wooden_sword":21,"minecraft:poisonous_potato":2,"minecraft:oak_boat":1,"minecraft:oak_fence":8,"minecraft:enchanting_table":2,"minecraft:stone_sword":13,"minecraft:stone_shovel":363,"minecraft:spruce_planks":8,"minecraft:wooden_shovel":59,"minecraft:stone_hoe":17,"minecraft:cooked_chicken":3,"minecraft:torch":359,"minecraft:dirt":2290,"minecraft:golden_shovel":33,"minecraft:wooden_axe":17,"minecraft:bookshelf":40,"minecraft:iron_axe":1286,"minecraft:oak_stairs":172,"minecraft:bamboo":19,"minecraft:minecart":1,"minecraft:cooked_beef":46,"minecraft:cobbled_deepslate":17,"minecraft:pumpkin":1,"minecraft:iron_leggings":1,"minecraft:wheat_seeds":716,"minecraft:cooked_mutton":7,"minecraft:birch_planks":10,"minecraft:baked_potato":3,"minecraft:music_disc_cat":1,"minecraft:rail":1,"minecraft:crafting_table":5,"minecraft:white_bed":8,"minecraft:cake":1,"minecraft:oak_log":402,"minecraft:flower_pot":9,"minecraft:diamond_pickaxe":148,"minecraft:cornflower":3,"minecraft:diamond_shovel":355,"minecraft:iron_pickaxe":2238,"minecraft:map":5,"minecraft:spruce_sapling":50,"minecraft:purple_bed":1,"minecraft:cobblestone":364,"minecraft:cooked_porkchop":27,"minecraft:yellow_bed":3,"minecraft:dandelion":14,"minecraft:jukebox":1},"minecraft:dropped":{"minecraft:iron_sword":4,"minecraft:birch_planks":1,"minecraft:cooked_beef":43,"minecraft:oak_log":38,"minecraft:cooked_porkchop":1,"minecraft:cookie":4,"minecraft:rail":3,"minecraft:item_frame":1,"minecraft:flint":7,"minecraft:emerald":1,"minecraft:dirt":291,"minecraft:dispenser":1,"minecraft:pumpkin_pie":2,"minecraft:wooden_sword":1,"minecraft:iron_pickaxe":3,"minecraft:white_wool":14,"minecraft:bone":42,"minecraft:gravel":68,"minecraft:sugar_cane":26,"minecraft:detector_rail":1,"minecraft:wheat":3,"minecraft:pointed_dripstone":2,"minecraft:rotten_flesh":2,"minecraft:white_bed":1,"minecraft:poppy":6,"minecraft:chest":2,"minecraft:glass":2,"minecraft:egg":1,"minecraft:stone_hoe":1,"minecraft:water_bucket":2,"minecraft:iron_ingot":3,"minecraft:wheat_seeds":318,"minecraft:golden_horse_armor":1,"minecraft:minecart":1,"minecraft:dripstone_block":4,"minecraft:poisonous_potato":1,"minecraft:oak_fence":13,"minecraft:cobblestone":218,"minecraft:granite":2,"minecraft:activator_rail":2,"minecraft:oxeye_daisy":4,"minecraft:iron_block":49,"minecraft:torch":163,"minecraft:wooden_axe":1,"minecraft:oak_stairs":2,"minecraft:iron_axe":1,"minecraft:iron_shovel":4,"minecraft:dandelion":2,"minecraft:kelp":64,"minecraft:oak_trapdoor":4,"minecraft:stone_sword":2,"minecraft:tuff":2,"minecraft:composter":2,"minecraft:stone_shovel":3,"minecraft:iron_hoe":1,"minecraft:filled_map":1,"minecraft:potato":200,"minecraft:flower_pot":1,"minecraft:oak_button":1,"minecraft:spruce_trapdoor":13,"minecraft:diamond_pickaxe":1,"minecraft:andesite":1,"minecraft:yellow_bed":1,"minecraft:oak_sapling":2,"minecraft:oak_boat":1,"minecraft:redstone_torch":44,"minecraft:stone_pickaxe":5,"minecraft:wooden_pickaxe":1},"minecraft:picked_up":{"minecraft:iron_chestplate":1,"minecraft:wheat":684,"minecraft:flower_pot":2,"minecraft:diamond_sword":1,"minecraft:oak_stairs":125,"minecraft:amethyst_block":36,"minecraft:string":44,"minecraft:raw_copper":45,"minecraft:iron_leggings":1,"minecraft:diamond_leggings":1,"minecraft:cobbled_deepslate":78,"minecraft:spruce_planks":15,"minecraft:calcite":27,"minecraft:iron_pickaxe":1,"minecraft:melon_slice":43,"minecraft:furnace":9,"minecraft:iron_boots":1,"minecraft:golden_helmet":1,"minecraft:stick":47,"minecraft:oak_fence":20,"minecraft:torch":356,"minecraft:porkchop":6,"minecraft:dried_kelp":6,"minecraft:pointed_dripstone":30,"minecraft:diorite":1,"minecraft:stone_sword":1,"minecraft:rotten_flesh":9,"minecraft:iron_block":49,"minecraft:white_terracotta":1,"minecraft:cobblestone":2214,"minecraft:enchanting_table":2,"minecraft:birch_log":21,"minecraft:feather":1,"minecraft:cooked_beef":34,"minecraft:andesite":2,"minecraft:potato":956,"minecraft:flint":13,"minecraft:tuff":2,"minecraft:lapis_lazuli":171,"minecraft:dirt":3782,"minecraft:bone":14,"minecraft:stonecutter":1,"minecraft:wheat_seeds":2006,"minecraft:raw_gold":52,"minecraft:diamond_helmet":1,"minecraft:bamboo":149,"minecraft:stone_hoe":1,"minecraft:oak_planks":131,"minecraft:poisonous_potato":8,"minecraft:sand":323,"minecraft:mossy_cobblestone":4,"minecraft:diamond":4,"minecraft:granite":3,"minecraft:oak_sapling":83,"minecraft:diamond_pickaxe":2,"minecraft:cocoa_beans":12,"minecraft:crafting_table":1,"minecraft:chicken":5,"minecraft:clay_ball":32,"minecraft:shield":2,"minecraft:cornflower":5,"minecraft:item_frame":10,"minecraft:iron_shovel":2,"minecraft:detector_rail":1,"minecraft:beef":49,"minecraft:poppy":9,"minecraft:minecart":19,"minecraft:sugar_cane":321,"minecraft:chest":7,"minecraft:spruce_trapdoor":13,"minecraft:egg":14,"minecraft:raw_iron":221,"minecraft:oak_door":2,"minecraft:note_block":1,"minecraft:redstone":282,"minecraft:stone_shovel":1,"minecraft:arrow":22,"minecraft:diamond_chestplate":1,"minecraft:pumpkin_pie":1,"minecraft:peony":5,"minecraft:diamond_boots":1,"minecraft:hay_block":1,"minecraft:mutton":27,"minecraft:white_wool":20,"minecraft:rail":4,"minecraft:oxeye_daisy":5,"minecraft:stripped_oak_log":4,"minecraft:salmon":3,"minecraft:leather":23,"minecraft:filled_map":9,"minecraft:oak_log":688,"minecraft:yellow_bed":4,"minecraft:cobblestone_stairs":4,"minecraft:paper":14,"minecraft:apple":14,"minecraft:kelp":65,"minecraft:iron_ingot":3,"minecraft:stone_pickaxe":1,"minecraft:iron_sword":2,"minecraft:flowering_azalea":1,"minecraft:book":42,"minecraft:pumpkin":6,"minecraft:dandelion":19,"minecraft:dripstone_block":16,"minecraft:gravel":130,"minecraft:spruce_sapling":15,"minecraft:white_bed":8,"minecraft:diamond_shovel":1,"minecraft:purple_bed":1,"minecraft:iron_helmet":1,"minecraft:diamond_axe":1,"minecraft:coal":440}},"DataVersion":3465}