{"stats":{"minecraft:killed":{"minecraft:sheep":5,"minecraft:chicken":3,"minecraft:cow":1},"minecraft:dropped":{"minecraft:stone_sword":1,"minecraft:chest":2,"minecraft:cobblestone":37,"minecraft:white_bed":1,"minecraft:white_wool":4,"minecraft:dirt":1},"minecraft:mined":{"minecraft:purple_bed":1,"minecraft:white_bed":2,"minecraft:birch_log":13,"minecraft:birch_leaves":1,"minecraft:pumpkin":4,"minecraft:grass_block":35,"minecraft:coal_ore":16,"minecraft:dirt_path":10,"minecraft:flowering_azalea_leaves":4,"minecraft:chest":2,"minecraft:gravel":1,"minecraft:dirt":77,"minecraft:spruce_leaves":3,"minecraft:red_mushroom_block":4,"minecraft:stone":469,"minecraft:sugar_cane":4,"minecraft:oak_leaves":3},"minecraft:broken":{"minecraft:stone_pickaxe":3,"minecraft:wooden_shovel":1},"minecraft:custom":{"minecraft:time_since_rest":1899,"minecraft:interact_with_furnace":21,"minecraft:sprint_one_cm":1761,"minecraft:damage_taken":418,"minecraft:walk_one_cm":395050,"minecraft:mob_kills":9,"minecraft:drop":45,"minecraft:damage_dealt":778,"minecraft:interact_with_crafting_table":8,"minecraft:fly_one_cm":2143,"minecraft:open_chest":10,"minecraft:crouch_one_cm":284,"minecraft:play_time":89418,"minecraft:sneak_time":459,"minecraft:walk_under_water_one_cm":920,"minecraft:boat_one_cm":49293,"minecraft:jump":862,"minecraft:climb_one_cm":439,"minecraft:time_since_death":89418,"minecraft:walk_on_water_one_cm":14630,"minecraft:sleep_in_bed":7,"minecraft:total_world_time":89418,"minecraft:fall_one_cm":17599},"minecraft:used":{"minecraft:cooked_mutton":2,"minecraft:wooden_axe":17,"minecraft:stone_sword":13,"minecraft:bread":3,"minecraft:stone_pickaxe":486,"minecraft:wooden_pickaxe":35,"minecraft:wooden_shovel":59,"minecraft:dirt":59,"minecraft:wooden_sword":21,"minecraft:crafting_table":1,"minecraft:purple_bed":1,"minecraft:cooked_porkchop":1,"minecraft:white_bed":3},"minecraft:crafted":{"minecraft:wooden_sword":1,"minecraft:wooden_shovel":1,"minecraft:stone_shovel":4,"minecraft:cooked_porkchop":2,"minecraft:crafting_table":1,"minecraft:stick":84,"minecraft:wooden_pickaxe":1,"minecraft:stone_pickaxe":10,"minecraft:wooden_axe":1,"minecraft:stone_sword":1,"minecraft:torch":20,"minecraft:birch_planks":56,"minecraft:cooked_mutton":3},"minecraft:picked_up":{"minecraft:birch_log":14,"minecraft:stick":1,"minecraft:chicken":3,"minecraft:pumpkin":4,"minecraft:white_bed":4,"minecraft:paper":14,"minecraft:dirt":82,"minecraft:stone_sword":1,"minecraft:purple_bed":1,"minecraft:beef":3,"minecraft:chest":2,"minecraft:oak_sapling":1,"minecraft:sugar_cane":13,"minecraft:flowering_azalea":1,"minecraft:mutton":14,"minecraft:coal":16,"minecraft:white_wool":6,"minecraft:cobblestone":457}},"DataVersion":3465}