{"stats":{"minecraft:broken":{"minecraft:iron_shovel":15,"minecraft:wooden_shovel":1,"minecraft:stone_pickaxe":11,"minecraft:iron_sword":1,"minecraft:stone_shovel":2,"minecraft:iron_axe":3,"minecraft:iron_pickaxe":5},"minecraft:custom":{"minecraft:animals_bred":113,"minecraft:interact_with_crafting_table":89,"minecraft:bell_ring":8,"minecraft:eat_cake_slice":2,"minecraft:leave_game":9,"minecraft:time_since_death":978438,"minecraft:sprint_one_cm":912270,"minecraft:damage_blocked_by_shield":460,"minecraft:drop":264,"minecraft:play_noteblock":84,"minecraft:talked_to_villager":12,"minecraft:play_time":1173019,"minecraft:deaths":1,"minecraft:jump":8208,"minecraft:walk_on_water_one_cm":113909,"minecraft:enchant_item":5,"minecraft:interact_with_furnace":157,"minecraft:play_record":1,"minecraft:sleep_in_bed":71,"minecraft:damage_dealt":8462,"minecraft:crouch_one_cm":15200,"minecraft:horse_one_cm":143637,"minecraft:mob_kills":70,"minecraft:climb_one_cm":6422,"minecraft:walk_one_cm":4465312,"minecraft:sneak_time":11558,"minecraft:walk_under_water_one_cm":42529,"minecraft:boat_one_cm":143513,"minecraft:total_world_time":1173019,"minecraft:tune_noteblock":76,"minecraft:time_since_rest":3799,"minecraft:damage_taken":4550,"minecraft:swim_one_cm":863,"minecraft:fly_one_cm":121559,"minecraft:open_chest":346,"minecraft:fall_one_cm":164294},"minecraft:crafted":{"minecraft:oak_planks":644,"minecraft:melon":1,"minecraft:bookshelf":40,"minecraft:cooked_mutton":12,"minecraft:cake":1,"minecraft:glass":33,"minecraft:iron_boots":1,"minecraft:chest":28,"minecraft:dried_kelp_block":10,"minecraft:item_frame":6,"minecraft:wooden_shovel":1,"minecraft:cooked_porkchop":5,"minecraft:crafting_table":4,"minecraft:spruce_planks":308,"minecraft:baked_potato":39,"minecraft:wooden_pickaxe":1,"minecraft:iron_helmet":1,"minecraft:birch_planks":136,"minecraft:book":78,"minecraft:iron_chestplate":1,"minecraft:paper":243,"minecraft:shield":2,"minecraft:stick":176,"minecraft:iron_pickaxe":12,"minecraft:stone_sword":1,"minecraft:gold_ingot":3,"minecraft:wooden_sword":1,"minecraft:cookie":8,"minecraft:stone_shovel":4,"minecraft:jukebox":1,"minecraft:iron_axe":6,"minecraft:iron_hoe":1,"minecraft:stone_pickaxe":15,"minecraft:cooked_beef":104,"minecraft:sugar":4,"minecraft:dried_kelp":85,"minecraft:iron_sword":3,"minecraft:bucket":3,"minecraft:wooden_axe":1,"minecraft:oak_stairs":60,"minecraft:iron_shovel":19,"minecraft:iron_leggings":1,"minecraft:white_bed":1,"minecraft:pumpkin_pie":1,"minecraft:note_block":1,"minecraft:torch":260},"minecraft:mined":{"minecraft:spruce_planks":11,"minecraft:white_bed":5,"minecraft:cobblestone_stairs":4,"minecraft:spruce_trapdoor":15,"minecraft:granite":2,"minecraft:budding_amethyst":3,"minecraft:grass_block":2694,"minecraft:oxeye_daisy":2,"minecraft:tall_seagrass":3,"minecraft:fire":23,"minecraft:iron_ore":115,"minecraft:cobbled_deepslate":4,"minecraft:pumpkin":5,"minecraft:fletching_table":2,"minecraft:deepslate_lapis_ore":11,"minecraft:enchanting_table":2,"minecraft:pointed_dripstone":7,"minecraft:flowering_azalea_leaves":4,"minecraft:dirt_path":164,"minecraft:oak_stairs":115,"minecraft:small_amethyst_bud":1,"minecraft:deepslate_redstone_ore":63,"minecraft:clay":1,"minecraft:torch":2,"minecraft:note_block":1,"minecraft:calcite":31,"minecraft:melon":6,"minecraft:chest":7,"minecraft:glass":65,"minecraft:cobblestone":110,"minecraft:sugar_cane":163,"minecraft:oak_planks":79,"minecraft:wall_torch":5,"minecraft:amethyst_block":36,"minecraft:seagrass":2,"minecraft:white_terracotta":1,"minecraft:birch_log":20,"minecraft:wheat":471,"minecraft:grass":231,"minecraft:oak_log":451,"minecraft:sand":183,"minecraft:dirt":1394,"minecraft:red_mushroom_block":4,"minecraft:stonecutter":1,"minecraft:oak_leaves":305,"minecraft:deepslate":82,"minecraft:tuff":2,"minecraft:mossy_cobblestone":4,"minecraft:deepslate_diamond_ore":3,"minecraft:oak_door":2,"minecraft:spruce_fence":6,"minecraft:spruce_leaves":3,"minecraft:redstone_ore":3,"minecraft:oak_trapdoor":1,"minecraft:furnace":9,"minecraft:andesite":2,"minecraft:peony":4,"minecraft:bookshelf":14,"minecraft:potatoes":186,"minecraft:deepslate_iron_ore":110,"minecraft:rail":2,"minecraft:stripped_oak_log":3,"minecraft:bamboo":2,"minecraft:stone":2098,"minecraft:glass_pane":4,"minecraft:dandelion":4,"minecraft:oak_fence":9,"minecraft:crafting_table":1,"minecraft:cornflower":1,"minecraft:tall_grass":29,"minecraft:copper_ore":1,"minecraft:deepslate_coal_ore":1,"minecraft:lapis_ore":8,"minecraft:deepslate_gold_ore":35,"minecraft:diorite":2,"minecraft:spruce_stairs":1,"minecraft:purple_bed":1,"minecraft:spruce_log":12,"minecraft:birch_leaves":4,"minecraft:yellow_bed":3,"minecraft:coal_ore":333,"minecraft:cocoa":5,"minecraft:gravel":144,"minecraft:dripstone_block":10,"minecraft:cobweb":82,"minecraft:gold_ore":17},"minecraft:killed":{"minecraft:cave_spider":1,"minecraft:spider":1,"minecraft:skeleton":11,"minecraft:chicken":5,"minecraft:pig":3,"minecraft:salmon":4,"minecraft:sheep":13,"minecraft:zombie":12,"minecraft:cow":20},"minecraft:used":{"minecraft:iron_shovel":4093,"minecraft:melon":1,"minecraft:chest":33,"minecraft:shield":18,"minecraft:iron_sword":358,"minecraft:glass":144,"minecraft:item_frame":10,"minecraft:furnace":9,"minecraft:oak_sapling":44,"minecraft:egg":6,"minecraft:potato":198,"minecraft:stone_pickaxe":1541,"minecraft:oak_planks":525,"minecraft:wooden_pickaxe":35,"minecraft:sugar_cane":27,"minecraft:cookie":4,"minecraft:note_block":2,"minecraft:bread":13,"minecraft:wooden_sword":21,"minecraft:poisonous_potato":2,"minecraft:oak_boat":1,"minecraft:oak_fence":8,"minecraft:enchanting_table":2,"minecraft:stone_sword":13,"minecraft:stone_shovel":363,"minecraft:wooden_shovel":59,"minecraft:stone_hoe":17,"minecraft:cooked_chicken":3,"minecraft:torch":299,"minecraft:dirt":1021,"minecraft:wooden_axe":17,"minecraft:bookshelf":40,"minecraft:iron_axe":909,"minecraft:oak_stairs":152,"minecraft:cooked_beef":19,"minecraft:cobbled_deepslate":17,"minecraft:iron_leggings":1,"minecraft:wheat_seeds":476,"minecraft:cooked_mutton":7,"minecraft:birch_planks":10,"minecraft:baked_potato":3,"minecraft:music_disc_cat":1,"minecraft:crafting_table":5,"minecraft:white_bed":6,"minecraft:cake":1,"minecraft:oak_log":271,"minecraft:diamond_pickaxe":2,"minecraft:cornflower":3,"minecraft:iron_pickaxe":1701,"minecraft:cobblestone":348,"minecraft:purple_bed":1,"minecraft:cooked_porkchop":27,"minecraft:yellow_bed":3,"minecraft:dandelion":5,"minecraft:jukebox":1},"minecraft:dropped":{"minecraft:iron_sword":1,"minecraft:birch_planks":1,"minecraft:cooked_beef":32,"minecraft:oak_log":38,"minecraft:cooked_porkchop":1,"minecraft:cookie":4,"minecraft:rail":3,"minecraft:flint":7,"minecraft:dirt":290,"minecraft:dispenser":1,"minecraft:pumpkin_pie":2,"minecraft:wooden_sword":1,"minecraft:iron_pickaxe":1,"minecraft:white_wool":14,"minecraft:bone":41,"minecraft:gravel":63,"minecraft:sugar_cane":26,"minecraft:detector_rail":1,"minecraft:wheat":2,"minecraft:pointed_dripstone":2,"minecraft:rotten_flesh":1,"minecraft:white_bed":1,"minecraft:poppy":1,"minecraft:chest":2,"minecraft:glass":2,"minecraft:egg":1,"minecraft:iron_ingot":3,"minecraft:water_bucket":2,"minecraft:wheat_seeds":1,"minecraft:golden_horse_armor":1,"minecraft:minecart":1,"minecraft:dripstone_block":4,"minecraft:poisonous_potato":1,"minecraft:oak_fence":13,"minecraft:cobblestone":215,"minecraft:granite":2,"minecraft:activator_rail":2,"minecraft:oxeye_daisy":1,"minecraft:iron_block":49,"minecraft:torch":120,"minecraft:wooden_axe":1,"minecraft:oak_stairs":2,"minecraft:iron_shovel":1,"minecraft:kelp":64,"minecraft:oak_trapdoor":4,"minecraft:stone_sword":2,"minecraft:tuff":2,"minecraft:composter":2,"minecraft:stone_shovel":3,"minecraft:iron_hoe":1,"minecraft:potato":200,"minecraft:oak_button":1,"minecraft:spruce_trapdoor":13,"minecraft:diamond_pickaxe":1,"minecraft:andesite":1,"minecraft:yellow_bed":1,"minecraft:oak_boat":1,"minecraft:redstone_torch":1,"minecraft:stone_pickaxe":5,"minecraft:wooden_pickaxe":1},"minecraft:picked_up":{"minecraft:iron_chestplate":1,"minecraft:wheat":416,"minecraft:oak_stairs":109,"minecraft:amethyst_block":36,"minecraft:string":44,"minecraft:raw_copper":4,"minecraft:iron_leggings":1,"minecraft:cobbled_deepslate":78,"minecraft:spruce_planks":9,"minecraft:calcite":27,"minecraft:iron_pickaxe":1,"minecraft:melon_slice":36,"minecraft:furnace":9,"minecraft:iron_boots":1,"minecraft:stick":33,"minecraft:oak_fence":18,"minecraft:torch":342,"minecraft:porkchop":6,"minecraft:dried_kelp":6,"minecraft:pointed_dripstone":30,"minecraft:diorite":1,"minecraft:stone_sword":1,"minecraft:rotten_flesh":7,"minecraft:iron_block":49,"minecraft:white_terracotta":1,"minecraft:cobblestone":1865,"minecraft:birch_log":21,"minecraft:enchanting_table":2,"minecraft:feather":1,"minecraft:cooked_beef":32,"minecraft:andesite":2,"minecraft:potato":668,"minecraft:flint":12,"minecraft:tuff":2,"minecraft:dirt":3354,"minecraft:lapis_lazuli":171,"minecraft:bone":14,"minecraft:stonecutter":1,"minecraft:wheat_seeds":1273,"minecraft:raw_gold":52,"minecraft:bamboo":19,"minecraft:stone_hoe":1,"minecraft:oak_planks":75,"minecraft:poisonous_potato":8,"minecraft:sand":175,"minecraft:mossy_cobblestone":4,"minecraft:diamond":4,"minecraft:granite":3,"minecraft:oak_sapling":46,"minecraft:diamond_pickaxe":1,"minecraft:cocoa_beans":12,"minecraft:crafting_table":1,"minecraft:chicken":5,"minecraft:clay_ball":4,"minecraft:cornflower":3,"minecraft:item_frame":3,"minecraft:iron_shovel":1,"minecraft:detector_rail":1,"minecraft:beef":49,"minecraft:poppy":1,"minecraft:sugar_cane":315,"minecraft:chest":7,"minecraft:spruce_trapdoor":13,"minecraft:egg":9,"minecraft:raw_iron":221,"minecraft:oak_door":2,"minecraft:note_block":1,"minecraft:redstone":282,"minecraft:arrow":22,"minecraft:stone_shovel":1,"minecraft:pumpkin_pie":1,"minecraft:peony":4,"minecraft:hay_block":1,"minecraft:mutton":27,"minecraft:white_wool":19,"minecraft:rail":3,"minecraft:oxeye_daisy":4,"minecraft:stripped_oak_log":3,"minecraft:salmon":3,"minecraft:leather":23,"minecraft:oak_log":483,"minecraft:yellow_bed":4,"minecraft:cobblestone_stairs":4,"minecraft:paper":14,"minecraft:apple":8,"minecraft:kelp":64,"minecraft:iron_ingot":3,"minecraft:stone_pickaxe":1,"minecraft:iron_sword":2,"minecraft:flowering_azalea":1,"minecraft:book":42,"minecraft:pumpkin":5,"minecraft:dandelion":14,"minecraft:dripstone_block":16,"minecraft:gravel":125,"minecraft:white_bed":7,"minecraft:purple_bed":1,"minecraft:iron_helmet":1,"minecraft:coal":324}},"DataVersion":3465}