{"stats":{"minecraft:mined":{"minecraft:twisting_vines_plant":1,"minecraft:cherry_log":10,"minecraft:spruce_trapdoor":2,"minecraft:torch":3,"minecraft:grass_block":2,"minecraft:cobblestone":2,"minecraft:spruce_leaves":49,"create:mechanical_saw":8,"minecraft:nether_wart_block":3,"minecraft:wheat":162,"minecraft:fire":7,"minecraft:lava_cauldron":1,"minecraft:spruce_log":502,"minecraft:stripped_spruce_log":2,"minecraft:rail":20,"create:hand_crank":3,"minecraft:cherry_leaves":16,"minecraft:dirt":1,"minecraft:netherrack":59},"minecraft:custom":{"minecraft:mob_kills":23,"minecraft:animals_bred":1,"minecraft:traded_with_villager":217,"minecraft:interact_with_crafting_table":12,"minecraft:bell_ring":5,"minecraft:leave_game":3,"minecraft:time_since_death":7613,"minecraft:sleep_in_bed":13,"minecraft:climb_one_cm":2251,"minecraft:time_since_rest":7688,"minecraft:sprint_one_cm":413910,"minecraft:damage_taken":1328,"minecraft:walk_one_cm":1127596,"minecraft:drop":6,"minecraft:damage_dealt":8121,"minecraft:talked_to_villager":137,"minecraft:fly_one_cm":382089,"minecraft:open_chest":85,"minecraft:crouch_one_cm":3656,"minecraft:play_time":330291,"minecraft:deaths":1,"minecraft:sneak_time":3314,"minecraft:walk_under_water_one_cm":4811,"minecraft:boat_one_cm":150697,"minecraft:jump":1518,"minecraft:interact_with_blast_furnace":1,"minecraft:walk_on_water_one_cm":17336,"minecraft:interact_with_smoker":1,"minecraft:total_world_time":330291,"minecraft:fall_one_cm":36825,"minecraft:horse_one_cm":24593},"minecraft:picked_up":{"minecraft:wheat":102,"minecraft:cooked_beef":46,"minecraft:leather":12,"minecraft:diamond_sword":1,"minecraft:smoker":1,"minecraft:enchanted_book":4,"minecraft:shield":2,"minecraft:nether_wart_block":3,"minecraft:amethyst_block":36,"minecraft:wooden_hoe":1,"minecraft:dirt":79,"minecraft:twisting_vines":4,"minecraft:item_frame":1,"minecraft:diamond_leggings":2,"minecraft:wheat_seeds":285,"minecraft:iron_ingot":7,"minecraft:calcite":27,"minecraft:diamond_helmet":1,"minecraft:minecart":3,"minecraft:lectern":1,"minecraft:iron_sword":2,"minecraft:spruce_trapdoor":2,"create:mechanical_saw":10,"minecraft:golden_helmet":2,"minecraft:stick":570,"minecraft:torch":1,"minecraft:quartz":3,"minecraft:porkchop":3,"minecraft:stripped_spruce_log":2,"minecraft:cherry_log":10,"minecraft:spruce_sapling":246,"create:hand_crank":11,"minecraft:spruce_log":1302,"minecraft:cauldron":1,"minecraft:diamond_chestplate":2,"minecraft:diamond":6,"minecraft:spruce_boat":6,"minecraft:diamond_boots":2,"minecraft:crossbow":1,"minecraft:iron_block":37,"minecraft:diamond_axe":2,"minecraft:cherry_sapling":7,"minecraft:golden_apple":1,"minecraft:emerald":65,"minecraft:blaze_rod":4,"minecraft:netherrack":24,"minecraft:rail":23,"minecraft:cobblestone":2,"minecraft:diamond_pickaxe":2},"minecraft:used":{"minecraft:wheat_seeds":1,"minecraft:cherry_sapling":7,"minecraft:netherite_sword":155,"minecraft:cow_spawn_egg":1,"minecraft:oak_planks":243,"minecraft:chest":3,"minecraft:cauldron":1,"minecraft:sheep_spawn_egg":2,"minecraft:diamond_axe":575,"minecraft:horse_spawn_egg":17,"create:mechanical_saw":8,"minecraft:netherrack":4,"minecraft:torch":1,"minecraft:dirt":24,"minecraft:rail":18,"minecraft:twisting_vines":4,"minecraft:spruce_log":32,"minecraft:spruce_boat":6,"minecraft:shroomlight":2,"minecraft:oak_log":20,"minecraft:wooden_hoe":1,"minecraft:diamond_pickaxe":77,"minecraft:oak_stairs":32,"minecraft:lectern":71,"minecraft:spruce_trapdoor":2,"minecraft:spruce_sapling":84,"minecraft:item_frame":13,"minecraft:cobblestone":2,"minecraft:diamond_sword":29,"minecraft:minecart":4,"create:hand_crank":9,"minecraft:cooked_beef":18},"minecraft:killed":{"minecraft:horse":18,"minecraft:blaze":5},"minecraft:killed_by":{"minecraft:creeper":1},"minecraft:dropped":{"minecraft:blaze_rod":4,"minecraft:diamond_pickaxe":1,"create:iron_sheet":3,"minecraft:lectern":1},"minecraft:crafted":{"minecraft:cherry_planks":4,"minecraft:crossbow":1,"minecraft:diamond_sword":1,"minecraft:emerald":213,"minecraft:spruce_planks":3456,"minecraft:wooden_hoe":1,"minecraft:diamond_pickaxe":2,"minecraft:stick":6824,"minecraft:iron_ingot":9,"minecraft:spruce_boat":2,"minecraft:minecart":1}},"DataVersion":3465}