{"stats":{"minecraft:killed":{"minecraft:sheep":5,"minecraft:chicken":3,"minecraft:cow":1},"minecraft:dropped":{"minecraft:stone_sword":1,"minecraft:cobblestone":37,"minecraft:white_bed":1,"minecraft:dirt":1,"minecraft:chest":2,"minecraft:white_wool":4},"minecraft:mined":{"minecraft:white_bed":2,"minecraft:grass_block":81,"minecraft:chest":2,"minecraft:spruce_leaves":3,"minecraft:sugar_cane":4,"minecraft:purple_bed":1,"minecraft:birch_log":13,"minecraft:birch_leaves":1,"minecraft:pumpkin":4,"minecraft:coal_ore":84,"minecraft:flowering_azalea_leaves":4,"minecraft:dirt_path":26,"minecraft:dirt":148,"minecraft:gravel":63,"minecraft:red_mushroom_block":4,"minecraft:stone":929,"minecraft:oak_leaves":4},"minecraft:broken":{"minecraft:stone_pickaxe":7,"minecraft:wooden_shovel":1,"minecraft:stone_shovel":1},"minecraft:custom":{"minecraft:interact_with_furnace":21,"minecraft:mob_kills":9,"minecraft:interact_with_crafting_table":8,"minecraft:time_since_death":125418,"minecraft:sleep_in_bed":9,"minecraft:climb_one_cm":439,"minecraft:time_since_rest":10678,"minecraft:sprint_one_cm":2083,"minecraft:damage_taken":588,"minecraft:walk_one_cm":459521,"minecraft:drop":45,"minecraft:damage_dealt":778,"minecraft:fly_one_cm":2303,"minecraft:open_chest":10,"minecraft:crouch_one_cm":284,"minecraft:play_time":125418,"minecraft:sneak_time":459,"minecraft:walk_under_water_one_cm":920,"minecraft:boat_one_cm":49293,"minecraft:jump":1034,"minecraft:walk_on_water_one_cm":15353,"minecraft:total_world_time":125418,"minecraft:fall_one_cm":22001},"minecraft:used":{"minecraft:cooked_mutton":2,"minecraft:stone_sword":13,"minecraft:stone_shovel":178,"minecraft:stone_pickaxe":1024,"minecraft:wooden_pickaxe":35,"minecraft:wooden_shovel":59,"minecraft:torch":13,"minecraft:dirt":171,"minecraft:crafting_table":1,"minecraft:white_bed":3,"minecraft:wooden_axe":17,"minecraft:bread":5,"minecraft:wooden_sword":21,"minecraft:cobblestone":21,"minecraft:purple_bed":1,"minecraft:cooked_porkchop":1},"minecraft:crafted":{"minecraft:wooden_sword":1,"minecraft:wooden_shovel":1,"minecraft:stone_shovel":4,"minecraft:cooked_porkchop":2,"minecraft:crafting_table":1,"minecraft:wooden_pickaxe":1,"minecraft:birch_planks":56,"minecraft:cooked_mutton":3,"minecraft:stick":84,"minecraft:stone_pickaxe":10,"minecraft:wooden_axe":1,"minecraft:stone_sword":1,"minecraft:torch":20},"minecraft:picked_up":{"minecraft:birch_log":14,"minecraft:chicken":3,"minecraft:flint":2,"minecraft:dirt":198,"minecraft:paper":14,"minecraft:beef":3,"minecraft:sugar_cane":13,"minecraft:chest":2,"minecraft:flowering_azalea":1,"minecraft:stick":1,"minecraft:pumpkin":4,"minecraft:torch":1,"minecraft:gravel":27,"minecraft:white_bed":4,"minecraft:stone_sword":1,"minecraft:purple_bed":1,"minecraft:oak_sapling":1,"minecraft:mutton":14,"minecraft:coal":84,"minecraft:white_wool":6,"minecraft:cobblestone":873}},"DataVersion":3465}