{"stats":{"minecraft:used":{"minecraft:shroomlight":2,"minecraft:oak_log":20,"minecraft:netherite_sword":155,"minecraft:cow_spawn_egg":1,"minecraft:oak_stairs":32,"minecraft:oak_planks":243,"minecraft:lectern":71,"minecraft:chest":2,"minecraft:spruce_sapling":36,"minecraft:diamond_axe":476,"minecraft:sheep_spawn_egg":2,"minecraft:horse_spawn_egg":17,"minecraft:item_frame":13,"minecraft:cooked_beef":4},"minecraft:custom":{"minecraft:time_since_rest":4088,"minecraft:walk_one_cm":305635,"minecraft:sprint_one_cm":112292,"minecraft:damage_taken":180,"minecraft:mob_kills":18,"minecraft:drop":1,"minecraft:damage_dealt":7240,"minecraft:traded_with_villager":56,"minecraft:interact_with_crafting_table":2,"minecraft:talked_to_villager":75,"minecraft:fly_one_cm":355985,"minecraft:open_chest":58,"minecraft:crouch_one_cm":1669,"minecraft:play_time":148223,"minecraft:sneak_time":2390,"minecraft:walk_under_water_one_cm":1023,"minecraft:jump":301,"minecraft:leave_game":1,"minecraft:time_since_death":148223,"minecraft:walk_on_water_one_cm":5066,"minecraft:sleep_in_bed":4,"minecraft:climb_one_cm":919,"minecraft:total_world_time":148223,"minecraft:fall_one_cm":8006,"minecraft:horse_one_cm":24593},"minecraft:crafted":{"minecraft:emerald":56,"minecraft:spruce_planks":1684,"minecraft:stick":2152},"minecraft:dropped":{"minecraft:lectern":1},"minecraft:killed":{"minecraft:horse":18},"minecraft:mined":{"minecraft:spruce_log":449,"minecraft:stripped_spruce_log":1,"minecraft:spruce_leaves":32},"minecraft:picked_up":{"minecraft:stick":44,"minecraft:cooked_beef":32,"minecraft:leather":12,"minecraft:enchanted_book":4,"minecraft:stripped_spruce_log":1,"minecraft:spruce_sapling":75,"minecraft:spruce_log":450,"minecraft:amethyst_block":36,"minecraft:item_frame":1,"minecraft:diamond":6,"minecraft:diamond_axe":1,"minecraft:golden_apple":1,"minecraft:calcite":27,"minecraft:lectern":1,"minecraft:diamond_pickaxe":1}},"DataVersion":3465}