{"stats":{"minecraft:used":{"minecraft:shroomlight":2,"minecraft:oak_log":20,"minecraft:netherite_sword":155,"minecraft:diamond_pickaxe":59,"minecraft:cow_spawn_egg":1,"minecraft:oak_stairs":32,"minecraft:oak_planks":243,"minecraft:lectern":71,"minecraft:chest":3,"minecraft:spruce_sapling":36,"minecraft:diamond_axe":476,"minecraft:sheep_spawn_egg":2,"minecraft:horse_spawn_egg":17,"minecraft:netherrack":4,"minecraft:item_frame":13,"minecraft:diamond_sword":27,"minecraft:cooked_beef":8},"minecraft:custom":{"minecraft:time_since_rest":44454,"minecraft:walk_one_cm":576941,"minecraft:sprint_one_cm":167920,"minecraft:damage_taken":635,"minecraft:mob_kills":23,"minecraft:drop":1,"minecraft:damage_dealt":8043,"minecraft:traded_with_villager":106,"minecraft:interact_with_crafting_table":4,"minecraft:talked_to_villager":90,"minecraft:fly_one_cm":364407,"minecraft:open_chest":61,"minecraft:crouch_one_cm":1669,"minecraft:play_time":202223,"minecraft:sneak_time":2390,"minecraft:walk_under_water_one_cm":1023,"minecraft:jump":866,"minecraft:leave_game":1,"minecraft:time_since_death":202223,"minecraft:walk_on_water_one_cm":5202,"minecraft:sleep_in_bed":5,"minecraft:climb_one_cm":975,"minecraft:total_world_time":202223,"minecraft:fall_one_cm":19797,"minecraft:horse_one_cm":24593},"minecraft:crafted":{"minecraft:diamond_sword":1,"minecraft:emerald":104,"minecraft:diamond_pickaxe":1,"minecraft:spruce_planks":1684,"minecraft:stick":3368},"minecraft:dropped":{"minecraft:lectern":1},"minecraft:killed":{"minecraft:horse":18,"minecraft:blaze":5},"minecraft:mined":{"minecraft:nether_wart_block":3,"minecraft:fire":7,"minecraft:spruce_log":449,"minecraft:stripped_spruce_log":1,"minecraft:spruce_leaves":32,"minecraft:netherrack":59},"minecraft:picked_up":{"minecraft:golden_helmet":1,"minecraft:stick":44,"minecraft:cooked_beef":32,"minecraft:leather":12,"minecraft:enchanted_book":4,"minecraft:nether_wart_block":3,"minecraft:stripped_spruce_log":1,"minecraft:spruce_sapling":75,"minecraft:shield":1,"minecraft:spruce_log":450,"minecraft:amethyst_block":36,"minecraft:item_frame":1,"minecraft:diamond_chestplate":1,"minecraft:diamond":6,"minecraft:diamond_leggings":1,"minecraft:diamond_boots":1,"minecraft:diamond_axe":1,"minecraft:golden_apple":1,"minecraft:calcite":27,"minecraft:lectern":1,"minecraft:blaze_rod":4,"minecraft:netherrack":23,"minecraft:iron_sword":1,"minecraft:diamond_pickaxe":1}},"DataVersion":3465}