{"stats":{"minecraft:custom":{"minecraft:jump":37,"minecraft:time_since_rest":40436,"minecraft:damage_dealt":7200,"minecraft:crouch_one_cm":458,"minecraft:sprint_one_cm":2385,"minecraft:play_time":40436,"minecraft:walk_on_water_one_cm":3480,"minecraft:time_since_death":40436,"minecraft:walk_one_cm":21635,"minecraft:sneak_time":1166,"minecraft:total_world_time":40436,"minecraft:walk_under_water_one_cm":581,"minecraft:mob_kills":18,"minecraft:fly_one_cm":321667,"minecraft:horse_one_cm":24593},"minecraft:picked_up":{"minecraft:leather":12},"minecraft:used":{"minecraft:netherite_sword":155,"minecraft:cow_spawn_egg":1,"minecraft:sheep_spawn_egg":2,"minecraft:horse_spawn_egg":17},"minecraft:killed":{"minecraft:horse":18}},"DataVersion":3465}