{"stats":{"minecraft:used":{"minecraft:cherry_sapling":7,"minecraft:netherite_sword":155,"minecraft:chest":3,"minecraft:netherrack":4,"minecraft:torch":35,"minecraft:dragon_egg":1,"minecraft:dirt":31,"minecraft:twisting_vines":4,"minecraft:shroomlight":2,"minecraft:spruce_boat":8,"minecraft:oak_stairs":32,"minecraft:item_frame":13,"minecraft:minecart":4,"minecraft:cooked_beef":33,"minecraft:wheat_seeds":1,"minecraft:water_bucket":3,"minecraft:cow_spawn_egg":1,"minecraft:oak_planks":243,"minecraft:ender_pearl":7,"minecraft:green_bed":1,"minecraft:cauldron":1,"minecraft:diamond_axe":685,"minecraft:sheep_spawn_egg":2,"minecraft:sugar_cane":7,"minecraft:horse_spawn_egg":17,"create:mechanical_saw":9,"minecraft:rail":18,"minecraft:crossbow":13,"minecraft:white_bed":2,"minecraft:end_stone":3,"minecraft:spruce_log":32,"minecraft:oak_log":20,"minecraft:wooden_hoe":1,"minecraft:diamond_pickaxe":1011,"minecraft:lectern":71,"minecraft:spruce_trapdoor":2,"minecraft:spruce_sapling":84,"minecraft:pink_bed":1,"minecraft:diamond_sword":107,"minecraft:cobblestone":2,"minecraft:bucket":4,"create:hand_crank":10},"minecraft:killed_by":{"minecraft:creeper":1,"minecraft:ender_dragon":1},"minecraft:custom":{"minecraft:interact_with_anvil":2,"minecraft:mob_kills":30,"minecraft:animals_bred":6,"minecraft:interact_with_crafting_table":26,"minecraft:open_barrel":2,"minecraft:bell_ring":5,"minecraft:leave_game":4,"minecraft:time_since_death":60001,"minecraft:climb_one_cm":5593,"minecraft:sprint_one_cm":816481,"minecraft:walk_one_cm":1824883,"minecraft:drop":42,"minecraft:talked_to_villager":177,"minecraft:play_time":519909,"minecraft:deaths":2,"minecraft:sneak_time":4375,"minecraft:walk_under_water_one_cm":27836,"minecraft:boat_one_cm":392858,"minecraft:jump":3153,"minecraft:interact_with_blast_furnace":2,"minecraft:walk_on_water_one_cm":73454,"minecraft:total_world_time":519909,"minecraft:interact_with_furnace":6,"minecraft:traded_with_villager":255,"minecraft:sleep_in_bed":29,"minecraft:time_since_rest":9740,"minecraft:damage_taken":2329,"minecraft:damage_dealt":10020,"minecraft:swim_one_cm":246,"minecraft:fly_one_cm":1574138,"minecraft:open_chest":181,"minecraft:crouch_one_cm":5138,"minecraft:interact_with_smoker":19,"minecraft:fall_one_cm":82557,"minecraft:horse_one_cm":24593},"minecraft:broken":{"create:sand_paper":1},"minecraft:crafted":{"minecraft:cherry_planks":4,"minecraft:pink_bed":1,"minecraft:pink_dye":1,"minecraft:cooked_mutton":59,"minecraft:green_dye":1,"minecraft:spruce_boat":2,"minecraft:dried_kelp_block":13,"minecraft:minecart":1,"minecraft:cooked_beef":21,"minecraft:red_dye":1,"minecraft:crossbow":1,"minecraft:diamond_sword":1,"minecraft:emerald":250,"minecraft:spruce_planks":3712,"minecraft:dried_kelp":119,"minecraft:green_bed":1,"minecraft:enchanted_book":1,"minecraft:blue_dye":1,"minecraft:book":1,"minecraft:wooden_hoe":1,"minecraft:paper":381,"minecraft:diamond_pickaxe":2,"minecraft:purple_dye":2,"minecraft:stick":7336,"minecraft:iron_ingot":9,"minecraft:light_gray_dye":2,"minecraft:white_bed":1,"minecraft:torch":32},"minecraft:dropped":{"create:rose_quartz":2,"minecraft:wheat_seeds":1,"minecraft:diamond_axe":1,"minecraft:cooked_beef":10,"create:polished_rose_quartz":7,"minecraft:crossbow":2,"minecraft:iron_helmet":1,"minecraft:cobblestone":28,"minecraft:iron_leggings":1,"create:goggles":1,"create:iron_sheet":3,"minecraft:sugar_cane":3,"minecraft:blaze_rod":4,"minecraft:raw_iron":4,"minecraft:rotten_flesh":3,"minecraft:iron_boots":1,"minecraft:diamond_shovel":1,"minecraft:end_stone":19,"minecraft:cooked_mutton":94,"minecraft:diamond_sword":1,"minecraft:tipped_arrow":31,"minecraft:shield":1,"minecraft:iron_chestplate":1,"minecraft:diamond_pickaxe":4,"minecraft:stone_bricks":1,"minecraft:arrow":111,"minecraft:bow":1,"minecraft:lectern":1},"minecraft:killed":{"minecraft:horse":19,"minecraft:wandering_trader":1,"minecraft:trader_llama":2,"minecraft:zombie":1,"minecraft:enderman":2,"minecraft:blaze":5},"minecraft:picked_up":{"minecraft:iron_chestplate":1,"minecraft:wheat":102,"minecraft:azure_bluet":1,"minecraft:lead":2,"minecraft:diamond_sword":3,"minecraft:enchanted_book":4,"minecraft:shield":4,"minecraft:amethyst_block":36,"minecraft:cornflower":1,"minecraft:iron_leggings":1,"minecraft:item_frame":1,"create:sand_paper":1,"minecraft:diamond_leggings":3,"minecraft:calcite":27,"minecraft:iron_nugget":29,"minecraft:poppy":1,"minecraft:lectern":1,"minecraft:minecart":3,"minecraft:sugar_cane":393,"minecraft:spruce_trapdoor":2,"minecraft:iron_boots":1,"minecraft:tipped_arrow":31,"minecraft:golden_helmet":2,"minecraft:stick":570,"minecraft:raw_iron":4,"minecraft:end_stone":27,"minecraft:torch":60,"minecraft:porkchop":3,"minecraft:cherry_log":10,"create:hand_crank":13,"minecraft:diorite":8,"minecraft:cauldron":1,"minecraft:arrow":115,"minecraft:rotten_flesh":6,"minecraft:diamond_chestplate":3,"minecraft:diamond_boots":3,"minecraft:iron_block":37,"create:veridium":55,"minecraft:blaze_rod":4,"minecraft:rail":23,"minecraft:cobblestone":700,"minecraft:oxeye_daisy":1,"minecraft:pink_petals":58,"minecraft:cooked_beef":83,"minecraft:water_bucket":2,"minecraft:andesite":55,"minecraft:leather":14,"minecraft:smoker":1,"minecraft:tuff":17,"create:raw_zinc":15,"create:andesite_alloy":15,"minecraft:yellow_bed":1,"minecraft:nether_wart_block":3,"minecraft:wooden_hoe":1,"minecraft:dirt":152,"minecraft:twisting_vines":4,"minecraft:cooked_mutton":92,"minecraft:stone_bricks":2,"minecraft:bow":1,"minecraft:wheat_seeds":286,"minecraft:iron_ingot":7,"create:goggles":1,"minecraft:diamond_helmet":2,"minecraft:iron_sword":2,"create:mechanical_saw":12,"minecraft:smooth_basalt":10,"minecraft:quartz":3,"minecraft:dripstone_block":1,"minecraft:gravel":1,"minecraft:stripped_spruce_log":2,"minecraft:spruce_sapling":246,"minecraft:white_bed":4,"minecraft:spruce_log":1302,"minecraft:dragon_egg":1,"minecraft:diamond_shovel":1,"minecraft:diamond":6,"minecraft:spruce_boat":8,"minecraft:iron_helmet":1,"minecraft:diamond_axe":4,"minecraft:crossbow":4,"minecraft:granite":12,"minecraft:cherry_sapling":7,"minecraft:golden_apple":7,"create:rose_quartz":9,"minecraft:emerald":65,"minecraft:netherrack":24,"minecraft:coal":141,"minecraft:ender_pearl":23,"minecraft:diamond_pickaxe":7},"minecraft:mined":{"create:zinc_ore":15,"minecraft:tuff":19,"minecraft:white_bed":4,"minecraft:cherry_log":10,"minecraft:end_stone":1,"minecraft:spruce_trapdoor":2,"minecraft:granite":12,"minecraft:grass_block":6,"minecraft:spruce_leaves":49,"minecraft:oxeye_daisy":1,"minecraft:iron_ore":4,"minecraft:fire":7,"minecraft:andesite":27,"minecraft:stripped_spruce_log":2,"minecraft:azure_bluet":1,"minecraft:rail":20,"minecraft:stone":629,"create:veridium":56,"minecraft:podzol":3,"minecraft:twisting_vines_plant":1,"minecraft:cornflower":1,"minecraft:torch":3,"minecraft:poppy":1,"minecraft:tall_grass":1,"minecraft:cobblestone":2,"minecraft:sugar_cane":214,"minecraft:diorite":8,"minecraft:wall_torch":1,"minecraft:pink_petals":23,"create:mechanical_saw":11,"minecraft:nether_wart_block":3,"minecraft:wheat":162,"minecraft:lava_cauldron":1,"minecraft:spruce_log":502,"minecraft:yellow_bed":1,"minecraft:grass":1,"minecraft:coal_ore":141,"minecraft:cherry_leaves":16,"create:hand_crank":3,"minecraft:gravel":3,"minecraft:dripstone_block":1,"minecraft:dirt":3,"minecraft:smooth_basalt":10,"minecraft:netherrack":59}},"DataVersion":3465}