{"stats":{"minecraft:picked_up":{"minecraft:iron_chestplate":1,"minecraft:wheat":684,"minecraft:flower_pot":2,"minecraft:diamond_sword":1,"minecraft:oak_stairs":161,"minecraft:amethyst_block":36,"minecraft:string":44,"minecraft:raw_copper":45,"minecraft:iron_leggings":1,"minecraft:shroomlight":5,"minecraft:diamond_leggings":1,"minecraft:cobbled_deepslate":78,"minecraft:spruce_planks":15,"minecraft:calcite":27,"minecraft:iron_pickaxe":1,"minecraft:melon_slice":43,"minecraft:furnace":9,"minecraft:iron_boots":1,"minecraft:golden_helmet":1,"minecraft:stick":59,"minecraft:oak_fence":20,"minecraft:torch":369,"minecraft:porkchop":6,"minecraft:dried_kelp":6,"minecraft:pointed_dripstone":30,"minecraft:diorite":50,"minecraft:stone_sword":1,"minecraft:rotten_flesh":12,"minecraft:iron_block":49,"minecraft:white_terracotta":1,"minecraft:blaze_rod":5,"minecraft:cobblestone":2585,"minecraft:enchanting_table":2,"minecraft:birch_log":21,"minecraft:magma_block":23,"minecraft:feather":1,"minecraft:cooked_beef":34,"minecraft:andesite":19,"minecraft:potato":956,"minecraft:flint":17,"minecraft:tuff":2,"minecraft:lapis_lazuli":171,"minecraft:dirt":4767,"minecraft:bone":14,"minecraft:stonecutter":1,"minecraft:wheat_seeds":2056,"minecraft:raw_gold":52,"create:goggles":1,"minecraft:diamond_helmet":1,"minecraft:bamboo":149,"minecraft:stone_hoe":1,"minecraft:oak_planks":257,"minecraft:poisonous_potato":8,"minecraft:sand":323,"minecraft:mossy_cobblestone":4,"minecraft:diamond":4,"minecraft:spruce_boat":3,"minecraft:granite":72,"minecraft:oak_sapling":133,"minecraft:netherrack":14,"minecraft:diamond_pickaxe":3,"minecraft:cocoa_beans":12,"minecraft:crafting_table":4,"minecraft:chicken":5,"minecraft:nether_wart":13,"minecraft:clay_ball":32,"minecraft:shield":2,"minecraft:cornflower":5,"minecraft:item_frame":11,"minecraft:iron_shovel":2,"minecraft:detector_rail":1,"minecraft:beef":49,"minecraft:poppy":14,"minecraft:minecart":19,"minecraft:sugar_cane":321,"minecraft:chest":8,"minecraft:spruce_trapdoor":13,"minecraft:egg":14,"minecraft:raw_iron":221,"minecraft:oak_door":2,"create:golden_sheet":1,"minecraft:note_block":1,"minecraft:redstone":282,"minecraft:arrow":22,"minecraft:stone_shovel":1,"minecraft:diamond_chestplate":1,"minecraft:pumpkin_pie":1,"minecraft:peony":5,"minecraft:diamond_boots":1,"minecraft:hay_block":1,"minecraft:gold_ingot":5,"minecraft:mutton":27,"minecraft:rail":4,"minecraft:white_wool":20,"minecraft:oxeye_daisy":5,"minecraft:stripped_oak_log":5,"minecraft:salmon":3,"minecraft:leather":23,"minecraft:filled_map":11,"minecraft:oak_log":976,"minecraft:yellow_bed":4,"minecraft:gunpowder":1,"minecraft:cobblestone_stairs":4,"minecraft:paper":14,"minecraft:apple":14,"minecraft:kelp":65,"minecraft:iron_ingot":3,"minecraft:stone_pickaxe":1,"minecraft:iron_sword":2,"minecraft:flowering_azalea":1,"minecraft:scaffolding":1,"minecraft:book":42,"minecraft:pumpkin":6,"minecraft:quartz":10,"minecraft:dandelion":21,"minecraft:dripstone_block":16,"minecraft:gravel":181,"minecraft:spruce_sapling":18,"minecraft:white_bed":8,"minecraft:spruce_log":199,"minecraft:diamond_shovel":2,"minecraft:purple_bed":1,"minecraft:iron_helmet":1,"minecraft:diamond_axe":2,"minecraft:baked_potato":1,"minecraft:warped_nylium":1,"minecraft:coal":523,"minecraft:ender_pearl":1},"minecraft:crafted":{"minecraft:brick":5,"minecraft:oak_planks":1752,"minecraft:melon":2,"minecraft:lightning_rod":1,"minecraft:bookshelf":40,"minecraft:cooked_mutton":12,"minecraft:cake":1,"minecraft:glass":158,"minecraft:iron_boots":1,"minecraft:chest":114,"minecraft:dried_kelp_block":20,"minecraft:flower_pot":8,"minecraft:item_frame":15,"minecraft:wooden_shovel":1,"minecraft:emerald":1,"minecraft:cooked_porkchop":5,"minecraft:map":12,"minecraft:crafting_table":5,"minecraft:spruce_planks":988,"minecraft:iron_helmet":1,"minecraft:wooden_pickaxe":1,"minecraft:baked_potato":39,"minecraft:clock":1,"minecraft:copper_ingot":41,"minecraft:birch_planks":136,"minecraft:iron_chestplate":1,"minecraft:book":78,"minecraft:paper":339,"minecraft:shield":2,"minecraft:stick":360,"minecraft:iron_ingot":45,"minecraft:compass":18,"minecraft:iron_pickaxe":14,"minecraft:iron_block":41,"minecraft:stone_sword":1,"minecraft:gold_ingot":3,"minecraft:redstone_torch":43,"minecraft:wooden_sword":1,"minecraft:cookie":8,"minecraft:redstone":54,"minecraft:stone_shovel":4,"minecraft:jukebox":1,"minecraft:scaffolding":6,"minecraft:iron_axe":8,"minecraft:iron_hoe":1,"minecraft:stone_pickaxe":15,"minecraft:cooked_beef":165,"minecraft:sugar":4,"minecraft:dried_kelp":192,"minecraft:iron_sword":5,"minecraft:bucket":3,"minecraft:wooden_axe":1,"minecraft:oak_stairs":144,"minecraft:iron_shovel":19,"minecraft:iron_leggings":1,"minecraft:white_bed":2,"minecraft:note_block":1,"minecraft:pumpkin_pie":1,"minecraft:torch":468},"minecraft:used":{"minecraft:peony":5,"minecraft:iron_shovel":4295,"minecraft:melon":2,"minecraft:chest":112,"minecraft:shield":18,"minecraft:iron_sword":385,"minecraft:spruce_boat":1,"minecraft:glass":277,"minecraft:item_frame":26,"minecraft:scaffolding":6,"minecraft:oak_sapling":131,"minecraft:furnace":9,"minecraft:egg":11,"minecraft:potato":278,"minecraft:stone_pickaxe":1541,"minecraft:oak_planks":1571,"minecraft:wooden_pickaxe":35,"minecraft:sugar_cane":27,"minecraft:diamond_axe":761,"minecraft:cookie":4,"minecraft:note_block":2,"minecraft:lightning_rod":1,"minecraft:bread":13,"minecraft:diamond_sword":160,"minecraft:wooden_sword":21,"minecraft:poisonous_potato":2,"minecraft:oak_boat":1,"minecraft:oak_fence":8,"minecraft:enchanting_table":2,"minecraft:stone_sword":13,"minecraft:stone_shovel":363,"minecraft:spruce_planks":8,"minecraft:wooden_shovel":59,"minecraft:stone_hoe":17,"minecraft:cooked_chicken":3,"minecraft:torch":401,"minecraft:dirt":2644,"minecraft:golden_shovel":33,"minecraft:shroomlight":2,"minecraft:wooden_axe":17,"minecraft:bookshelf":40,"minecraft:iron_axe":1286,"minecraft:oak_stairs":276,"minecraft:bamboo":19,"minecraft:minecart":1,"minecraft:cooked_beef":69,"minecraft:cobbled_deepslate":17,"minecraft:pumpkin":1,"minecraft:iron_leggings":1,"minecraft:wheat_seeds":716,"minecraft:cooked_mutton":7,"minecraft:birch_planks":10,"minecraft:baked_potato":3,"minecraft:music_disc_cat":1,"minecraft:rail":1,"minecraft:crafting_table":9,"minecraft:white_bed":8,"minecraft:cake":1,"minecraft:oak_log":489,"minecraft:flower_pot":9,"minecraft:diamond_pickaxe":1017,"minecraft:cornflower":3,"minecraft:diamond_shovel":3197,"minecraft:iron_pickaxe":2238,"minecraft:map":10,"minecraft:spruce_sapling":74,"minecraft:purple_bed":1,"minecraft:cobblestone":364,"minecraft:cooked_porkchop":27,"minecraft:yellow_bed":3,"minecraft:dandelion":14,"minecraft:jukebox":1},"minecraft:custom":{"minecraft:animals_bred":165,"minecraft:interact_with_crafting_table":145,"minecraft:bell_ring":8,"minecraft:eat_cake_slice":2,"minecraft:leave_game":13,"minecraft:time_since_death":1649530,"minecraft:sprint_one_cm":2464184,"minecraft:damage_blocked_by_shield":460,"minecraft:drop":338,"minecraft:play_noteblock":84,"minecraft:talked_to_villager":15,"minecraft:play_time":1844111,"minecraft:deaths":1,"minecraft:jump":11180,"minecraft:walk_on_water_one_cm":165704,"minecraft:enchant_item":5,"minecraft:interact_with_furnace":230,"minecraft:play_record":1,"minecraft:traded_with_villager":1,"minecraft:sleep_in_bed":110,"minecraft:damage_dealt":13879,"minecraft:crouch_one_cm":17448,"minecraft:inspect_dispenser":4,"minecraft:horse_one_cm":143637,"minecraft:mob_kills":95,"minecraft:climb_one_cm":15842,"minecraft:walk_one_cm":6522058,"minecraft:sneak_time":13925,"minecraft:walk_under_water_one_cm":60417,"minecraft:boat_one_cm":143513,"minecraft:total_world_time":1844111,"minecraft:tune_noteblock":76,"minecraft:pot_flower":8,"minecraft:time_since_rest":7328,"minecraft:damage_taken":6728,"minecraft:minecart_one_cm":21923,"minecraft:swim_one_cm":863,"minecraft:fly_one_cm":234409,"minecraft:open_chest":540,"minecraft:fall_one_cm":228466},"minecraft:killed":{"minecraft:cave_spider":1,"minecraft:spider":1,"minecraft:skeleton":12,"minecraft:chicken":5,"minecraft:magma_cube":1,"minecraft:pig":3,"minecraft:salmon":4,"minecraft:creeper":1,"minecraft:sheep":13,"minecraft:zombie":18,"minecraft:cow":20,"minecraft:blaze":16},"minecraft:broken":{"minecraft:iron_shovel":16,"minecraft:wooden_shovel":1,"minecraft:golden_shovel":1,"minecraft:stone_pickaxe":11,"minecraft:diamond_shovel":1,"minecraft:iron_sword":1,"minecraft:stone_shovel":2,"minecraft:iron_axe":5,"minecraft:iron_pickaxe":7},"minecraft:mined":{"minecraft:spruce_planks":19,"minecraft:white_bed":6,"minecraft:farmland":9,"minecraft:cobblestone_stairs":4,"minecraft:obsidian":1,"minecraft:spruce_trapdoor":15,"minecraft:granite":50,"minecraft:budding_amethyst":3,"minecraft:grass_block":4968,"minecraft:nether_wart":10,"minecraft:oxeye_daisy":3,"minecraft:tall_seagrass":3,"minecraft:magma_block":26,"minecraft:iron_ore":115,"minecraft:cobbled_deepslate":4,"minecraft:fire":23,"minecraft:pumpkin":6,"minecraft:fletching_table":2,"minecraft:deepslate_lapis_ore":11,"minecraft:azure_bluet":1,"minecraft:enchanting_table":2,"minecraft:pointed_dripstone":7,"minecraft:flowering_azalea_leaves":4,"minecraft:dirt_path":184,"minecraft:oak_stairs":165,"minecraft:small_amethyst_bud":1,"minecraft:deepslate_redstone_ore":63,"minecraft:clay":8,"minecraft:torch":14,"minecraft:note_block":1,"minecraft:calcite":31,"minecraft:poppy":9,"minecraft:melon":7,"minecraft:chest":8,"minecraft:nether_quartz_ore":14,"minecraft:glass":80,"minecraft:cobblestone":335,"minecraft:sugar_cane":163,"minecraft:oak_planks":262,"minecraft:wall_torch":11,"minecraft:amethyst_block":36,"minecraft:seagrass":2,"minecraft:white_terracotta":1,"minecraft:birch_log":20,"minecraft:wheat":748,"minecraft:grass":299,"minecraft:oak_log":944,"minecraft:sand":333,"minecraft:dirt":2330,"minecraft:red_mushroom_block":4,"minecraft:stonecutter":1,"minecraft:netherrack":26,"minecraft:oak_leaves":513,"minecraft:deepslate":82,"minecraft:tuff":2,"minecraft:mossy_cobblestone":4,"minecraft:deepslate_diamond_ore":3,"minecraft:oak_door":2,"minecraft:spruce_fence":6,"minecraft:spruce_leaves":33,"minecraft:redstone_ore":3,"minecraft:oak_trapdoor":1,"minecraft:spruce_sapling":2,"minecraft:furnace":9,"minecraft:andesite":20,"minecraft:peony":5,"minecraft:bookshelf":14,"minecraft:potatoes":266,"minecraft:deepslate_iron_ore":110,"minecraft:shroomlight":5,"minecraft:rail":3,"minecraft:stripped_oak_log":5,"minecraft:bamboo":14,"minecraft:stone":3035,"minecraft:podzol":6,"minecraft:scaffolding":1,"minecraft:glass_pane":4,"minecraft:dandelion":8,"minecraft:oak_fence":9,"minecraft:crafting_table":4,"minecraft:cornflower":3,"minecraft:tall_grass":36,"minecraft:copper_ore":14,"minecraft:deepslate_coal_ore":1,"minecraft:deepslate_gold_ore":35,"minecraft:lapis_ore":8,"minecraft:diorite":54,"minecraft:warped_wart_block":2,"minecraft:spruce_stairs":1,"minecraft:purple_bed":1,"minecraft:spruce_log":195,"minecraft:birch_leaves":4,"minecraft:yellow_bed":3,"minecraft:coal_ore":506,"minecraft:cocoa":5,"minecraft:gravel":205,"minecraft:flower_pot":1,"minecraft:dripstone_block":10,"minecraft:cobweb":82,"minecraft:gold_ore":17},"minecraft:dropped":{"minecraft:iron_sword":4,"minecraft:birch_planks":1,"minecraft:diamond_axe":1,"minecraft:cooked_beef":43,"minecraft:oak_log":38,"minecraft:ender_pearl":1,"minecraft:cooked_porkchop":1,"minecraft:cookie":4,"minecraft:rail":3,"minecraft:item_frame":1,"minecraft:flint":7,"minecraft:emerald":1,"minecraft:dirt":476,"minecraft:dispenser":1,"minecraft:pumpkin_pie":2,"minecraft:wooden_sword":1,"create:goggles":1,"minecraft:iron_pickaxe":3,"minecraft:white_wool":14,"minecraft:gold_ingot":5,"minecraft:bone":42,"minecraft:gravel":68,"minecraft:sugar_cane":26,"minecraft:detector_rail":1,"minecraft:wheat":3,"minecraft:pointed_dripstone":2,"minecraft:rotten_flesh":2,"minecraft:oak_planks":3,"minecraft:diamond_shovel":1,"minecraft:white_bed":1,"minecraft:poppy":11,"minecraft:chest":2,"minecraft:glass":2,"minecraft:egg":1,"minecraft:stone_hoe":1,"minecraft:water_bucket":2,"minecraft:iron_ingot":3,"minecraft:wheat_seeds":318,"minecraft:golden_horse_armor":1,"minecraft:minecart":1,"minecraft:dripstone_block":4,"minecraft:poisonous_potato":1,"minecraft:oak_fence":13,"minecraft:cobblestone":218,"minecraft:granite":31,"minecraft:activator_rail":2,"minecraft:oxeye_daisy":4,"minecraft:iron_block":49,"minecraft:torch":227,"minecraft:wooden_axe":1,"minecraft:oak_stairs":4,"minecraft:iron_axe":1,"minecraft:iron_shovel":5,"minecraft:dandelion":4,"minecraft:kelp":64,"minecraft:oak_trapdoor":4,"minecraft:blaze_rod":5,"minecraft:stone_sword":2,"minecraft:tuff":2,"minecraft:composter":2,"minecraft:stone_shovel":3,"minecraft:iron_hoe":1,"minecraft:filled_map":2,"minecraft:potato":200,"minecraft:spruce_boat":2,"minecraft:flower_pot":1,"minecraft:oak_button":1,"minecraft:spruce_trapdoor":13,"minecraft:diamond_pickaxe":2,"minecraft:andesite":1,"minecraft:yellow_bed":1,"minecraft:oak_boat":1,"minecraft:oak_sapling":3,"minecraft:redstone_torch":44,"minecraft:spruce_log":16,"minecraft:stone_pickaxe":5,"minecraft:wooden_pickaxe":1,"create:golden_sheet":1}},"DataVersion":3465}