{"stats":{"minecraft:custom":{"minecraft:time_since_rest":87093,"minecraft:open_chest":24,"minecraft:crouch_one_cm":640,"minecraft:play_time":87093,"minecraft:sprint_one_cm":10128,"minecraft:walk_one_cm":76563,"minecraft:sneak_time":1685,"minecraft:walk_under_water_one_cm":581,"minecraft:mob_kills":18,"minecraft:jump":55,"minecraft:damage_dealt":7210,"minecraft:leave_game":1,"minecraft:time_since_death":87093,"minecraft:walk_on_water_one_cm":3601,"minecraft:total_world_time":87093,"minecraft:talked_to_villager":62,"minecraft:fly_one_cm":349568,"minecraft:horse_one_cm":24593},"minecraft:picked_up":{"minecraft:diamond":6,"minecraft:leather":12,"minecraft:enchanted_book":4,"minecraft:golden_apple":1,"minecraft:calcite":27,"minecraft:lectern":1,"minecraft:amethyst_block":36,"minecraft:diamond_pickaxe":1},"minecraft:used":{"minecraft:shroomlight":2,"minecraft:oak_log":20,"minecraft:item_frame":12,"minecraft:netherite_sword":155,"minecraft:cow_spawn_egg":1,"minecraft:oak_stairs":32,"minecraft:oak_planks":243,"minecraft:lectern":71,"minecraft:chest":2,"minecraft:sheep_spawn_egg":2,"minecraft:horse_spawn_egg":17},"minecraft:killed":{"minecraft:horse":18}},"DataVersion":3465}