{"stats":{"minecraft:broken":{"minecraft:iron_shovel":5,"minecraft:wooden_shovel":1,"minecraft:stone_pickaxe":11,"minecraft:iron_axe":3,"minecraft:iron_sword":1,"minecraft:iron_pickaxe":4,"minecraft:stone_shovel":2},"minecraft:custom":{"minecraft:mob_kills":65,"minecraft:animals_bred":18,"minecraft:interact_with_crafting_table":66,"minecraft:bell_ring":8,"minecraft:eat_cake_slice":2,"minecraft:leave_game":7,"minecraft:time_since_death":731776,"minecraft:climb_one_cm":769,"minecraft:sprint_one_cm":483250,"minecraft:damage_blocked_by_shield":460,"minecraft:walk_one_cm":3707079,"minecraft:drop":179,"minecraft:play_noteblock":84,"minecraft:play_time":926357,"minecraft:sneak_time":10776,"minecraft:deaths":1,"minecraft:walk_under_water_one_cm":30164,"minecraft:boat_one_cm":143513,"minecraft:jump":6822,"minecraft:walk_on_water_one_cm":70985,"minecraft:enchant_item":1,"minecraft:total_world_time":926357,"minecraft:interact_with_furnace":98,"minecraft:tune_noteblock":76,"minecraft:play_record":1,"minecraft:sleep_in_bed":54,"minecraft:time_since_rest":4454,"minecraft:damage_taken":4220,"minecraft:damage_dealt":8071,"minecraft:swim_one_cm":730,"minecraft:fly_one_cm":78124,"minecraft:open_chest":247,"minecraft:crouch_one_cm":14636,"minecraft:fall_one_cm":143975,"minecraft:horse_one_cm":143637},"minecraft:crafted":{"minecraft:wooden_sword":1,"minecraft:cookie":8,"minecraft:oak_planks":644,"minecraft:stone_shovel":4,"minecraft:jukebox":1,"minecraft:bookshelf":36,"minecraft:cooked_mutton":12,"minecraft:cake":1,"minecraft:glass":33,"minecraft:iron_axe":6,"minecraft:iron_hoe":1,"minecraft:stone_pickaxe":15,"minecraft:chest":28,"minecraft:dried_kelp_block":3,"minecraft:cooked_beef":40,"minecraft:sugar":4,"minecraft:wooden_shovel":1,"minecraft:cooked_porkchop":5,"minecraft:crafting_table":4,"minecraft:spruce_planks":308,"minecraft:dried_kelp":22,"minecraft:wooden_pickaxe":1,"minecraft:iron_sword":3,"minecraft:bucket":3,"minecraft:birch_planks":136,"minecraft:book":66,"minecraft:paper":243,"minecraft:shield":2,"minecraft:stick":176,"minecraft:oak_stairs":60,"minecraft:iron_pickaxe":10,"minecraft:wooden_axe":1,"minecraft:stone_sword":1,"minecraft:iron_shovel":7,"minecraft:gold_ingot":3,"minecraft:white_bed":1,"minecraft:note_block":1,"minecraft:pumpkin_pie":1,"minecraft:torch":260},"minecraft:mined":{"minecraft:tuff":2,"minecraft:white_bed":5,"minecraft:mossy_cobblestone":4,"minecraft:deepslate_diamond_ore":3,"minecraft:oak_door":2,"minecraft:cobblestone_stairs":4,"minecraft:budding_amethyst":3,"minecraft:granite":2,"minecraft:grass_block":1120,"minecraft:spruce_leaves":3,"minecraft:oxeye_daisy":1,"minecraft:tall_seagrass":1,"minecraft:redstone_ore":3,"minecraft:oak_trapdoor":1,"minecraft:furnace":9,"minecraft:iron_ore":115,"minecraft:cobbled_deepslate":4,"minecraft:andesite":2,"minecraft:pumpkin":5,"minecraft:deepslate_lapis_ore":11,"minecraft:enchanting_table":2,"minecraft:potatoes":21,"minecraft:pointed_dripstone":7,"minecraft:bookshelf":14,"minecraft:flowering_azalea_leaves":4,"minecraft:dirt_path":75,"minecraft:deepslate_iron_ore":110,"minecraft:small_amethyst_bud":1,"minecraft:rail":2,"minecraft:oak_stairs":115,"minecraft:stripped_oak_log":3,"minecraft:stone":1727,"minecraft:deepslate_redstone_ore":63,"minecraft:glass_pane":4,"minecraft:dandelion":3,"minecraft:clay":1,"minecraft:oak_fence":9,"minecraft:cornflower":1,"minecraft:torch":2,"minecraft:crafting_table":1,"minecraft:note_block":1,"minecraft:calcite":31,"minecraft:chest":7,"minecraft:tall_grass":22,"minecraft:glass":32,"minecraft:cobblestone":77,"minecraft:deepslate_coal_ore":1,"minecraft:deepslate_gold_ore":35,"minecraft:lapis_ore":8,"minecraft:oak_planks":75,"minecraft:sugar_cane":163,"minecraft:wall_torch":4,"minecraft:diorite":2,"minecraft:amethyst_block":36,"minecraft:white_terracotta":1,"minecraft:seagrass":1,"minecraft:purple_bed":1,"minecraft:birch_log":20,"minecraft:wheat":73,"minecraft:birch_leaves":4,"minecraft:yellow_bed":2,"minecraft:grass":170,"minecraft:coal_ore":333,"minecraft:oak_log":451,"minecraft:cocoa":5,"minecraft:gravel":133,"minecraft:dirt":539,"minecraft:sand":183,"minecraft:dripstone_block":10,"minecraft:cobweb":82,"minecraft:red_mushroom_block":4,"minecraft:stonecutter":1,"minecraft:gold_ore":17,"minecraft:oak_leaves":302,"minecraft:deepslate":82},"minecraft:killed":{"minecraft:cave_spider":1,"minecraft:spider":1,"minecraft:skeleton":11,"minecraft:chicken":5,"minecraft:pig":2,"minecraft:sheep":13,"minecraft:zombie":12,"minecraft:cow":20},"minecraft:used":{"minecraft:oak_fence":8,"minecraft:stone_sword":13,"minecraft:enchanting_table":2,"minecraft:iron_shovel":1534,"minecraft:stone_shovel":363,"minecraft:chest":33,"minecraft:shield":18,"minecraft:iron_sword":346,"minecraft:wooden_shovel":59,"minecraft:cooked_chicken":3,"minecraft:stone_hoe":17,"minecraft:torch":282,"minecraft:dirt":509,"minecraft:glass":144,"minecraft:wooden_axe":17,"minecraft:bookshelf":36,"minecraft:iron_axe":858,"minecraft:oak_stairs":152,"minecraft:oak_sapling":44,"minecraft:furnace":9,"minecraft:egg":5,"minecraft:potato":37,"minecraft:cooked_beef":8,"minecraft:cobbled_deepslate":17,"minecraft:wheat_seeds":79,"minecraft:cooked_mutton":7,"minecraft:birch_planks":10,"minecraft:oak_planks":525,"minecraft:sugar_cane":27,"minecraft:stone_pickaxe":1541,"minecraft:wooden_pickaxe":35,"minecraft:cookie":4,"minecraft:music_disc_cat":1,"minecraft:crafting_table":5,"minecraft:white_bed":6,"minecraft:note_block":2,"minecraft:cake":1,"minecraft:oak_log":271,"minecraft:diamond_pickaxe":2,"minecraft:cornflower":3,"minecraft:bread":13,"minecraft:iron_pickaxe":1249,"minecraft:purple_bed":1,"minecraft:wooden_sword":21,"minecraft:cobblestone":348,"minecraft:cooked_porkchop":27,"minecraft:poisonous_potato":1,"minecraft:yellow_bed":2,"minecraft:oak_boat":1,"minecraft:dandelion":5,"minecraft:jukebox":1},"minecraft:dropped":{"minecraft:water_bucket":2,"minecraft:iron_sword":1,"minecraft:birch_planks":1,"minecraft:wheat_seeds":1,"minecraft:oak_log":38,"minecraft:minecart":1,"minecraft:golden_horse_armor":1,"minecraft:dripstone_block":4,"minecraft:cooked_porkchop":1,"minecraft:oak_fence":13,"minecraft:cookie":4,"minecraft:cobblestone":215,"minecraft:granite":2,"minecraft:activator_rail":2,"minecraft:rail":3,"minecraft:flint":7,"minecraft:oxeye_daisy":1,"minecraft:dirt":65,"minecraft:torch":120,"minecraft:dispenser":1,"minecraft:wooden_axe":1,"minecraft:oak_stairs":2,"minecraft:wooden_sword":1,"minecraft:pumpkin_pie":2,"minecraft:iron_pickaxe":1,"minecraft:iron_shovel":1,"minecraft:white_wool":14,"minecraft:bone":41,"minecraft:gravel":62,"minecraft:kelp":64,"minecraft:sugar_cane":26,"minecraft:oak_trapdoor":4,"minecraft:detector_rail":1,"minecraft:stone_sword":2,"minecraft:tuff":2,"minecraft:wheat":1,"minecraft:composter":2,"minecraft:pointed_dripstone":2,"minecraft:stone_shovel":3,"minecraft:rotten_flesh":1,"minecraft:iron_hoe":1,"minecraft:white_bed":1,"minecraft:poppy":1,"minecraft:potato":130,"minecraft:oak_button":1,"minecraft:andesite":1,"minecraft:yellow_bed":1,"minecraft:oak_boat":1,"minecraft:chest":2,"minecraft:redstone_torch":1,"minecraft:stone_pickaxe":5,"minecraft:glass":2,"minecraft:wooden_pickaxe":1},"minecraft:picked_up":{"minecraft:cocoa_beans":12,"minecraft:iron_chestplate":1,"minecraft:crafting_table":1,"minecraft:wheat":68,"minecraft:chicken":5,"minecraft:clay_ball":4,"minecraft:oak_stairs":109,"minecraft:amethyst_block":36,"minecraft:cornflower":3,"minecraft:string":44,"minecraft:raw_copper":4,"minecraft:iron_leggings":1,"minecraft:iron_shovel":1,"minecraft:cobbled_deepslate":78,"minecraft:detector_rail":1,"minecraft:beef":44,"minecraft:calcite":27,"minecraft:poppy":1,"minecraft:iron_pickaxe":1,"minecraft:sugar_cane":315,"minecraft:chest":7,"minecraft:furnace":9,"minecraft:iron_boots":1,"minecraft:egg":8,"minecraft:stick":33,"minecraft:raw_iron":221,"minecraft:oak_door":2,"minecraft:oak_fence":18,"minecraft:torch":332,"minecraft:note_block":1,"minecraft:porkchop":5,"minecraft:dried_kelp":6,"minecraft:pointed_dripstone":30,"minecraft:diorite":1,"minecraft:redstone":282,"minecraft:stone_sword":1,"minecraft:arrow":22,"minecraft:stone_shovel":1,"minecraft:rotten_flesh":6,"minecraft:pumpkin_pie":1,"minecraft:hay_block":1,"minecraft:white_terracotta":1,"minecraft:mutton":27,"minecraft:birch_log":21,"minecraft:enchanting_table":2,"minecraft:rail":3,"minecraft:white_wool":19,"minecraft:cobblestone":1732,"minecraft:oxeye_daisy":2,"minecraft:stripped_oak_log":3,"minecraft:feather":1,"minecraft:andesite":2,"minecraft:leather":20,"minecraft:potato":124,"minecraft:flint":12,"minecraft:tuff":2,"minecraft:oak_log":483,"minecraft:yellow_bed":3,"minecraft:cobblestone_stairs":4,"minecraft:lapis_lazuli":171,"minecraft:dirt":1448,"minecraft:paper":14,"minecraft:bone":14,"minecraft:apple":8,"minecraft:kelp":64,"minecraft:stonecutter":1,"minecraft:wheat_seeds":227,"minecraft:raw_gold":52,"minecraft:stone_pickaxe":1,"minecraft:stone_hoe":1,"minecraft:iron_sword":2,"minecraft:oak_planks":75,"minecraft:flowering_azalea":1,"minecraft:book":42,"minecraft:pumpkin":5,"minecraft:dandelion":10,"minecraft:dripstone_block":16,"minecraft:gravel":124,"minecraft:sand":175,"minecraft:white_bed":7,"minecraft:mossy_cobblestone":4,"minecraft:purple_bed":1,"minecraft:diamond":4,"minecraft:iron_helmet":1,"minecraft:granite":3,"minecraft:oak_sapling":46,"minecraft:coal":324}},"DataVersion":3465}