{"stats":{"minecraft:used":{"minecraft:shroomlight":2,"minecraft:oak_log":20,"minecraft:netherite_sword":155,"minecraft:cow_spawn_egg":1,"minecraft:oak_stairs":32,"minecraft:oak_planks":243,"minecraft:lectern":71,"minecraft:chest":2,"minecraft:spruce_sapling":16,"minecraft:diamond_axe":215,"minecraft:sheep_spawn_egg":2,"minecraft:horse_spawn_egg":17,"minecraft:item_frame":13},"minecraft:custom":{"minecraft:time_since_rest":282,"minecraft:walk_one_cm":196466,"minecraft:sprint_one_cm":55128,"minecraft:damage_taken":20,"minecraft:mob_kills":18,"minecraft:drop":1,"minecraft:damage_dealt":7218,"minecraft:traded_with_villager":7,"minecraft:talked_to_villager":63,"minecraft:fly_one_cm":354058,"minecraft:open_chest":52,"minecraft:crouch_one_cm":1669,"minecraft:play_time":112223,"minecraft:sneak_time":2390,"minecraft:walk_under_water_one_cm":581,"minecraft:jump":140,"minecraft:leave_game":1,"minecraft:time_since_death":112223,"minecraft:walk_on_water_one_cm":3746,"minecraft:sleep_in_bed":2,"minecraft:total_world_time":112223,"minecraft:fall_one_cm":2158,"minecraft:horse_one_cm":24593},"minecraft:crafted":{"minecraft:emerald":7,"minecraft:spruce_planks":116,"minecraft:stick":232},"minecraft:dropped":{"minecraft:lectern":1},"minecraft:killed":{"minecraft:horse":18},"minecraft:mined":{"minecraft:spruce_log":203,"minecraft:spruce_leaves":12},"minecraft:picked_up":{"minecraft:stick":29,"minecraft:cooked_beef":32,"minecraft:leather":12,"minecraft:enchanted_book":4,"minecraft:spruce_sapling":40,"minecraft:spruce_log":205,"minecraft:amethyst_block":36,"minecraft:item_frame":1,"minecraft:diamond":6,"minecraft:diamond_axe":1,"minecraft:golden_apple":1,"minecraft:calcite":27,"minecraft:lectern":1,"minecraft:diamond_pickaxe":1}},"DataVersion":3465}