{"stats":{"minecraft:used":{"minecraft:cherry_sapling":7,"minecraft:netherite_sword":155,"minecraft:chest":3,"minecraft:netherrack":4,"minecraft:torch":34,"minecraft:dirt":29,"minecraft:twisting_vines":4,"minecraft:shroomlight":2,"minecraft:spruce_boat":6,"minecraft:oak_stairs":32,"minecraft:item_frame":13,"minecraft:minecart":4,"minecraft:cooked_beef":21,"minecraft:wheat_seeds":1,"minecraft:cow_spawn_egg":1,"minecraft:oak_planks":243,"minecraft:cauldron":1,"minecraft:diamond_axe":685,"minecraft:sheep_spawn_egg":2,"minecraft:sugar_cane":7,"minecraft:horse_spawn_egg":17,"create:mechanical_saw":9,"minecraft:rail":18,"minecraft:spruce_log":32,"minecraft:oak_log":20,"minecraft:wooden_hoe":1,"minecraft:diamond_pickaxe":756,"minecraft:lectern":71,"minecraft:spruce_trapdoor":2,"minecraft:spruce_sapling":84,"minecraft:diamond_sword":51,"minecraft:cobblestone":2,"create:hand_crank":10},"minecraft:killed_by":{"minecraft:creeper":1},"minecraft:custom":{"minecraft:mob_kills":27,"minecraft:animals_bred":1,"minecraft:interact_with_crafting_table":17,"minecraft:open_barrel":2,"minecraft:bell_ring":5,"minecraft:leave_game":4,"minecraft:time_since_death":95231,"minecraft:climb_one_cm":2251,"minecraft:sprint_one_cm":510686,"minecraft:walk_one_cm":1504130,"minecraft:drop":14,"minecraft:talked_to_villager":170,"minecraft:play_time":417909,"minecraft:deaths":1,"minecraft:sneak_time":3350,"minecraft:walk_under_water_one_cm":8798,"minecraft:boat_one_cm":150697,"minecraft:jump":1941,"minecraft:interact_with_blast_furnace":1,"minecraft:walk_on_water_one_cm":49262,"minecraft:total_world_time":417909,"minecraft:traded_with_villager":254,"minecraft:sleep_in_bed":19,"minecraft:time_since_rest":8889,"minecraft:damage_taken":1461,"minecraft:damage_dealt":8882,"minecraft:fly_one_cm":389525,"minecraft:open_chest":129,"minecraft:crouch_one_cm":3656,"minecraft:interact_with_smoker":1,"minecraft:fall_one_cm":44404,"minecraft:horse_one_cm":24593},"minecraft:broken":{"create:sand_paper":1},"minecraft:crafted":{"minecraft:cherry_planks":4,"minecraft:spruce_boat":2,"minecraft:minecart":1,"minecraft:crossbow":1,"minecraft:diamond_sword":1,"minecraft:emerald":250,"minecraft:spruce_planks":3712,"minecraft:wooden_hoe":1,"minecraft:paper":381,"minecraft:diamond_pickaxe":2,"minecraft:stick":7336,"minecraft:iron_ingot":9,"minecraft:white_bed":1,"minecraft:torch":32},"minecraft:dropped":{"create:rose_quartz":2,"create:polished_rose_quartz":7,"create:iron_sheet":3,"minecraft:sugar_cane":3,"minecraft:blaze_rod":4,"minecraft:diamond_pickaxe":4,"minecraft:lectern":1},"minecraft:killed":{"minecraft:horse":18,"minecraft:wandering_trader":1,"minecraft:trader_llama":2,"minecraft:zombie":1,"minecraft:blaze":5},"minecraft:picked_up":{"minecraft:wheat":102,"minecraft:lead":2,"minecraft:diamond_sword":1,"minecraft:enchanted_book":4,"minecraft:shield":2,"minecraft:amethyst_block":36,"minecraft:item_frame":1,"create:sand_paper":1,"minecraft:diamond_leggings":2,"minecraft:calcite":27,"minecraft:iron_nugget":29,"minecraft:lectern":1,"minecraft:minecart":3,"minecraft:sugar_cane":393,"minecraft:spruce_trapdoor":2,"minecraft:golden_helmet":2,"minecraft:stick":570,"minecraft:raw_iron":4,"minecraft:torch":2,"minecraft:porkchop":3,"minecraft:cherry_log":10,"create:hand_crank":13,"minecraft:diorite":8,"minecraft:cauldron":1,"minecraft:rotten_flesh":2,"minecraft:diamond_chestplate":2,"minecraft:diamond_boots":2,"minecraft:iron_block":37,"minecraft:blaze_rod":4,"minecraft:rail":23,"minecraft:cobblestone":432,"minecraft:cooked_beef":46,"minecraft:andesite":55,"minecraft:leather":14,"minecraft:smoker":1,"minecraft:tuff":17,"create:raw_zinc":15,"create:andesite_alloy":15,"minecraft:nether_wart_block":3,"minecraft:wooden_hoe":1,"minecraft:dirt":87,"minecraft:twisting_vines":4,"minecraft:wheat_seeds":285,"minecraft:iron_ingot":7,"minecraft:diamond_helmet":1,"minecraft:iron_sword":2,"create:mechanical_saw":12,"minecraft:smooth_basalt":10,"minecraft:quartz":3,"minecraft:dripstone_block":1,"minecraft:gravel":1,"minecraft:stripped_spruce_log":2,"minecraft:spruce_sapling":246,"minecraft:spruce_log":1302,"minecraft:diamond":6,"minecraft:spruce_boat":6,"minecraft:diamond_axe":2,"minecraft:crossbow":1,"minecraft:granite":12,"minecraft:cherry_sapling":7,"minecraft:golden_apple":1,"create:rose_quartz":9,"minecraft:emerald":65,"minecraft:netherrack":24,"minecraft:coal":140,"minecraft:diamond_pickaxe":5},"minecraft:mined":{"create:zinc_ore":15,"minecraft:tuff":19,"minecraft:cherry_log":10,"minecraft:spruce_trapdoor":2,"minecraft:granite":12,"minecraft:grass_block":6,"minecraft:spruce_leaves":49,"minecraft:iron_ore":4,"minecraft:fire":7,"minecraft:andesite":27,"minecraft:stripped_spruce_log":2,"minecraft:rail":20,"minecraft:stone":433,"minecraft:podzol":3,"minecraft:twisting_vines_plant":1,"minecraft:torch":3,"minecraft:tall_grass":1,"minecraft:cobblestone":2,"minecraft:sugar_cane":214,"minecraft:diorite":8,"minecraft:wall_torch":1,"create:mechanical_saw":11,"minecraft:nether_wart_block":3,"minecraft:wheat":162,"minecraft:lava_cauldron":1,"minecraft:spruce_log":502,"minecraft:coal_ore":140,"minecraft:cherry_leaves":16,"create:hand_crank":3,"minecraft:gravel":3,"minecraft:dripstone_block":1,"minecraft:dirt":2,"minecraft:smooth_basalt":10,"minecraft:netherrack":59}},"DataVersion":3465}