{"stats":{"minecraft:broken":{"minecraft:iron_shovel":2,"minecraft:wooden_shovel":1,"minecraft:stone_pickaxe":11,"minecraft:iron_sword":1,"minecraft:iron_pickaxe":2,"minecraft:stone_shovel":2},"minecraft:custom":{"minecraft:mob_kills":59,"minecraft:animals_bred":16,"minecraft:interact_with_crafting_table":37,"minecraft:bell_ring":8,"minecraft:eat_cake_slice":2,"minecraft:leave_game":5,"minecraft:time_since_death":458766,"minecraft:climb_one_cm":769,"minecraft:sprint_one_cm":152618,"minecraft:walk_one_cm":2866066,"minecraft:damage_blocked_by_shield":460,"minecraft:drop":167,"minecraft:play_noteblock":83,"minecraft:play_time":653347,"minecraft:sneak_time":3449,"minecraft:deaths":1,"minecraft:walk_under_water_one_cm":25741,"minecraft:boat_one_cm":140678,"minecraft:jump":5462,"minecraft:walk_on_water_one_cm":58391,"minecraft:total_world_time":653347,"minecraft:interact_with_furnace":70,"minecraft:play_record":1,"minecraft:tune_noteblock":69,"minecraft:sleep_in_bed":33,"minecraft:time_since_rest":12627,"minecraft:damage_taken":3674,"minecraft:damage_dealt":7495,"minecraft:swim_one_cm":730,"minecraft:fly_one_cm":42484,"minecraft:open_chest":172,"minecraft:crouch_one_cm":3654,"minecraft:fall_one_cm":122554,"minecraft:horse_one_cm":143637},"minecraft:crafted":{"minecraft:wooden_sword":1,"minecraft:cookie":8,"minecraft:oak_planks":36,"minecraft:stone_shovel":4,"minecraft:jukebox":1,"minecraft:cooked_mutton":12,"minecraft:cake":1,"minecraft:iron_axe":2,"minecraft:stone_pickaxe":15,"minecraft:cooked_beef":8,"minecraft:sugar":4,"minecraft:wooden_shovel":1,"minecraft:cooked_porkchop":5,"minecraft:crafting_table":2,"minecraft:wooden_pickaxe":1,"minecraft:iron_sword":3,"minecraft:bucket":3,"minecraft:birch_planks":136,"minecraft:shield":2,"minecraft:stick":156,"minecraft:iron_pickaxe":9,"minecraft:wooden_axe":1,"minecraft:stone_sword":1,"minecraft:iron_shovel":4,"minecraft:gold_ingot":3,"minecraft:white_bed":1,"minecraft:note_block":1,"minecraft:pumpkin_pie":1,"minecraft:torch":260},"minecraft:mined":{"minecraft:tuff":2,"minecraft:white_bed":4,"minecraft:deepslate_diamond_ore":3,"minecraft:granite":2,"minecraft:budding_amethyst":3,"minecraft:grass_block":804,"minecraft:spruce_leaves":3,"minecraft:tall_seagrass":1,"minecraft:redstone_ore":3,"minecraft:iron_ore":115,"minecraft:cobbled_deepslate":4,"minecraft:andesite":2,"minecraft:pumpkin":5,"minecraft:deepslate_lapis_ore":11,"minecraft:potatoes":21,"minecraft:pointed_dripstone":7,"minecraft:deepslate_iron_ore":110,"minecraft:flowering_azalea_leaves":4,"minecraft:dirt_path":39,"minecraft:rail":2,"minecraft:small_amethyst_bud":1,"minecraft:stone":1635,"minecraft:deepslate_redstone_ore":63,"minecraft:dandelion":2,"minecraft:oak_fence":9,"minecraft:clay":1,"minecraft:cornflower":1,"minecraft:torch":1,"minecraft:calcite":31,"minecraft:chest":2,"minecraft:tall_grass":21,"minecraft:cobblestone":29,"minecraft:deepslate_coal_ore":1,"minecraft:lapis_ore":8,"minecraft:deepslate_gold_ore":35,"minecraft:sugar_cane":29,"minecraft:oak_planks":8,"minecraft:diorite":2,"minecraft:amethyst_block":36,"minecraft:seagrass":1,"minecraft:white_terracotta":1,"minecraft:purple_bed":1,"minecraft:birch_log":20,"minecraft:wheat":53,"minecraft:birch_leaves":2,"minecraft:grass":139,"minecraft:sand":86,"minecraft:oak_log":14,"minecraft:coal_ore":333,"minecraft:cocoa":5,"minecraft:gravel":133,"minecraft:dripstone_block":10,"minecraft:dirt":290,"minecraft:cobweb":82,"minecraft:red_mushroom_block":4,"minecraft:stonecutter":1,"minecraft:gold_ore":17,"minecraft:oak_leaves":54,"minecraft:deepslate":82},"minecraft:killed":{"minecraft:cave_spider":1,"minecraft:spider":1,"minecraft:skeleton":11,"minecraft:chicken":5,"minecraft:pig":2,"minecraft:sheep":13,"minecraft:zombie":12,"minecraft:cow":14},"minecraft:used":{"minecraft:oak_fence":8,"minecraft:stone_sword":13,"minecraft:iron_shovel":828,"minecraft:stone_shovel":363,"minecraft:shield":18,"minecraft:iron_sword":333,"minecraft:wooden_shovel":59,"minecraft:stone_hoe":17,"minecraft:cooked_chicken":3,"minecraft:torch":238,"minecraft:dirt":392,"minecraft:wooden_axe":17,"minecraft:iron_axe":6,"minecraft:oak_sapling":5,"minecraft:egg":5,"minecraft:cooked_beef":8,"minecraft:potato":37,"minecraft:cobbled_deepslate":17,"minecraft:wheat_seeds":60,"minecraft:cooked_mutton":4,"minecraft:birch_planks":10,"minecraft:stone_pickaxe":1541,"minecraft:wooden_pickaxe":35,"minecraft:sugar_cane":24,"minecraft:cookie":4,"minecraft:music_disc_cat":1,"minecraft:crafting_table":2,"minecraft:white_bed":5,"minecraft:note_block":1,"minecraft:cake":1,"minecraft:cornflower":3,"minecraft:bread":13,"minecraft:iron_pickaxe":1082,"minecraft:purple_bed":1,"minecraft:wooden_sword":21,"minecraft:cobblestone":348,"minecraft:cooked_porkchop":19,"minecraft:dandelion":5,"minecraft:jukebox":1},"minecraft:dropped":{"minecraft:water_bucket":2,"minecraft:iron_sword":1,"minecraft:birch_planks":1,"minecraft:wheat_seeds":1,"minecraft:oak_log":37,"minecraft:minecart":1,"minecraft:golden_horse_armor":1,"minecraft:dripstone_block":4,"minecraft:cooked_porkchop":1,"minecraft:oak_fence":13,"minecraft:cobblestone":64,"minecraft:cookie":4,"minecraft:granite":2,"minecraft:activator_rail":2,"minecraft:rail":3,"minecraft:flint":7,"minecraft:dirt":1,"minecraft:dispenser":1,"minecraft:torch":120,"minecraft:wooden_axe":1,"minecraft:pumpkin_pie":2,"minecraft:wooden_sword":1,"minecraft:iron_pickaxe":1,"minecraft:white_wool":14,"minecraft:bone":41,"minecraft:gravel":62,"minecraft:kelp":64,"minecraft:sugar_cane":26,"minecraft:oak_trapdoor":4,"minecraft:detector_rail":1,"minecraft:stone_sword":2,"minecraft:wheat":1,"minecraft:composter":2,"minecraft:tuff":2,"minecraft:stone_shovel":3,"minecraft:pointed_dripstone":2,"minecraft:rotten_flesh":1,"minecraft:white_bed":1,"minecraft:potato":130,"minecraft:oak_button":1,"minecraft:andesite":1,"minecraft:oak_boat":1,"minecraft:chest":2,"minecraft:redstone_torch":1,"minecraft:glass":2,"minecraft:wooden_pickaxe":1,"minecraft:stone_pickaxe":5},"minecraft:picked_up":{"minecraft:cocoa_beans":12,"minecraft:iron_chestplate":1,"minecraft:wheat":50,"minecraft:chicken":5,"minecraft:clay_ball":4,"minecraft:amethyst_block":36,"minecraft:cornflower":3,"minecraft:string":44,"minecraft:raw_copper":4,"minecraft:iron_leggings":1,"minecraft:cobbled_deepslate":78,"minecraft:detector_rail":1,"minecraft:beef":34,"minecraft:calcite":27,"minecraft:iron_pickaxe":1,"minecraft:sugar_cane":67,"minecraft:chest":2,"minecraft:iron_boots":1,"minecraft:egg":7,"minecraft:stick":20,"minecraft:raw_iron":221,"minecraft:oak_fence":18,"minecraft:torch":315,"minecraft:porkchop":5,"minecraft:pointed_dripstone":30,"minecraft:diorite":1,"minecraft:redstone":282,"minecraft:rotten_flesh":6,"minecraft:stone_sword":1,"minecraft:stone_shovel":1,"minecraft:arrow":22,"minecraft:pumpkin_pie":1,"minecraft:hay_block":1,"minecraft:white_terracotta":1,"minecraft:mutton":27,"minecraft:rail":3,"minecraft:white_wool":19,"minecraft:cobblestone":1607,"minecraft:birch_log":21,"minecraft:feather":1,"minecraft:andesite":2,"minecraft:leather":16,"minecraft:potato":124,"minecraft:flint":12,"minecraft:tuff":2,"minecraft:oak_log":46,"minecraft:paper":14,"minecraft:lapis_lazuli":135,"minecraft:dirt":974,"minecraft:bone":14,"minecraft:apple":2,"minecraft:kelp":64,"minecraft:stonecutter":1,"minecraft:wheat_seeds":165,"minecraft:raw_gold":52,"minecraft:stone_pickaxe":1,"minecraft:stone_hoe":1,"minecraft:iron_sword":2,"minecraft:oak_planks":8,"minecraft:flowering_azalea":1,"minecraft:pumpkin":5,"minecraft:dandelion":6,"minecraft:dripstone_block":16,"minecraft:gravel":124,"minecraft:sand":77,"minecraft:white_bed":6,"minecraft:purple_bed":1,"minecraft:diamond":4,"minecraft:iron_helmet":1,"minecraft:granite":3,"minecraft:oak_sapling":6,"minecraft:coal":324}},"DataVersion":3465}