{"stats":{"minecraft:custom":{"minecraft:mob_kills":51,"minecraft:interact_with_crafting_table":24,"minecraft:bell_ring":3,"minecraft:leave_game":4,"minecraft:time_since_death":228122,"minecraft:climb_one_cm":439,"minecraft:sprint_one_cm":12408,"minecraft:walk_one_cm":1968168,"minecraft:damage_blocked_by_shield":435,"minecraft:drop":118,"minecraft:play_time":422703,"minecraft:deaths":1,"minecraft:sneak_time":2073,"minecraft:walk_under_water_one_cm":10266,"minecraft:boat_one_cm":49293,"minecraft:jump":3329,"minecraft:walk_on_water_one_cm":29354,"minecraft:total_world_time":422703,"minecraft:interact_with_furnace":56,"minecraft:sleep_in_bed":21,"minecraft:time_since_rest":16971,"minecraft:damage_taken":2500,"minecraft:damage_dealt":5840,"minecraft:fly_one_cm":11569,"minecraft:open_chest":93,"minecraft:crouch_one_cm":1766,"minecraft:fall_one_cm":73194,"minecraft:horse_one_cm":143637},"minecraft:used":{"minecraft:oak_fence":8,"minecraft:stone_sword":13,"minecraft:iron_shovel":7,"minecraft:stone_shovel":363,"minecraft:shield":16,"minecraft:iron_sword":272,"minecraft:wooden_shovel":59,"minecraft:cooked_chicken":3,"minecraft:torch":203,"minecraft:dirt":279,"minecraft:wooden_axe":17,"minecraft:oak_sapling":2,"minecraft:egg":5,"minecraft:cooked_beef":1,"minecraft:potato":7,"minecraft:cobbled_deepslate":16,"minecraft:wheat_seeds":4,"minecraft:cooked_mutton":3,"minecraft:birch_planks":10,"minecraft:stone_pickaxe":1541,"minecraft:wooden_pickaxe":35,"minecraft:crafting_table":2,"minecraft:white_bed":5,"minecraft:cornflower":3,"minecraft:bread":13,"minecraft:iron_pickaxe":653,"minecraft:wooden_sword":21,"minecraft:purple_bed":1,"minecraft:cobblestone":287,"minecraft:cooked_porkchop":11,"minecraft:dandelion":5},"minecraft:mined":{"minecraft:white_bed":4,"minecraft:deepslate_diamond_ore":3,"minecraft:grass_block":153,"minecraft:spruce_leaves":3,"minecraft:redstone_ore":1,"minecraft:iron_ore":70,"minecraft:andesite":2,"minecraft:pumpkin":4,"minecraft:deepslate_lapis_ore":6,"minecraft:pointed_dripstone":7,"minecraft:deepslate_iron_ore":13,"minecraft:flowering_azalea_leaves":4,"minecraft:dirt_path":28,"minecraft:rail":2,"minecraft:stone":1572,"minecraft:deepslate_redstone_ore":47,"minecraft:dandelion":2,"minecraft:oak_fence":8,"minecraft:clay":1,"minecraft:cornflower":1,"minecraft:chest":2,"minecraft:tall_grass":14,"minecraft:cobblestone":26,"minecraft:deepslate_coal_ore":1,"minecraft:lapis_ore":3,"minecraft:deepslate_gold_ore":11,"minecraft:sugar_cane":4,"minecraft:oak_planks":8,"minecraft:diorite":1,"minecraft:purple_bed":1,"minecraft:birch_log":20,"minecraft:wheat":1,"minecraft:birch_leaves":2,"minecraft:grass":28,"minecraft:oak_log":9,"minecraft:coal_ore":333,"minecraft:gravel":123,"minecraft:dripstone_block":6,"minecraft:dirt":263,"minecraft:cobweb":82,"minecraft:red_mushroom_block":4,"minecraft:gold_ore":4,"minecraft:oak_leaves":11,"minecraft:deepslate":36},"minecraft:dropped":{"minecraft:iron_sword":1,"minecraft:wheat_seeds":1,"minecraft:golden_horse_armor":1,"minecraft:cobblestone":64,"minecraft:rail":1,"minecraft:dirt":1,"minecraft:torch":113,"minecraft:wooden_axe":1,"minecraft:wooden_sword":1,"minecraft:iron_pickaxe":1,"minecraft:white_wool":9,"minecraft:gravel":39,"minecraft:detector_rail":1,"minecraft:stone_sword":2,"minecraft:pointed_dripstone":2,"minecraft:stone_shovel":3,"minecraft:white_bed":1,"minecraft:chest":2,"minecraft:wooden_pickaxe":1,"minecraft:stone_pickaxe":5},"minecraft:killed":{"minecraft:cave_spider":1,"minecraft:spider":1,"minecraft:skeleton":10,"minecraft:chicken":5,"minecraft:pig":2,"minecraft:sheep":13,"minecraft:zombie":5,"minecraft:cow":14},"minecraft:picked_up":{"minecraft:iron_chestplate":1,"minecraft:wheat":1,"minecraft:chicken":5,"minecraft:clay_ball":4,"minecraft:cornflower":3,"minecraft:string":44,"minecraft:raw_copper":4,"minecraft:iron_leggings":1,"minecraft:cobbled_deepslate":30,"minecraft:detector_rail":1,"minecraft:beef":34,"minecraft:iron_pickaxe":1,"minecraft:sugar_cane":13,"minecraft:chest":2,"minecraft:iron_boots":1,"minecraft:egg":5,"minecraft:stick":17,"minecraft:raw_iron":81,"minecraft:oak_fence":8,"minecraft:torch":222,"minecraft:porkchop":5,"minecraft:pointed_dripstone":30,"minecraft:diorite":1,"minecraft:redstone":201,"minecraft:rotten_flesh":5,"minecraft:stone_shovel":1,"minecraft:arrow":16,"minecraft:stone_sword":1,"minecraft:hay_block":1,"minecraft:mutton":27,"minecraft:rail":3,"minecraft:white_wool":19,"minecraft:cobblestone":1518,"minecraft:birch_log":21,"minecraft:feather":1,"minecraft:andesite":2,"minecraft:leather":16,"minecraft:flint":10,"minecraft:oak_log":41,"minecraft:lapis_lazuli":72,"minecraft:dirt":366,"minecraft:paper":14,"minecraft:bone":13,"minecraft:apple":1,"minecraft:wheat_seeds":8,"minecraft:raw_gold":15,"minecraft:stone_pickaxe":1,"minecraft:oak_planks":8,"minecraft:iron_sword":2,"minecraft:flowering_azalea":1,"minecraft:pumpkin":4,"minecraft:dandelion":6,"minecraft:dripstone_block":12,"minecraft:gravel":116,"minecraft:white_bed":6,"minecraft:purple_bed":1,"minecraft:diamond":3,"minecraft:iron_helmet":1,"minecraft:granite":1,"minecraft:oak_sapling":3,"minecraft:coal":324},"minecraft:crafted":{"minecraft:wooden_sword":1,"minecraft:oak_planks":36,"minecraft:stone_shovel":4,"minecraft:cooked_mutton":12,"minecraft:iron_axe":1,"minecraft:stone_pickaxe":15,"minecraft:cooked_beef":8,"minecraft:wooden_shovel":1,"minecraft:cooked_porkchop":5,"minecraft:crafting_table":2,"minecraft:wooden_pickaxe":1,"minecraft:iron_sword":3,"minecraft:birch_planks":136,"minecraft:shield":2,"minecraft:stick":156,"minecraft:iron_pickaxe":9,"minecraft:wooden_axe":1,"minecraft:stone_sword":1,"minecraft:iron_shovel":1,"minecraft:white_bed":1,"minecraft:torch":260},"minecraft:broken":{"minecraft:wooden_shovel":1,"minecraft:stone_pickaxe":11,"minecraft:iron_sword":1,"minecraft:iron_pickaxe":1,"minecraft:stone_shovel":2}},"DataVersion":3465}