{"stats":{"minecraft:picked_up":{"minecraft:birch_log":21,"minecraft:chicken":4,"minecraft:clay_ball":4,"minecraft:flint":5,"minecraft:dirt":347,"minecraft:paper":14,"minecraft:bone":3,"minecraft:stone_pickaxe":1,"minecraft:beef":3,"minecraft:sugar_cane":13,"minecraft:chest":2,"minecraft:flowering_azalea":1,"minecraft:egg":1,"minecraft:stick":1,"minecraft:raw_iron":1,"minecraft:pumpkin":4,"minecraft:torch":47,"minecraft:gravel":79,"minecraft:diorite":1,"minecraft:white_bed":6,"minecraft:stone_sword":1,"minecraft:stone_shovel":1,"minecraft:arrow":2,"minecraft:purple_bed":1,"minecraft:oak_sapling":1,"minecraft:mutton":14,"minecraft:coal":214,"minecraft:white_wool":6,"minecraft:cobblestone":1456},"minecraft:used":{"minecraft:cooked_mutton":3,"minecraft:stone_sword":13,"minecraft:stone_shovel":363,"minecraft:stone_pickaxe":1541,"minecraft:wooden_pickaxe":35,"minecraft:shield":6,"minecraft:iron_sword":8,"minecraft:wooden_shovel":59,"minecraft:torch":45,"minecraft:dirt":279,"minecraft:crafting_table":1,"minecraft:white_bed":4,"minecraft:wooden_axe":17,"minecraft:bread":5,"minecraft:iron_pickaxe":221,"minecraft:wooden_sword":21,"minecraft:cobblestone":36,"minecraft:purple_bed":1,"minecraft:oak_sapling":2,"minecraft:cooked_porkchop":2},"minecraft:crafted":{"minecraft:wooden_sword":1,"minecraft:wooden_shovel":1,"minecraft:stone_shovel":4,"minecraft:cooked_porkchop":2,"minecraft:crafting_table":1,"minecraft:wooden_pickaxe":1,"minecraft:iron_sword":1,"minecraft:birch_planks":108,"minecraft:cooked_mutton":3,"minecraft:shield":1,"minecraft:iron_axe":1,"minecraft:stick":96,"minecraft:iron_pickaxe":5,"minecraft:stone_pickaxe":15,"minecraft:wooden_axe":1,"minecraft:stone_sword":1,"minecraft:torch":128},"minecraft:custom":{"minecraft:interact_with_furnace":24,"minecraft:mob_kills":12,"minecraft:interact_with_crafting_table":16,"minecraft:leave_game":2,"minecraft:time_since_death":21143,"minecraft:sleep_in_bed":13,"minecraft:climb_one_cm":439,"minecraft:time_since_rest":21227,"minecraft:sprint_one_cm":9114,"minecraft:damage_taken":1049,"minecraft:walk_one_cm":820414,"minecraft:damage_blocked_by_shield":175,"minecraft:drop":58,"minecraft:damage_dealt":1148,"minecraft:fly_one_cm":5416,"minecraft:open_chest":32,"minecraft:play_time":215724,"minecraft:crouch_one_cm":1766,"minecraft:sneak_time":2031,"minecraft:deaths":1,"minecraft:walk_under_water_one_cm":2204,"minecraft:boat_one_cm":49293,"minecraft:jump":1671,"minecraft:walk_on_water_one_cm":22116,"minecraft:total_world_time":215724,"minecraft:fall_one_cm":32555},"minecraft:broken":{"minecraft:stone_pickaxe":11,"minecraft:wooden_shovel":1,"minecraft:stone_shovel":2},"minecraft:killed":{"minecraft:skeleton":2,"minecraft:sheep":5,"minecraft:chicken":4,"minecraft:cow":1},"minecraft:mined":{"minecraft:white_bed":4,"minecraft:clay":1,"minecraft:grass_block":136,"minecraft:chest":2,"minecraft:tall_grass":5,"minecraft:cobblestone":20,"minecraft:spruce_leaves":3,"minecraft:sugar_cane":4,"minecraft:diorite":1,"minecraft:purple_bed":1,"minecraft:birch_log":20,"minecraft:iron_ore":1,"minecraft:birch_leaves":2,"minecraft:pumpkin":4,"minecraft:grass":3,"minecraft:coal_ore":214,"minecraft:flowering_azalea_leaves":4,"minecraft:dirt_path":28,"minecraft:gravel":98,"minecraft:dirt":245,"minecraft:red_mushroom_block":4,"minecraft:stone":1515,"minecraft:oak_leaves":4},"minecraft:dropped":{"minecraft:gravel":21,"minecraft:stone_sword":2,"minecraft:stone_shovel":3,"minecraft:cobblestone":37,"minecraft:white_bed":1,"minecraft:dirt":1,"minecraft:wooden_axe":1,"minecraft:chest":2,"minecraft:wooden_sword":1,"minecraft:wooden_pickaxe":1,"minecraft:stone_pickaxe":5,"minecraft:white_wool":4}},"DataVersion":3465}