{"stats":{"minecraft:picked_up":{"minecraft:birch_log":17,"minecraft:cocoa_beans":6,"minecraft:raw_iron":2,"minecraft:cooked_beef":39,"minecraft:water_bucket":9,"minecraft:jungle_log":1,"minecraft:torch":4,"minecraft:birch_planks":25,"minecraft:oak_log":8,"minecraft:pointed_dripstone":5,"minecraft:white_bed":1,"minecraft:dirt":7,"minecraft:raw_copper":24,"minecraft:iron_axe":7,"minecraft:iron_shovel":6,"minecraft:wheat_seeds":1,"minecraft:iron_pickaxe":1,"minecraft:oak_sapling":8,"minecraft:oak_planks":143,"minecraft:iron_sword":7,"minecraft:white_wool":3,"minecraft:egg":10},"minecraft:used":{"minecraft:water_bucket":14,"minecraft:iron_axe":88,"minecraft:iron_pickaxe":13,"minecraft:oak_planks":76,"minecraft:beef":13,"minecraft:crafting_table":1,"minecraft:birch_log":3,"minecraft:bucket":14,"minecraft:white_bed":2,"minecraft:egg":7,"minecraft:cooked_beef":5},"minecraft:crafted":{"minecraft:crafting_table":1,"minecraft:white_bed":1,"minecraft:birch_planks":8},"minecraft:custom":{"minecraft:time_since_rest":11155,"minecraft:interact_with_furnace":5,"minecraft:sprint_one_cm":270866,"minecraft:damage_taken":7700,"minecraft:walk_one_cm":174594,"minecraft:drop":61,"minecraft:damage_dealt":20,"minecraft:talked_to_villager":5,"minecraft:swim_one_cm":9287,"minecraft:interact_with_crafting_table":3,"minecraft:fly_one_cm":151271,"minecraft:open_chest":39,"minecraft:crouch_one_cm":4414,"minecraft:play_time":68494,"minecraft:deaths":9,"minecraft:sneak_time":1318,"minecraft:walk_under_water_one_cm":17377,"minecraft:pot_flower":1,"minecraft:jump":945,"minecraft:climb_one_cm":206,"minecraft:interact_with_blast_furnace":1,"minecraft:leave_game":2,"minecraft:walk_on_water_one_cm":10372,"minecraft:time_since_death":31240,"minecraft:sleep_in_bed":4,"minecraft:total_world_time":68494,"minecraft:fall_one_cm":95070,"minecraft:horse_one_cm":246516},"minecraft:mined":{"minecraft:white_bed":1,"minecraft:birch_log":6,"minecraft:iron_ore":2,"minecraft:birch_leaves":1,"minecraft:glow_lichen":1,"minecraft:grass":7,"minecraft:pointed_dripstone":3,"minecraft:oak_log":9,"minecraft:cocoa":2,"minecraft:vine":8,"minecraft:jungle_log":1,"minecraft:copper_ore":7,"minecraft:oak_planks":25,"minecraft:oak_leaves":47,"minecraft:fern":1},"minecraft:dropped":{"minecraft:dirt":3,"minecraft:birch_planks":19,"minecraft:oak_sapling":2,"minecraft:oak_planks":33,"minecraft:birch_log":4}},"DataVersion":3465}