{"stats":{"minecraft:custom":{"minecraft:jump":116,"minecraft:open_chest":11,"minecraft:time_since_rest":47176,"minecraft:walk_on_water_one_cm":2713,"minecraft:crouch_one_cm":237,"minecraft:leave_game":3,"minecraft:play_time":47176,"minecraft:sprint_one_cm":19708,"minecraft:damage_taken":10,"minecraft:time_since_death":47176,"minecraft:walk_one_cm":8578,"minecraft:sneak_time":2913,"minecraft:total_world_time":47176,"minecraft:fall_one_cm":1382,"minecraft:fly_one_cm":996845},"minecraft:picked_up":{"minecraft:potato":63},"minecraft:used":{"minecraft:white_bed":1,"minecraft:potato":96,"minecraft:splash_potion":1}},"DataVersion":3465}