{"stats":{"minecraft:used":{"minecraft:netherite_sword":7,"minecraft:zombie_villager_spawn_egg":9,"minecraft:chest":2,"minecraft:spruce_planks":3,"minecraft:shield":41,"minecraft:iron_sword":1,"minecraft:zombie_spawn_egg":5,"minecraft:netherrack":802,"minecraft:torch":507,"minecraft:dirt":37,"minecraft:anvil":1,"minecraft:tuff":7,"minecraft:granite":5,"minecraft:lava_bucket":1,"minecraft:bookshelf":6,"minecraft:villager_spawn_egg":30,"minecraft:grass_block":7,"minecraft:basalt":1,"minecraft:furnace":8,"minecraft:minecart":5,"minecraft:potato":182,"minecraft:cooked_beef":53,"minecraft:cobbled_deepslate":29,"minecraft:wheat_seeds":470,"minecraft:cooked_mutton":18,"minecraft:diorite":5,"minecraft:cobblestone_stairs":34,"minecraft:powered_rail":5,"create:crimsite":1,"minecraft:cauldron":1,"minecraft:cobblestone_slab":2,"minecraft:fletching_table":2,"minecraft:diamond_axe":3073,"minecraft:warped_roots":1,"minecraft:rail":124,"minecraft:blast_furnace":8,"minecraft:oak_slab":2,"minecraft:crafting_table":7,"minecraft:dripstone_block":1,"minecraft:white_bed":8,"minecraft:spruce_log":31,"minecraft:smoker":10,"minecraft:diamond_pickaxe":5709,"minecraft:diamond_shovel":86,"minecraft:oak_button":3,"minecraft:netherite_axe":54,"minecraft:lectern":556,"minecraft:spruce_trapdoor":4,"minecraft:gravel":2,"minecraft:spruce_sapling":148,"minecraft:diamond_sword":387,"minecraft:cobblestone":180,"minecraft:andesite":1,"minecraft:oak_boat":2,"minecraft:experience_bottle":14,"minecraft:splash_potion":8},"minecraft:custom":{"minecraft:mob_kills":143,"minecraft:interact_with_anvil":13,"minecraft:animals_bred":11,"minecraft:inspect_hopper":4,"minecraft:interact_with_crafting_table":48,"minecraft:fill_cauldron":1,"minecraft:leave_game":3,"minecraft:time_since_death":361781,"minecraft:sprint_one_cm":1234996,"minecraft:walk_one_cm":1009644,"minecraft:damage_blocked_by_shield":2970,"minecraft:drop":207,"minecraft:talked_to_villager":906,"minecraft:play_time":560819,"minecraft:deaths":1,"minecraft:sneak_time":100932,"minecraft:walk_under_water_one_cm":1985,"minecraft:boat_one_cm":7335,"minecraft:jump":8327,"minecraft:interact_with_blast_furnace":137,"minecraft:walk_on_water_one_cm":8982,"minecraft:total_world_time":560819,"minecraft:interact_with_furnace":190,"minecraft:traded_with_villager":1179,"minecraft:interact_with_grindstone":4,"minecraft:sleep_in_bed":25,"minecraft:time_since_rest":17590,"minecraft:damage_taken":3310,"minecraft:damage_dealt":27763,"minecraft:swim_one_cm":14165,"minecraft:fly_one_cm":3479897,"minecraft:open_chest":258,"minecraft:crouch_one_cm":364715,"minecraft:interact_with_smoker":41,"minecraft:fall_one_cm":136266},"minecraft:broken":{"minecraft:diamond_axe":1,"minecraft:diamond_pickaxe":1},"minecraft:crafted":{"minecraft:smooth_stone":24,"minecraft:oak_planks":128,"minecraft:redstone":48,"minecraft:coal":126,"minecraft:experience_bottle":14,"minecraft:spruce_button":64,"minecraft:furnace":17,"minecraft:blast_furnace":8,"minecraft:cobblestone_stairs":200,"minecraft:stone":24,"minecraft:diamond_shovel":5,"minecraft:bookshelf":12,"minecraft:raw_copper_block":45,"minecraft:cooked_mutton":64,"minecraft:diamond_helmet":4,"minecraft:diamond_leggings":7,"minecraft:raw_copper":405,"minecraft:ender_pearl":24,"minecraft:diamond_boots":7,"minecraft:copper_block":45,"minecraft:redstone_block":19,"minecraft:dried_kelp_block":77,"minecraft:smoker":9,"minecraft:coal_block":62,"minecraft:diamond_sword":2,"minecraft:emerald":968,"minecraft:diamond_axe":6,"minecraft:crafting_table":7,"minecraft:spruce_planks":11776,"minecraft:dried_kelp":571,"minecraft:iron_helmet":12,"minecraft:raw_gold_block":11,"minecraft:iron_sword":6,"minecraft:copper_ingot":405,"minecraft:glowstone":24,"minecraft:enchanted_book":17,"minecraft:air":0,"create:raw_zinc_block":61,"minecraft:spruce_trapdoor":10,"minecraft:diamond_pickaxe":2,"minecraft:shield":5,"minecraft:raw_gold":99,"minecraft:stick":23512,"minecraft:iron_ingot":45,"create:raw_zinc":549,"minecraft:chainmail_boots":12,"create:zinc_block":59,"minecraft:iron_shovel":3,"minecraft:gold_ingot":104,"minecraft:anvil":1,"minecraft:white_bed":2,"minecraft:torch":660,"create:zinc_ingot":543,"minecraft:lapis_block":31,"minecraft:lapis_lazuli":24,"minecraft:diamond_chestplate":4},"minecraft:dropped":{"minecraft:iron_ingot":1,"minecraft:iron_sword":3,"minecraft:porkchop":8,"minecraft:wheat_seeds":108,"minecraft:diamond_axe":3,"minecraft:cooked_beef":32,"minecraft:diamond":52,"minecraft:minecart":1,"minecraft:diamond_leggings":1,"minecraft:cobblestone":13,"minecraft:iron_helmet":7,"minecraft:granite":1,"minecraft:coal":4,"minecraft:stick":70,"minecraft:emerald":67,"minecraft:flint":80,"minecraft:lava_bucket":1,"minecraft:diorite":14,"minecraft:string":10,"minecraft:music_disc_cat":1,"minecraft:dandelion":8,"minecraft:smooth_basalt":1,"minecraft:bone":40,"minecraft:zombie_spawn_egg":2,"minecraft:cobbled_deepslate":5,"minecraft:tuff":1,"minecraft:netherite_sword":2,"minecraft:raw_iron":5,"minecraft:rotten_flesh":51,"minecraft:oak_planks":3,"minecraft:azure_bluet":1,"minecraft:name_tag":1,"create:asurine":1,"minecraft:white_bed":1,"minecraft:poppy":128,"minecraft:potato":64,"minecraft:shield":2,"create:veridium":54,"minecraft:diamond_chestplate":1,"minecraft:andesite":4,"minecraft:chainmail_boots":7,"minecraft:spider_eye":8,"minecraft:diamond_boots":3,"minecraft:arrow":46,"minecraft:lectern":3},"minecraft:killed":{"minecraft:spider":6,"minecraft:skeleton":18,"minecraft:piglin":20,"minecraft:zombie_villager":2,"minecraft:bat":1,"minecraft:hoglin":2,"minecraft:creeper":6,"minecraft:zombie":34,"minecraft:villager":12,"minecraft:blaze":35,"minecraft:enderman":4},"minecraft:picked_up":{"minecraft:azure_bluet":1,"minecraft:iron_chestplate":1,"minecraft:wheat":125,"minecraft:splash_potion":2,"minecraft:enchanted_book":3,"minecraft:potion":1,"minecraft:golden_sword":1,"minecraft:string":10,"minecraft:soul_soil":3,"minecraft:raw_copper":524,"minecraft:iron_leggings":1,"minecraft:cobbled_deepslate":51,"minecraft:netherite_sword":2,"minecraft:spruce_planks":1,"minecraft:poppy":162,"minecraft:lectern":3,"minecraft:minecart":6,"minecraft:chest":2,"minecraft:furnace":8,"minecraft:iron_boots":1,"minecraft:raw_iron":61,"minecraft:stick":183,"minecraft:torch":23,"minecraft:porkchop":8,"minecraft:diorite":107,"minecraft:redstone":171,"minecraft:golden_chestplate":1,"create:zinc_ingot":27,"minecraft:arrow":46,"minecraft:rotten_flesh":52,"create:ochrum":11,"create:asurine":1,"create:veridium":54,"minecraft:blaze_rod":66,"minecraft:rail":16,"minecraft:cobblestone":2321,"minecraft:basalt":1,"minecraft:andesite":105,"minecraft:leather":6,"minecraft:smoker":1,"minecraft:potato":63,"minecraft:tuff":34,"create:raw_zinc":601,"minecraft:oak_log":64,"minecraft:cobblestone_stairs":2,"minecraft:gunpowder":7,"minecraft:lapis_lazuli":286,"minecraft:dirt":50,"minecraft:bone":40,"minecraft:wheat_seeds":349,"minecraft:raw_gold":104,"minecraft:iron_ingot":86,"minecraft:soul_sand":30,"minecraft:book":18,"minecraft:smooth_basalt":1,"minecraft:dandelion":8,"minecraft:dripstone_block":5,"minecraft:gravel":11,"minecraft:stripped_spruce_log":4,"minecraft:spruce_sapling":224,"minecraft:white_bed":7,"minecraft:spruce_log":2972,"minecraft:spider_eye":8,"create:crimsite":1,"minecraft:diamond":19,"minecraft:iron_helmet":1,"minecraft:granite":13,"minecraft:crossbow":1,"minecraft:warped_roots":1,"minecraft:oak_button":3,"minecraft:coal":445,"minecraft:netherrack":1886,"minecraft:warped_nylium":3,"minecraft:crimson_roots":5,"minecraft:ender_pearl":9,"minecraft:diamond_pickaxe":1},"minecraft:mined":{"create:zinc_ore":138,"minecraft:tuff":34,"minecraft:diamond_ore":1,"create:deepslate_zinc_ore":147,"minecraft:spruce_planks":1,"minecraft:white_bed":7,"minecraft:deepslate_diamond_ore":9,"minecraft:cobblestone_stairs":2,"minecraft:granite":9,"minecraft:grass_block":15,"minecraft:crimson_roots":5,"create:ochrum":11,"minecraft:soul_soil":3,"minecraft:spruce_leaves":29,"minecraft:weeping_vines_plant":1,"minecraft:redstone_ore":19,"minecraft:spruce_sapling":4,"minecraft:furnace":8,"minecraft:cobbled_deepslate":2,"minecraft:iron_ore":26,"minecraft:fire":45,"minecraft:andesite":105,"minecraft:stripped_spruce_log":4,"minecraft:deepslate_lapis_ore":10,"minecraft:azure_bluet":1,"create:asurine":1,"minecraft:bookshelf":6,"minecraft:deepslate_iron_ore":1,"minecraft:dirt_path":1,"minecraft:rail":16,"minecraft:stone":2533,"create:veridium":54,"minecraft:podzol":2,"minecraft:deepslate_redstone_ore":9,"minecraft:soul_sand":34,"minecraft:smoker":1,"minecraft:crimson_nylium":4,"minecraft:basalt":1,"minecraft:dandelion":9,"minecraft:torch":17,"minecraft:warped_roots":2,"minecraft:chest":2,"minecraft:copper_ore":82,"minecraft:nether_quartz_ore":3,"minecraft:glass":2,"minecraft:tall_grass":1,"minecraft:cobblestone":20,"minecraft:deepslate_coal_ore":7,"minecraft:deepslate_gold_ore":37,"minecraft:lapis_ore":11,"minecraft:diorite":108,"minecraft:wall_torch":1,"minecraft:deepslate_copper_ore":2,"minecraft:warped_nylium":4,"minecraft:wheat":79,"minecraft:spruce_log":2983,"minecraft:grass":76,"minecraft:oak_log":64,"minecraft:coal_ore":217,"minecraft:gravel":5,"minecraft:dripstone_block":5,"minecraft:dirt":33,"minecraft:smooth_basalt":1,"create:crimsite":1,"minecraft:gold_ore":14,"minecraft:deepslate":51,"minecraft:netherrack":1994,"minecraft:oak_leaves":1}},"DataVersion":3465}