{"stats":{"minecraft:used":{"minecraft:wheat_seeds":229,"minecraft:netherite_sword":7,"minecraft:cobblestone_stairs":1,"minecraft:powered_rail":5,"minecraft:zombie_villager_spawn_egg":9,"minecraft:iron_sword":1,"minecraft:zombie_spawn_egg":5,"minecraft:cauldron":1,"minecraft:fletching_table":2,"minecraft:diamond_axe":957,"minecraft:cobblestone_slab":2,"minecraft:rail":113,"minecraft:oak_slab":2,"minecraft:white_bed":1,"minecraft:spruce_log":2,"minecraft:lava_bucket":1,"minecraft:bookshelf":1,"minecraft:villager_spawn_egg":30,"minecraft:grass_block":7,"minecraft:oak_button":2,"minecraft:netherite_axe":54,"minecraft:lectern":556,"minecraft:spruce_sapling":50,"minecraft:cobblestone":17,"minecraft:minecart":1,"minecraft:oak_boat":2,"minecraft:cooked_beef":3,"minecraft:potato":182,"minecraft:splash_potion":6},"minecraft:custom":{"minecraft:interact_with_anvil":2,"minecraft:mob_kills":18,"minecraft:traded_with_villager":507,"minecraft:fill_cauldron":1,"minecraft:leave_game":3,"minecraft:time_since_death":1781,"minecraft:sleep_in_bed":4,"minecraft:time_since_rest":1942,"minecraft:sprint_one_cm":158789,"minecraft:damage_taken":274,"minecraft:walk_one_cm":318890,"minecraft:drop":45,"minecraft:damage_dealt":3301,"minecraft:talked_to_villager":755,"minecraft:fly_one_cm":1833778,"minecraft:open_chest":23,"minecraft:crouch_one_cm":42373,"minecraft:play_time":200819,"minecraft:deaths":1,"minecraft:sneak_time":18256,"minecraft:boat_one_cm":7335,"minecraft:jump":905,"minecraft:walk_on_water_one_cm":2713,"minecraft:total_world_time":200819,"minecraft:fall_one_cm":4197},"minecraft:crafted":{"minecraft:redstone":48,"minecraft:diamond_sword":1,"minecraft:emerald":348,"minecraft:diamond_axe":4,"minecraft:spruce_planks":3796,"minecraft:spruce_button":64,"minecraft:iron_helmet":12,"minecraft:iron_sword":6,"minecraft:diamond_shovel":4,"minecraft:bookshelf":7,"minecraft:glowstone":24,"minecraft:enchanted_book":1,"minecraft:air":0,"minecraft:diamond_helmet":1,"minecraft:diamond_leggings":4,"minecraft:diamond_pickaxe":1,"minecraft:shield":2,"minecraft:stick":7464,"minecraft:chainmail_boots":12,"minecraft:ender_pearl":24,"minecraft:iron_shovel":3,"minecraft:diamond_boots":4,"minecraft:lapis_lazuli":24,"minecraft:diamond_chestplate":1},"minecraft:dropped":{"minecraft:iron_sword":3,"minecraft:zombie_spawn_egg":2,"minecraft:diamond_axe":3,"minecraft:cooked_beef":32,"minecraft:diamond":52,"minecraft:minecart":1,"minecraft:netherite_sword":2,"minecraft:rotten_flesh":3,"minecraft:iron_helmet":7,"minecraft:name_tag":1,"minecraft:coal":4,"minecraft:flint":80,"minecraft:emerald":67,"minecraft:lava_bucket":1,"minecraft:chainmail_boots":7,"minecraft:diamond_boots":2,"minecraft:lectern":3},"minecraft:killed":{"minecraft:zombie_villager":1,"minecraft:bat":1,"minecraft:zombie":3,"minecraft:villager":12},"minecraft:mined":{"minecraft:spruce_leaves":16,"minecraft:spruce_sapling":2,"minecraft:spruce_log":954,"minecraft:bookshelf":1},"minecraft:picked_up":{"minecraft:potato":63,"minecraft:netherite_sword":2,"minecraft:lectern":3,"minecraft:book":3,"minecraft:stick":23,"minecraft:spruce_sapling":72,"minecraft:spruce_log":951,"minecraft:rotten_flesh":4,"minecraft:oak_button":2}},"DataVersion":3465}