{"stats":{"minecraft:used":{"minecraft:chest":7,"minecraft:shield":51,"minecraft:iron_sword":1,"minecraft:zombie_spawn_egg":5,"create:cogwheel":156,"create:depot":4,"minecraft:tuff":7,"minecraft:spruce_boat":2,"minecraft:glass":18,"minecraft:lava_bucket":1,"minecraft:villager_spawn_egg":30,"minecraft:grass_block":7,"create:andesite_funnel":4,"minecraft:bow":18,"minecraft:warped_fungus":3,"minecraft:scaffolding":119,"create:shaft":80,"minecraft:furnace":8,"minecraft:potato":182,"minecraft:diorite":5,"minecraft:powered_rail":6,"create:crimsite":1,"minecraft:ender_pearl":2,"minecraft:diamond_axe":3335,"create:mechanical_saw":20,"minecraft:blast_furnace":8,"minecraft:dripstone_block":1,"minecraft:redstone_torch":1,"minecraft:lectern":715,"minecraft:gravel":2,"minecraft:diamond_sword":443,"create:basin":3,"create:stressometer":24,"minecraft:andesite":1,"minecraft:oak_boat":2,"create:large_cogwheel":67,"minecraft:experience_bottle":14,"minecraft:netherite_sword":7,"minecraft:zombie_villager_spawn_egg":9,"minecraft:spruce_planks":9,"minecraft:netherrack":1667,"minecraft:torch":612,"minecraft:dirt":40,"minecraft:anvil":1,"create:mechanical_mixer":5,"minecraft:hopper":4,"minecraft:granite":5,"create:smart_chute":1,"minecraft:bookshelf":6,"create:wrench":297,"minecraft:barrel":3,"minecraft:basalt":39,"minecraft:iron_trapdoor":48,"minecraft:minecart":5,"minecraft:cooked_beef":53,"minecraft:cobbled_deepslate":29,"create:belt_connector":21,"minecraft:wheat_seeds":470,"minecraft:cooked_mutton":78,"minecraft:water_bucket":28,"minecraft:cobblestone_stairs":34,"minecraft:cauldron":2,"minecraft:fletching_table":2,"minecraft:cobblestone_slab":2,"create:blaze_burner":2,"minecraft:warped_roots":3,"minecraft:rail":140,"minecraft:oak_slab":2,"create:brass_funnel":4,"minecraft:crafting_table":7,"minecraft:white_bed":9,"minecraft:spruce_log":63,"minecraft:smoker":18,"minecraft:diamond_pickaxe":8024,"create:andesite_ladder":3,"minecraft:diamond_shovel":145,"create:mechanical_press":8,"minecraft:oak_button":3,"minecraft:netherite_axe":54,"create:water_wheel":12,"minecraft:spruce_trapdoor":4,"minecraft:spruce_sapling":168,"create:large_water_wheel":12,"minecraft:cobblestone":825,"minecraft:bucket":29,"create:hand_crank":12,"minecraft:splash_potion":8},"minecraft:custom":{"minecraft:animals_bred":34,"minecraft:interact_with_crafting_table":123,"minecraft:open_barrel":7,"minecraft:leave_game":5,"minecraft:time_since_death":788245,"minecraft:sprint_one_cm":2095454,"minecraft:damage_blocked_by_shield":3915,"minecraft:drop":240,"minecraft:talked_to_villager":1115,"minecraft:play_time":987283,"minecraft:deaths":1,"minecraft:jump":15164,"minecraft:walk_on_water_one_cm":19525,"minecraft:interact_with_furnace":191,"minecraft:traded_with_villager":1331,"minecraft:sleep_in_bed":51,"minecraft:damage_dealt":31853,"minecraft:crouch_one_cm":573484,"minecraft:interact_with_smoker":168,"minecraft:mob_kills":171,"minecraft:interact_with_anvil":13,"minecraft:inspect_hopper":6,"minecraft:fill_cauldron":1,"minecraft:climb_one_cm":61642,"minecraft:walk_one_cm":1929170,"minecraft:sneak_time":145061,"minecraft:walk_under_water_one_cm":13919,"minecraft:boat_one_cm":59220,"minecraft:interact_with_blast_furnace":148,"minecraft:total_world_time":987283,"minecraft:interact_with_grindstone":4,"minecraft:time_since_rest":12931,"minecraft:damage_taken":4934,"minecraft:swim_one_cm":17924,"minecraft:fly_one_cm":5019452,"minecraft:open_chest":651,"minecraft:fall_one_cm":252933},"minecraft:broken":{"minecraft:diamond_pickaxe":2,"minecraft:diamond_axe":1,"create:sand_paper":1},"minecraft:crafted":{"minecraft:oak_planks":128,"minecraft:smooth_stone":24,"minecraft:barrel":2,"minecraft:stone":24,"minecraft:cobblestone_stairs":200,"minecraft:diamond_shovel":5,"minecraft:bookshelf":12,"minecraft:cooked_mutton":128,"minecraft:hopper":4,"minecraft:iron_boots":1,"create:andesite_funnel":4,"minecraft:diamond_helmet":4,"minecraft:bow":4,"minecraft:diamond_leggings":7,"minecraft:raw_copper":405,"create:mechanical_press":1,"minecraft:tipped_arrow":60,"minecraft:chest":5,"minecraft:copper_block":45,"minecraft:dried_kelp_block":137,"create:brass_funnel":2,"create:cogwheel":30,"minecraft:smoker":9,"create:depot":2,"minecraft:emerald":1073,"minecraft:arrow":448,"create:rose_quartz":18,"minecraft:diamond_axe":6,"minecraft:crafting_table":7,"minecraft:spruce_planks":13656,"create:mechanical_saw":2,"minecraft:iron_helmet":13,"minecraft:raw_gold_block":11,"minecraft:copper_ingot":405,"create:sand_paper":15,"create:mechanical_mixer":1,"create:stressometer":1,"minecraft:spruce_trapdoor":10,"minecraft:iron_chestplate":1,"minecraft:paper":21,"minecraft:diamond_pickaxe":4,"create:water_wheel":10,"minecraft:shield":5,"minecraft:stick":26452,"minecraft:iron_ingot":495,"minecraft:compass":1,"minecraft:iron_block":16,"minecraft:gold_ingot":104,"create:large_cogwheel":10,"create:empty_blaze_burner":1,"create:chute":4,"minecraft:redstone":183,"minecraft:coal":198,"create:wrench":1,"minecraft:iron_nugget":450,"minecraft:experience_bottle":14,"minecraft:spruce_button":64,"minecraft:furnace":17,"create:smart_chute":1,"minecraft:blast_furnace":8,"minecraft:raw_copper_block":45,"minecraft:scaffolding":126,"minecraft:spruce_slab":24,"minecraft:ender_pearl":24,"minecraft:diamond_boots":7,"minecraft:redstone_block":19,"create:basin":1,"create:electron_tube":10,"create:belt_connector":9,"minecraft:golden_helmet":1,"minecraft:coal_block":62,"create:andesite_alloy":96,"create:hand_crank":1,"minecraft:diamond_sword":2,"minecraft:iron_trapdoor":48,"minecraft:dried_kelp":1123,"minecraft:iron_sword":6,"create:goggles":1,"create:large_water_wheel":12,"minecraft:bucket":2,"minecraft:glowstone":24,"minecraft:enchanted_book":18,"minecraft:air":0,"create:raw_zinc_block":61,"create:speedometer":1,"create:whisk":1,"minecraft:golden_apple":5,"minecraft:raw_gold":99,"create:raw_zinc":549,"minecraft:chainmail_boots":12,"create:zinc_block":59,"minecraft:iron_shovel":3,"minecraft:iron_leggings":1,"minecraft:anvil":1,"minecraft:white_bed":5,"create:shaft":64,"minecraft:torch":916,"create:zinc_ingot":543,"minecraft:lapis_lazuli":24,"minecraft:lapis_block":31,"minecraft:diamond_chestplate":4},"minecraft:dropped":{"minecraft:iron_sword":3,"minecraft:porkchop":8,"minecraft:diamond_axe":3,"minecraft:cooked_beef":42,"minecraft:diamond":52,"minecraft:rail":2,"minecraft:flint":80,"minecraft:emerald":67,"create:goggles":1,"minecraft:gold_ingot":4,"minecraft:bone":40,"minecraft:iron_nugget":29,"minecraft:cobbled_deepslate":5,"minecraft:netherite_sword":2,"minecraft:rotten_flesh":51,"minecraft:oak_planks":3,"minecraft:cooked_mutton":21,"create:asurine":1,"minecraft:azure_bluet":1,"minecraft:white_bed":1,"minecraft:poppy":128,"minecraft:chainmail_boots":7,"minecraft:arrow":49,"create:andesite_alloy":15,"minecraft:lectern":3,"minecraft:iron_ingot":7,"create:rose_quartz":9,"minecraft:wheat_seeds":108,"create:mechanical_saw":1,"minecraft:minecart":1,"minecraft:diamond_leggings":1,"minecraft:cobblestone":13,"minecraft:iron_helmet":7,"minecraft:granite":1,"minecraft:copper_ingot":44,"minecraft:golden_apple":4,"minecraft:coal":4,"minecraft:stick":70,"minecraft:lava_bucket":1,"minecraft:diorite":14,"minecraft:string":10,"minecraft:music_disc_cat":1,"create:sand_paper":1,"minecraft:dandelion":8,"minecraft:smooth_basalt":1,"minecraft:zombie_spawn_egg":2,"minecraft:tuff":1,"minecraft:raw_iron":5,"minecraft:name_tag":1,"minecraft:potato":64,"minecraft:shield":2,"create:veridium":54,"minecraft:diamond_chestplate":1,"create:zinc_ingot":55,"minecraft:andesite":33,"create:hand_crank":1,"minecraft:spider_eye":8,"minecraft:spruce_log":4,"minecraft:diamond_boots":3},"minecraft:killed":{"minecraft:spider":6,"minecraft:skeleton":20,"minecraft:magma_cube":13,"minecraft:piglin":20,"minecraft:zombie_villager":2,"minecraft:creeper":6,"minecraft:zombie":34,"minecraft:blaze":38,"minecraft:bat":1,"minecraft:hoglin":2,"minecraft:wither_skeleton":2,"minecraft:villager":13,"minecraft:enderman":10},"minecraft:mined":{"create:deepslate_zinc_ore":147,"minecraft:spruce_planks":5,"minecraft:white_bed":7,"minecraft:cobblestone_stairs":2,"minecraft:spruce_trapdoor":48,"minecraft:granite":9,"minecraft:grass_block":18,"minecraft:soul_soil":3,"minecraft:weeping_vines_plant":1,"minecraft:cobbled_deepslate":2,"minecraft:iron_ore":26,"minecraft:fire":52,"minecraft:barrel":1,"minecraft:deepslate_lapis_ore":10,"minecraft:azure_bluet":1,"create:asurine":1,"minecraft:dirt_path":1,"create:veridium":54,"minecraft:deepslate_redstone_ore":9,"minecraft:blackstone":18,"minecraft:smoker":10,"minecraft:crimson_nylium":4,"minecraft:torch":24,"minecraft:chest":5,"minecraft:glass":4,"minecraft:nether_quartz_ore":3,"minecraft:cobblestone":464,"minecraft:sugar_cane":25,"minecraft:wall_torch":1,"minecraft:cauldron":1,"minecraft:deepslate_copper_ore":2,"create:basin":2,"minecraft:warped_nylium":9,"minecraft:powered_rail":1,"minecraft:wheat":79,"create:mechanical_mixer":2,"minecraft:warped_fungus":1,"minecraft:grass":76,"minecraft:oak_log":64,"create:stressometer":3,"minecraft:sand":34,"minecraft:dirt":34,"minecraft:smooth_basalt":1,"minecraft:netherrack":3356,"create:crimsite":1,"minecraft:oak_leaves":2,"minecraft:deepslate":51,"create:zinc_ore":138,"minecraft:diamond_ore":1,"minecraft:tuff":34,"minecraft:deepslate_diamond_ore":9,"minecraft:crimson_roots":5,"create:ochrum":11,"minecraft:spruce_leaves":29,"minecraft:redstone_ore":19,"create:shaft":2,"minecraft:spruce_sapling":4,"minecraft:furnace":8,"minecraft:nether_sprouts":1,"minecraft:andesite":105,"minecraft:stripped_spruce_log":4,"minecraft:bookshelf":6,"minecraft:deepslate_iron_ore":1,"minecraft:rail":36,"minecraft:stone":2610,"minecraft:podzol":2,"minecraft:scaffolding":32,"minecraft:soul_sand":34,"minecraft:basalt":362,"minecraft:dandelion":9,"minecraft:warped_roots":3,"minecraft:lectern":159,"minecraft:tall_grass":1,"minecraft:copper_ore":84,"minecraft:deepslate_coal_ore":7,"minecraft:lapis_ore":11,"minecraft:deepslate_gold_ore":37,"minecraft:diorite":108,"create:mechanical_saw":3,"minecraft:redstone_torch":1,"minecraft:spruce_log":2994,"minecraft:coal_ore":217,"minecraft:gravel":5,"minecraft:dripstone_block":5,"minecraft:gold_ore":14},"minecraft:picked_up":{"minecraft:iron_chestplate":1,"minecraft:wheat":125,"minecraft:potion":1,"minecraft:enchanted_book":3,"minecraft:golden_sword":1,"minecraft:raw_copper":636,"minecraft:string":10,"minecraft:soul_soil":3,"minecraft:iron_leggings":1,"minecraft:cobbled_deepslate":51,"minecraft:spruce_planks":5,"minecraft:redstone_torch":1,"minecraft:furnace":8,"minecraft:iron_boots":1,"minecraft:stick":228,"create:mechanical_mixer":2,"minecraft:torch":31,"minecraft:porkchop":8,"minecraft:dried_kelp":67,"minecraft:diorite":107,"minecraft:golden_chestplate":1,"minecraft:cauldron":1,"create:large_cogwheel":2,"minecraft:rotten_flesh":52,"create:ochrum":11,"create:asurine":1,"create:veridium":54,"minecraft:blaze_rod":66,"minecraft:cobblestone":3062,"minecraft:cooked_beef":10,"minecraft:magma_cream":5,"minecraft:andesite":106,"minecraft:smoker":9,"minecraft:potato":63,"minecraft:tuff":34,"create:raw_zinc":601,"minecraft:lapis_lazuli":286,"minecraft:dirt":53,"minecraft:bone":42,"minecraft:wheat_seeds":349,"minecraft:raw_gold":104,"create:goggles":1,"create:shaft":1,"minecraft:powered_rail":1,"create:cogwheel":2,"minecraft:sand":53,"minecraft:stripped_spruce_log":4,"minecraft:barrel":1,"create:crimsite":1,"minecraft:diamond":19,"minecraft:spruce_boat":3,"minecraft:crossbow":1,"minecraft:granite":13,"minecraft:netherrack":3144,"create:stressometer":4,"minecraft:crimson_roots":5,"minecraft:diamond_pickaxe":1,"minecraft:azure_bluet":1,"minecraft:splash_potion":2,"minecraft:blackstone":18,"minecraft:netherite_sword":2,"create:basin":2,"minecraft:poppy":162,"minecraft:minecart":8,"minecraft:lectern":162,"minecraft:sugar_cane":23,"minecraft:chest":5,"minecraft:spruce_trapdoor":44,"create:polished_rose_quartz":7,"minecraft:raw_iron":61,"create:golden_sheet":4,"create:hand_crank":9,"minecraft:redstone":171,"create:zinc_ingot":27,"minecraft:arrow":49,"minecraft:rail":34,"create:iron_sheet":3,"minecraft:basalt":359,"minecraft:leather":6,"minecraft:oak_log":64,"create:andesite_alloy":15,"minecraft:gunpowder":7,"minecraft:cobblestone_stairs":2,"minecraft:paper":6,"minecraft:cooked_mutton":30,"minecraft:iron_ingot":86,"minecraft:soul_sand":30,"create:mechanical_saw":3,"minecraft:book":18,"minecraft:scaffolding":114,"minecraft:smooth_basalt":1,"minecraft:warped_fungus":3,"minecraft:dandelion":8,"minecraft:dripstone_block":5,"minecraft:gravel":11,"minecraft:spruce_sapling":302,"minecraft:white_bed":7,"minecraft:spruce_log":3456,"minecraft:spider_eye":8,"minecraft:dried_kelp_block":4,"minecraft:iron_helmet":1,"create:rose_quartz":2,"minecraft:oak_button":3,"minecraft:warped_roots":3,"minecraft:warped_nylium":3,"minecraft:coal":445,"minecraft:ender_pearl":23}},"DataVersion":3465}