{"stats":{"minecraft:used":{"minecraft:wheat_seeds":229,"minecraft:netherite_sword":7,"minecraft:cobblestone_stairs":1,"minecraft:powered_rail":5,"minecraft:zombie_villager_spawn_egg":9,"minecraft:shield":8,"minecraft:iron_sword":1,"minecraft:zombie_spawn_egg":5,"minecraft:cauldron":1,"minecraft:fletching_table":2,"minecraft:diamond_axe":1253,"minecraft:cobblestone_slab":2,"minecraft:netherrack":124,"minecraft:rail":113,"minecraft:oak_slab":2,"minecraft:white_bed":1,"minecraft:spruce_log":2,"minecraft:diamond_pickaxe":231,"minecraft:lava_bucket":1,"minecraft:bookshelf":2,"minecraft:villager_spawn_egg":30,"minecraft:grass_block":7,"minecraft:oak_button":2,"minecraft:netherite_axe":54,"minecraft:lectern":556,"minecraft:spruce_sapling":50,"minecraft:basalt":1,"minecraft:diamond_sword":13,"minecraft:cobblestone":17,"minecraft:minecart":1,"minecraft:oak_boat":2,"minecraft:cooked_beef":7,"minecraft:potato":182,"minecraft:splash_potion":6},"minecraft:custom":{"minecraft:interact_with_anvil":3,"minecraft:mob_kills":22,"minecraft:traded_with_villager":617,"minecraft:interact_with_crafting_table":2,"minecraft:fill_cauldron":1,"minecraft:interact_with_grindstone":1,"minecraft:leave_game":3,"minecraft:time_since_death":37781,"minecraft:sleep_in_bed":6,"minecraft:time_since_rest":14454,"minecraft:sprint_one_cm":256970,"minecraft:damage_taken":377,"minecraft:walk_one_cm":387542,"minecraft:damage_blocked_by_shield":660,"minecraft:drop":50,"minecraft:damage_dealt":4079,"minecraft:talked_to_villager":815,"minecraft:fly_one_cm":1974302,"minecraft:open_chest":75,"minecraft:crouch_one_cm":72651,"minecraft:play_time":236819,"minecraft:deaths":1,"minecraft:sneak_time":26889,"minecraft:boat_one_cm":7335,"minecraft:jump":1570,"minecraft:walk_on_water_one_cm":2713,"minecraft:total_world_time":236819,"minecraft:fall_one_cm":12324},"minecraft:crafted":{"minecraft:redstone":48,"minecraft:diamond_sword":2,"minecraft:emerald":440,"minecraft:diamond_axe":5,"minecraft:spruce_planks":4972,"minecraft:spruce_button":64,"minecraft:iron_helmet":12,"minecraft:iron_sword":6,"minecraft:diamond_shovel":5,"minecraft:bookshelf":8,"minecraft:glowstone":24,"minecraft:enchanted_book":2,"minecraft:air":0,"minecraft:diamond_helmet":4,"minecraft:diamond_leggings":7,"minecraft:diamond_pickaxe":2,"minecraft:shield":4,"minecraft:stick":9792,"minecraft:chainmail_boots":12,"minecraft:ender_pearl":24,"minecraft:iron_shovel":3,"minecraft:diamond_boots":7,"minecraft:white_bed":1,"minecraft:lapis_lazuli":24,"minecraft:diamond_chestplate":4},"minecraft:dropped":{"minecraft:iron_sword":3,"minecraft:zombie_spawn_egg":2,"minecraft:diamond_axe":3,"minecraft:cooked_beef":32,"minecraft:diamond":52,"minecraft:minecart":1,"minecraft:netherite_sword":2,"minecraft:diamond_leggings":1,"minecraft:rotten_flesh":3,"minecraft:iron_helmet":7,"minecraft:name_tag":1,"minecraft:white_bed":1,"minecraft:coal":4,"minecraft:flint":80,"minecraft:emerald":67,"minecraft:lava_bucket":1,"minecraft:shield":1,"minecraft:diamond_chestplate":1,"minecraft:chainmail_boots":7,"minecraft:diamond_boots":3,"minecraft:lectern":3},"minecraft:killed":{"minecraft:piglin":4,"minecraft:zombie_villager":1,"minecraft:bat":1,"minecraft:zombie":3,"minecraft:villager":12},"minecraft:mined":{"minecraft:basalt":1,"minecraft:spruce_leaves":16,"minecraft:weeping_vines_plant":1,"minecraft:spruce_sapling":2,"minecraft:fire":8,"minecraft:spruce_log":1249,"minecraft:bookshelf":2,"minecraft:netherrack":230},"minecraft:picked_up":{"minecraft:basalt":1,"minecraft:splash_potion":2,"minecraft:potato":63,"minecraft:potion":1,"minecraft:netherite_sword":2,"minecraft:lectern":3,"minecraft:book":6,"minecraft:stick":25,"minecraft:spruce_sapling":82,"minecraft:spruce_log":1242,"minecraft:rotten_flesh":4,"minecraft:oak_button":2,"minecraft:netherrack":211}},"DataVersion":3465}