{"stats":{"minecraft:mined":{"create:deepslate_zinc_ore":147,"minecraft:spruce_planks":5,"minecraft:white_bed":7,"minecraft:cobblestone_stairs":2,"minecraft:granite":9,"minecraft:grass_block":15,"minecraft:soul_soil":3,"minecraft:weeping_vines_plant":1,"minecraft:iron_ore":26,"minecraft:cobbled_deepslate":2,"minecraft:fire":50,"minecraft:deepslate_lapis_ore":10,"minecraft:azure_bluet":1,"create:asurine":1,"minecraft:dirt_path":1,"create:veridium":54,"minecraft:deepslate_redstone_ore":9,"minecraft:smoker":10,"minecraft:crimson_nylium":4,"minecraft:torch":24,"minecraft:chest":5,"minecraft:glass":4,"minecraft:nether_quartz_ore":3,"minecraft:cobblestone":451,"minecraft:wall_torch":1,"minecraft:cauldron":1,"minecraft:deepslate_copper_ore":2,"minecraft:warped_nylium":8,"minecraft:powered_rail":1,"minecraft:wheat":79,"minecraft:warped_fungus":1,"minecraft:grass":76,"minecraft:oak_log":64,"create:stressometer":3,"minecraft:dirt":34,"minecraft:smooth_basalt":1,"minecraft:netherrack":2621,"create:crimsite":1,"minecraft:oak_leaves":1,"minecraft:deepslate":51,"create:zinc_ore":138,"minecraft:diamond_ore":1,"minecraft:tuff":34,"minecraft:deepslate_diamond_ore":9,"minecraft:crimson_roots":5,"create:ochrum":11,"minecraft:spruce_leaves":29,"minecraft:redstone_ore":19,"create:shaft":2,"minecraft:spruce_sapling":4,"minecraft:furnace":8,"minecraft:andesite":105,"minecraft:stripped_spruce_log":4,"minecraft:bookshelf":6,"minecraft:deepslate_iron_ore":1,"minecraft:rail":36,"minecraft:stone":2610,"minecraft:podzol":2,"minecraft:scaffolding":32,"minecraft:soul_sand":34,"minecraft:basalt":37,"minecraft:dandelion":9,"minecraft:warped_roots":3,"minecraft:lectern":105,"minecraft:tall_grass":1,"minecraft:copper_ore":84,"minecraft:deepslate_coal_ore":7,"minecraft:lapis_ore":11,"minecraft:deepslate_gold_ore":37,"minecraft:diorite":108,"minecraft:redstone_torch":1,"minecraft:spruce_log":2985,"minecraft:coal_ore":217,"minecraft:gravel":5,"minecraft:dripstone_block":5,"minecraft:gold_ore":14},"minecraft:broken":{"minecraft:diamond_pickaxe":1,"minecraft:diamond_axe":1},"minecraft:custom":{"minecraft:animals_bred":19,"minecraft:interact_with_crafting_table":94,"minecraft:leave_game":5,"minecraft:time_since_death":621466,"minecraft:sprint_one_cm":1700852,"minecraft:damage_blocked_by_shield":3915,"minecraft:drop":222,"minecraft:talked_to_villager":1020,"minecraft:play_time":820504,"minecraft:deaths":1,"minecraft:jump":12115,"minecraft:walk_on_water_one_cm":15864,"minecraft:interact_with_furnace":191,"minecraft:traded_with_villager":1181,"minecraft:sleep_in_bed":42,"minecraft:damage_dealt":30866,"minecraft:crouch_one_cm":487826,"minecraft:interact_with_smoker":107,"minecraft:mob_kills":157,"minecraft:interact_with_anvil":13,"minecraft:inspect_hopper":5,"minecraft:fill_cauldron":1,"minecraft:climb_one_cm":57824,"minecraft:walk_one_cm":1623540,"minecraft:sneak_time":126107,"minecraft:walk_under_water_one_cm":7140,"minecraft:boat_one_cm":7335,"minecraft:interact_with_blast_furnace":147,"minecraft:total_world_time":820504,"minecraft:interact_with_grindstone":4,"minecraft:time_since_rest":13426,"minecraft:damage_taken":4238,"minecraft:swim_one_cm":16417,"minecraft:fly_one_cm":4254291,"minecraft:open_chest":437,"minecraft:fall_one_cm":202720},"minecraft:used":{"minecraft:chest":7,"minecraft:shield":51,"minecraft:iron_sword":1,"minecraft:zombie_spawn_egg":5,"create:cogwheel":112,"create:depot":3,"minecraft:tuff":7,"minecraft:glass":18,"minecraft:lava_bucket":1,"minecraft:villager_spawn_egg":30,"minecraft:grass_block":7,"create:andesite_funnel":4,"minecraft:warped_fungus":3,"create:shaft":63,"minecraft:scaffolding":119,"minecraft:furnace":8,"minecraft:potato":182,"minecraft:diorite":5,"minecraft:powered_rail":6,"minecraft:ender_pearl":2,"create:crimsite":1,"minecraft:diamond_axe":3190,"create:mechanical_saw":17,"minecraft:blast_furnace":8,"minecraft:dripstone_block":1,"minecraft:redstone_torch":1,"minecraft:lectern":660,"minecraft:gravel":2,"minecraft:diamond_sword":424,"create:stressometer":20,"minecraft:andesite":1,"minecraft:oak_boat":2,"minecraft:experience_bottle":14,"create:large_cogwheel":56,"minecraft:netherite_sword":7,"minecraft:zombie_villager_spawn_egg":9,"minecraft:spruce_planks":9,"minecraft:netherrack":1162,"minecraft:torch":562,"minecraft:dirt":37,"minecraft:anvil":1,"create:mechanical_mixer":1,"minecraft:granite":5,"minecraft:bookshelf":6,"create:wrench":215,"minecraft:basalt":34,"minecraft:minecart":5,"minecraft:cooked_beef":53,"minecraft:cobbled_deepslate":29,"create:belt_connector":21,"minecraft:wheat_seeds":470,"minecraft:cooked_mutton":51,"minecraft:water_bucket":28,"minecraft:cobblestone_stairs":34,"minecraft:cauldron":1,"minecraft:fletching_table":2,"minecraft:cobblestone_slab":2,"minecraft:warped_roots":3,"minecraft:rail":140,"minecraft:oak_slab":2,"minecraft:crafting_table":7,"minecraft:white_bed":9,"minecraft:smoker":18,"minecraft:spruce_log":31,"minecraft:diamond_pickaxe":6924,"create:andesite_ladder":3,"minecraft:diamond_shovel":86,"create:mechanical_press":8,"minecraft:oak_button":3,"minecraft:netherite_axe":54,"create:water_wheel":12,"minecraft:spruce_trapdoor":4,"minecraft:spruce_sapling":156,"create:large_water_wheel":12,"minecraft:cobblestone":798,"minecraft:bucket":29,"create:hand_crank":9,"minecraft:splash_potion":8},"minecraft:picked_up":{"minecraft:iron_chestplate":1,"minecraft:wheat":125,"minecraft:enchanted_book":3,"minecraft:potion":1,"minecraft:golden_sword":1,"minecraft:string":10,"minecraft:raw_copper":636,"minecraft:soul_soil":3,"minecraft:iron_leggings":1,"minecraft:cobbled_deepslate":51,"minecraft:spruce_planks":5,"minecraft:redstone_torch":1,"minecraft:furnace":8,"minecraft:iron_boots":1,"minecraft:stick":194,"minecraft:torch":30,"minecraft:porkchop":8,"minecraft:dried_kelp":67,"minecraft:diorite":107,"minecraft:golden_chestplate":1,"minecraft:cauldron":1,"create:large_cogwheel":2,"minecraft:rotten_flesh":52,"create:ochrum":11,"create:asurine":1,"create:veridium":54,"minecraft:blaze_rod":66,"minecraft:cobblestone":3049,"minecraft:andesite":106,"minecraft:smoker":9,"minecraft:potato":63,"minecraft:tuff":34,"create:raw_zinc":601,"minecraft:lapis_lazuli":286,"minecraft:dirt":50,"minecraft:bone":40,"minecraft:wheat_seeds":349,"minecraft:raw_gold":104,"create:shaft":1,"minecraft:powered_rail":1,"create:cogwheel":2,"minecraft:stripped_spruce_log":4,"create:crimsite":1,"minecraft:diamond":19,"minecraft:crossbow":1,"minecraft:granite":13,"minecraft:netherrack":2483,"create:stressometer":4,"minecraft:crimson_roots":5,"minecraft:diamond_pickaxe":1,"minecraft:splash_potion":2,"minecraft:azure_bluet":1,"minecraft:netherite_sword":2,"minecraft:poppy":162,"minecraft:lectern":108,"minecraft:minecart":8,"minecraft:chest":5,"minecraft:raw_iron":61,"create:golden_sheet":4,"create:hand_crank":6,"minecraft:redstone":171,"create:zinc_ingot":27,"minecraft:arrow":49,"minecraft:rail":34,"create:iron_sheet":3,"minecraft:basalt":34,"minecraft:leather":6,"minecraft:oak_log":64,"minecraft:gunpowder":7,"minecraft:cobblestone_stairs":2,"minecraft:iron_ingot":86,"minecraft:soul_sand":30,"minecraft:book":18,"minecraft:scaffolding":114,"minecraft:warped_fungus":3,"minecraft:smooth_basalt":1,"minecraft:dandelion":8,"minecraft:dripstone_block":5,"minecraft:gravel":11,"minecraft:spruce_sapling":247,"minecraft:white_bed":7,"minecraft:spruce_log":3167,"minecraft:spider_eye":8,"minecraft:dried_kelp_block":4,"minecraft:iron_helmet":1,"minecraft:oak_button":3,"minecraft:warped_roots":3,"minecraft:warped_nylium":3,"minecraft:coal":445,"minecraft:ender_pearl":23},"minecraft:killed":{"minecraft:spider":6,"minecraft:skeleton":20,"minecraft:magma_cube":4,"minecraft:piglin":20,"minecraft:zombie_villager":2,"minecraft:creeper":6,"minecraft:zombie":34,"minecraft:blaze":35,"minecraft:bat":1,"minecraft:hoglin":2,"minecraft:villager":13,"minecraft:enderman":10},"minecraft:crafted":{"minecraft:oak_planks":128,"minecraft:smooth_stone":24,"minecraft:barrel":1,"minecraft:stone":24,"minecraft:cobblestone_stairs":200,"minecraft:diamond_shovel":5,"minecraft:bookshelf":12,"minecraft:cooked_mutton":64,"minecraft:hopper":1,"create:andesite_funnel":4,"minecraft:diamond_helmet":4,"minecraft:diamond_leggings":7,"minecraft:raw_copper":405,"create:mechanical_press":1,"minecraft:chest":2,"minecraft:copper_block":45,"minecraft:dried_kelp_block":95,"create:cogwheel":18,"minecraft:smoker":9,"create:depot":1,"minecraft:emerald":968,"minecraft:diamond_axe":6,"minecraft:crafting_table":7,"minecraft:spruce_planks":12144,"create:mechanical_saw":2,"minecraft:iron_helmet":12,"minecraft:raw_gold_block":11,"minecraft:copper_ingot":405,"create:mechanical_mixer":1,"create:stressometer":1,"minecraft:spruce_trapdoor":10,"minecraft:diamond_pickaxe":4,"create:water_wheel":10,"minecraft:shield":5,"minecraft:stick":23644,"minecraft:iron_ingot":99,"minecraft:compass":1,"minecraft:gold_ingot":104,"create:large_cogwheel":7,"create:empty_blaze_burner":1,"minecraft:redstone":48,"minecraft:coal":198,"create:wrench":1,"minecraft:experience_bottle":14,"minecraft:spruce_button":64,"minecraft:furnace":17,"minecraft:blast_furnace":8,"minecraft:raw_copper_block":45,"minecraft:scaffolding":126,"minecraft:spruce_slab":18,"minecraft:ender_pearl":24,"minecraft:diamond_boots":7,"minecraft:redstone_block":19,"create:basin":1,"create:belt_connector":9,"minecraft:golden_helmet":1,"minecraft:coal_block":62,"create:hand_crank":1,"minecraft:diamond_sword":2,"minecraft:dried_kelp":787,"minecraft:iron_sword":6,"create:goggles":1,"create:large_water_wheel":12,"minecraft:bucket":2,"minecraft:glowstone":24,"minecraft:enchanted_book":17,"minecraft:air":0,"create:raw_zinc_block":61,"create:speedometer":1,"create:whisk":1,"minecraft:raw_gold":99,"minecraft:chainmail_boots":12,"create:raw_zinc":549,"create:zinc_block":59,"minecraft:iron_shovel":3,"minecraft:anvil":1,"minecraft:white_bed":2,"create:shaft":64,"minecraft:torch":916,"create:zinc_ingot":543,"minecraft:lapis_lazuli":24,"minecraft:lapis_block":31,"minecraft:diamond_chestplate":4},"minecraft:dropped":{"minecraft:iron_sword":3,"minecraft:porkchop":8,"minecraft:diamond_axe":3,"minecraft:cooked_beef":32,"minecraft:diamond":52,"minecraft:rail":2,"minecraft:flint":80,"minecraft:emerald":67,"minecraft:gold_ingot":4,"minecraft:bone":40,"minecraft:cobbled_deepslate":5,"minecraft:netherite_sword":2,"minecraft:rotten_flesh":51,"minecraft:oak_planks":3,"create:asurine":1,"minecraft:azure_bluet":1,"minecraft:white_bed":1,"minecraft:poppy":128,"minecraft:chainmail_boots":7,"minecraft:arrow":49,"minecraft:lectern":3,"minecraft:iron_ingot":4,"minecraft:wheat_seeds":108,"create:mechanical_saw":1,"minecraft:minecart":1,"minecraft:diamond_leggings":1,"minecraft:cobblestone":13,"minecraft:iron_helmet":7,"minecraft:granite":1,"minecraft:coal":4,"minecraft:stick":70,"minecraft:lava_bucket":1,"minecraft:diorite":14,"minecraft:string":10,"minecraft:music_disc_cat":1,"minecraft:dandelion":8,"minecraft:smooth_basalt":1,"minecraft:zombie_spawn_egg":2,"minecraft:tuff":1,"minecraft:raw_iron":5,"minecraft:name_tag":1,"minecraft:potato":64,"minecraft:shield":2,"create:veridium":54,"minecraft:diamond_chestplate":1,"minecraft:andesite":4,"create:hand_crank":1,"minecraft:spider_eye":8,"minecraft:spruce_log":4,"minecraft:diamond_boots":3}},"DataVersion":3465}