{"stats":{"minecraft:custom":{"minecraft:time_since_rest":143176,"minecraft:sprint_one_cm":55561,"minecraft:damage_taken":10,"minecraft:walk_one_cm":238615,"minecraft:interact_with_anvil":2,"minecraft:mob_kills":17,"minecraft:drop":43,"minecraft:damage_dealt":3274,"minecraft:traded_with_villager":226,"minecraft:talked_to_villager":700,"minecraft:fly_one_cm":1572201,"minecraft:open_chest":13,"minecraft:fill_cauldron":1,"minecraft:crouch_one_cm":6402,"minecraft:play_time":143176,"minecraft:sneak_time":5035,"minecraft:boat_one_cm":7335,"minecraft:jump":231,"minecraft:walk_on_water_one_cm":2713,"minecraft:leave_game":3,"minecraft:time_since_death":143176,"minecraft:total_world_time":143176,"minecraft:fall_one_cm":1382},"minecraft:picked_up":{"minecraft:potato":63,"minecraft:rotten_flesh":4,"minecraft:netherite_sword":2,"minecraft:oak_button":2,"minecraft:lectern":2},"minecraft:used":{"minecraft:netherite_sword":7,"minecraft:lava_bucket":1,"minecraft:villager_spawn_egg":30,"minecraft:grass_block":3,"minecraft:powered_rail":5,"minecraft:oak_button":2,"minecraft:zombie_villager_spawn_egg":9,"minecraft:netherite_axe":54,"minecraft:lectern":556,"minecraft:iron_sword":1,"minecraft:zombie_spawn_egg":5,"minecraft:cauldron":1,"minecraft:cobblestone_slab":2,"minecraft:cobblestone":17,"minecraft:rail":113,"minecraft:oak_slab":2,"minecraft:minecart":1,"minecraft:white_bed":1,"minecraft:oak_boat":2,"minecraft:potato":96,"minecraft:splash_potion":6},"minecraft:killed":{"minecraft:zombie":3,"minecraft:zombie_villager":1,"minecraft:bat":1,"minecraft:villager":12},"minecraft:crafted":{"minecraft:redstone":48,"minecraft:diamond_leggings":3,"minecraft:emerald":78,"minecraft:shield":2,"minecraft:diamond_axe":2,"minecraft:chainmail_boots":12,"minecraft:iron_helmet":12,"minecraft:ender_pearl":24,"minecraft:iron_sword":6,"minecraft:diamond_boots":3,"minecraft:iron_shovel":3,"minecraft:diamond_shovel":3,"minecraft:glowstone":24,"minecraft:bookshelf":6,"minecraft:lapis_lazuli":24,"minecraft:air":0},"minecraft:dropped":{"minecraft:lava_bucket":1,"minecraft:iron_sword":3,"minecraft:zombie_spawn_egg":2,"minecraft:diamond_axe":2,"minecraft:diamond":52,"minecraft:minecart":1,"minecraft:netherite_sword":2,"minecraft:chainmail_boots":7,"minecraft:rotten_flesh":3,"minecraft:iron_helmet":7,"minecraft:diamond_boots":2,"minecraft:name_tag":1,"minecraft:coal":4,"minecraft:lectern":3,"minecraft:emerald":67,"minecraft:flint":80}},"DataVersion":3465}