{"stats":{"minecraft:used":{"minecraft:wheat_seeds":470,"minecraft:netherite_sword":7,"minecraft:cobblestone_stairs":1,"minecraft:powered_rail":5,"minecraft:zombie_villager_spawn_egg":9,"minecraft:spruce_planks":3,"minecraft:shield":33,"minecraft:iron_sword":1,"minecraft:zombie_spawn_egg":5,"minecraft:cauldron":1,"minecraft:fletching_table":2,"minecraft:diamond_axe":1799,"minecraft:cobblestone_slab":2,"minecraft:netherrack":802,"minecraft:warped_roots":1,"minecraft:dirt":1,"minecraft:rail":124,"minecraft:oak_slab":2,"minecraft:crafting_table":1,"minecraft:white_bed":1,"minecraft:smoker":1,"minecraft:spruce_log":30,"minecraft:diamond_pickaxe":2025,"minecraft:lava_bucket":1,"minecraft:diamond_shovel":37,"minecraft:bookshelf":4,"minecraft:villager_spawn_egg":30,"minecraft:grass_block":7,"minecraft:oak_button":3,"minecraft:netherite_axe":54,"minecraft:lectern":556,"minecraft:spruce_trapdoor":4,"minecraft:spruce_sapling":96,"minecraft:basalt":1,"minecraft:diamond_sword":234,"minecraft:cobblestone":43,"minecraft:minecart":4,"minecraft:oak_boat":2,"minecraft:cooked_beef":34,"minecraft:potato":182,"minecraft:splash_potion":8},"minecraft:custom":{"minecraft:interact_with_anvil":5,"minecraft:mob_kills":79,"minecraft:animals_bred":1,"minecraft:traded_with_villager":744,"minecraft:interact_with_crafting_table":5,"minecraft:fill_cauldron":1,"minecraft:interact_with_grindstone":1,"minecraft:leave_game":3,"minecraft:time_since_death":127781,"minecraft:sleep_in_bed":12,"minecraft:time_since_rest":12080,"minecraft:sprint_one_cm":456856,"minecraft:damage_taken":2312,"minecraft:walk_one_cm":684992,"minecraft:damage_blocked_by_shield":2580,"minecraft:drop":118,"minecraft:damage_dealt":15951,"minecraft:talked_to_villager":835,"minecraft:fly_one_cm":2305234,"minecraft:open_chest":105,"minecraft:crouch_one_cm":158391,"minecraft:play_time":326819,"minecraft:deaths":1,"minecraft:sneak_time":46580,"minecraft:boat_one_cm":7335,"minecraft:jump":3385,"minecraft:walk_on_water_one_cm":3180,"minecraft:total_world_time":326819,"minecraft:fall_one_cm":45078},"minecraft:broken":{"minecraft:diamond_pickaxe":1},"minecraft:crafted":{"minecraft:redstone":48,"minecraft:diamond_sword":2,"minecraft:emerald":559,"minecraft:crafting_table":1,"minecraft:diamond_axe":5,"minecraft:spruce_planks":6544,"minecraft:spruce_button":64,"minecraft:iron_helmet":12,"minecraft:iron_sword":6,"minecraft:furnace":1,"minecraft:diamond_shovel":5,"minecraft:bookshelf":10,"minecraft:glowstone":24,"minecraft:enchanted_book":8,"minecraft:air":0,"minecraft:spruce_trapdoor":10,"minecraft:diamond_helmet":4,"minecraft:diamond_leggings":7,"minecraft:diamond_pickaxe":2,"minecraft:shield":4,"minecraft:stick":12864,"minecraft:chainmail_boots":12,"minecraft:ender_pearl":24,"minecraft:iron_shovel":3,"minecraft:diamond_boots":7,"minecraft:white_bed":1,"minecraft:smoker":1,"minecraft:lapis_lazuli":24,"minecraft:diamond_chestplate":4},"minecraft:dropped":{"minecraft:iron_sword":3,"minecraft:wheat_seeds":100,"minecraft:zombie_spawn_egg":2,"minecraft:porkchop":8,"minecraft:diamond_axe":3,"minecraft:cooked_beef":32,"minecraft:diamond":52,"minecraft:minecart":1,"minecraft:netherite_sword":2,"minecraft:diamond_leggings":1,"minecraft:rotten_flesh":3,"minecraft:iron_helmet":7,"minecraft:name_tag":1,"minecraft:white_bed":1,"minecraft:coal":4,"minecraft:flint":80,"minecraft:emerald":67,"minecraft:lava_bucket":1,"minecraft:potato":64,"minecraft:shield":1,"minecraft:diamond_chestplate":1,"minecraft:chainmail_boots":7,"minecraft:diamond_boots":3,"minecraft:lectern":3},"minecraft:killed":{"minecraft:piglin":20,"minecraft:zombie_villager":1,"minecraft:bat":1,"minecraft:hoglin":2,"minecraft:zombie":3,"minecraft:villager":12,"minecraft:enderman":4,"minecraft:blaze":35},"minecraft:mined":{"minecraft:spruce_planks":1,"minecraft:soul_sand":34,"minecraft:crimson_nylium":4,"minecraft:basalt":1,"minecraft:grass_block":1,"minecraft:warped_roots":2,"minecraft:crimson_roots":5,"minecraft:glass":2,"minecraft:nether_quartz_ore":3,"minecraft:soul_soil":3,"minecraft:cobblestone":7,"minecraft:spruce_leaves":20,"minecraft:weeping_vines_plant":1,"minecraft:warped_nylium":4,"minecraft:spruce_sapling":4,"minecraft:wheat":79,"minecraft:fire":45,"minecraft:spruce_log":1783,"minecraft:stripped_spruce_log":4,"minecraft:bookshelf":4,"minecraft:rail":11,"minecraft:netherrack":1994},"minecraft:picked_up":{"minecraft:wheat":125,"minecraft:basalt":1,"minecraft:splash_potion":2,"minecraft:leather":4,"minecraft:potato":63,"minecraft:potion":1,"minecraft:golden_sword":1,"minecraft:dirt":1,"minecraft:soul_soil":3,"minecraft:wheat_seeds":341,"minecraft:netherite_sword":2,"minecraft:spruce_planks":1,"minecraft:minecart":4,"minecraft:lectern":3,"minecraft:soul_sand":30,"minecraft:book":12,"minecraft:stick":44,"minecraft:torch":2,"minecraft:porkchop":8,"minecraft:stripped_spruce_log":4,"minecraft:spruce_sapling":122,"minecraft:spruce_log":1776,"minecraft:golden_chestplate":1,"minecraft:rotten_flesh":4,"minecraft:crossbow":1,"minecraft:cobblestone":7,"minecraft:rail":11,"minecraft:warped_roots":1,"minecraft:oak_button":3,"minecraft:warped_nylium":3,"minecraft:blaze_rod":66,"minecraft:netherrack":1886,"minecraft:crimson_roots":5,"minecraft:diamond_pickaxe":1,"minecraft:ender_pearl":9}},"DataVersion":3465}