{"stats":{"minecraft:custom":{"minecraft:time_since_rest":131176,"minecraft:sprint_one_cm":44886,"minecraft:damage_taken":10,"minecraft:walk_one_cm":212096,"minecraft:mob_kills":13,"minecraft:drop":3,"minecraft:damage_dealt":2614,"minecraft:traded_with_villager":119,"minecraft:talked_to_villager":668,"minecraft:fly_one_cm":1489496,"minecraft:open_chest":13,"minecraft:crouch_one_cm":5555,"minecraft:play_time":131176,"minecraft:sneak_time":4718,"minecraft:boat_one_cm":7335,"minecraft:jump":186,"minecraft:walk_on_water_one_cm":2713,"minecraft:leave_game":3,"minecraft:time_since_death":131176,"minecraft:total_world_time":131176,"minecraft:fall_one_cm":1382},"minecraft:picked_up":{"minecraft:potato":63,"minecraft:rotten_flesh":1,"minecraft:oak_button":2,"minecraft:lectern":2},"minecraft:used":{"minecraft:villager_spawn_egg":30,"minecraft:grass_block":3,"minecraft:powered_rail":5,"minecraft:oak_button":2,"minecraft:zombie_villager_spawn_egg":9,"minecraft:netherite_axe":54,"minecraft:lectern":556,"minecraft:zombie_spawn_egg":1,"minecraft:cobblestone_slab":2,"minecraft:cobblestone":17,"minecraft:rail":113,"minecraft:oak_slab":2,"minecraft:white_bed":1,"minecraft:oak_boat":2,"minecraft:potato":96,"minecraft:splash_potion":6},"minecraft:killed":{"minecraft:zombie_villager":1,"minecraft:villager":12},"minecraft:dropped":{"minecraft:lectern":3},"minecraft:crafted":{"minecraft:redstone":48,"minecraft:emerald":14,"minecraft:ender_pearl":24,"minecraft:iron_sword":3,"minecraft:glowstone":24,"minecraft:bookshelf":6,"minecraft:lapis_lazuli":24,"minecraft:air":0}},"DataVersion":3465}