{"stats":{"minecraft:used":{"minecraft:netherite_sword":7,"minecraft:zombie_villager_spawn_egg":9,"minecraft:chest":2,"minecraft:spruce_planks":3,"minecraft:shield":33,"minecraft:iron_sword":1,"minecraft:zombie_spawn_egg":5,"minecraft:netherrack":802,"minecraft:torch":1,"minecraft:dirt":5,"minecraft:anvil":1,"minecraft:lava_bucket":1,"minecraft:bookshelf":6,"minecraft:villager_spawn_egg":30,"minecraft:grass_block":7,"minecraft:basalt":1,"minecraft:minecart":5,"minecraft:potato":182,"minecraft:cooked_beef":41,"minecraft:wheat_seeds":470,"minecraft:cobblestone_stairs":1,"minecraft:powered_rail":5,"minecraft:cauldron":1,"minecraft:cobblestone_slab":2,"minecraft:fletching_table":2,"minecraft:diamond_axe":3073,"minecraft:warped_roots":1,"minecraft:rail":124,"minecraft:oak_slab":2,"minecraft:crafting_table":1,"minecraft:white_bed":5,"minecraft:spruce_log":31,"minecraft:smoker":2,"minecraft:diamond_pickaxe":2079,"minecraft:diamond_shovel":38,"minecraft:oak_button":3,"minecraft:netherite_axe":54,"minecraft:lectern":556,"minecraft:spruce_trapdoor":4,"minecraft:spruce_sapling":148,"minecraft:diamond_sword":234,"minecraft:cobblestone":51,"minecraft:oak_boat":2,"minecraft:experience_bottle":14,"minecraft:splash_potion":8},"minecraft:custom":{"minecraft:mob_kills":79,"minecraft:interact_with_anvil":13,"minecraft:animals_bred":6,"minecraft:inspect_hopper":4,"minecraft:interact_with_crafting_table":11,"minecraft:fill_cauldron":1,"minecraft:leave_game":3,"minecraft:time_since_death":199781,"minecraft:sprint_one_cm":680777,"minecraft:walk_one_cm":747012,"minecraft:damage_blocked_by_shield":2580,"minecraft:drop":124,"minecraft:talked_to_villager":906,"minecraft:play_time":398819,"minecraft:deaths":1,"minecraft:sneak_time":65061,"minecraft:walk_under_water_one_cm":158,"minecraft:boat_one_cm":7335,"minecraft:jump":4958,"minecraft:walk_on_water_one_cm":4096,"minecraft:total_world_time":398819,"minecraft:interact_with_furnace":38,"minecraft:traded_with_villager":1179,"minecraft:interact_with_grindstone":4,"minecraft:sleep_in_bed":18,"minecraft:time_since_rest":3526,"minecraft:damage_taken":2312,"minecraft:damage_dealt":16041,"minecraft:fly_one_cm":2675881,"minecraft:open_chest":186,"minecraft:crouch_one_cm":202788,"minecraft:fall_one_cm":63174},"minecraft:broken":{"minecraft:diamond_axe":1,"minecraft:diamond_pickaxe":1},"minecraft:crafted":{"minecraft:oak_planks":12,"minecraft:redstone":48,"minecraft:experience_bottle":14,"minecraft:spruce_button":64,"minecraft:furnace":1,"minecraft:diamond_shovel":5,"minecraft:bookshelf":12,"minecraft:cooked_mutton":64,"minecraft:diamond_helmet":4,"minecraft:diamond_leggings":7,"minecraft:ender_pearl":24,"minecraft:diamond_boots":7,"minecraft:dried_kelp_block":7,"minecraft:smoker":1,"minecraft:diamond_sword":2,"minecraft:emerald":968,"minecraft:diamond_axe":6,"minecraft:crafting_table":1,"minecraft:spruce_planks":11776,"minecraft:dried_kelp":64,"minecraft:iron_helmet":12,"minecraft:iron_sword":6,"minecraft:glowstone":24,"minecraft:enchanted_book":17,"minecraft:air":0,"minecraft:spruce_trapdoor":10,"minecraft:diamond_pickaxe":2,"minecraft:shield":5,"minecraft:stick":23328,"minecraft:chainmail_boots":12,"minecraft:iron_shovel":3,"minecraft:anvil":1,"minecraft:white_bed":2,"minecraft:lapis_lazuli":24,"minecraft:diamond_chestplate":4},"minecraft:dropped":{"minecraft:iron_sword":3,"minecraft:porkchop":8,"minecraft:wheat_seeds":100,"minecraft:diamond_axe":3,"minecraft:cooked_beef":32,"minecraft:diamond":52,"minecraft:minecart":1,"minecraft:diamond_leggings":1,"minecraft:iron_helmet":7,"minecraft:coal":4,"minecraft:stick":64,"minecraft:emerald":67,"minecraft:flint":80,"minecraft:lava_bucket":1,"minecraft:zombie_spawn_egg":2,"minecraft:netherite_sword":2,"minecraft:rotten_flesh":3,"minecraft:oak_planks":3,"minecraft:name_tag":1,"minecraft:white_bed":1,"minecraft:poppy":128,"minecraft:potato":64,"minecraft:shield":2,"minecraft:diamond_chestplate":1,"minecraft:chainmail_boots":7,"minecraft:diamond_boots":3,"minecraft:lectern":3},"minecraft:killed":{"minecraft:piglin":20,"minecraft:zombie_villager":1,"minecraft:bat":1,"minecraft:hoglin":2,"minecraft:zombie":3,"minecraft:villager":12,"minecraft:blaze":35,"minecraft:enderman":4},"minecraft:mined":{"minecraft:spruce_planks":1,"minecraft:white_bed":4,"minecraft:grass_block":4,"minecraft:crimson_roots":5,"minecraft:soul_soil":3,"minecraft:spruce_leaves":29,"minecraft:weeping_vines_plant":1,"minecraft:spruce_sapling":4,"minecraft:fire":45,"minecraft:stripped_spruce_log":4,"minecraft:bookshelf":6,"minecraft:dirt_path":1,"minecraft:rail":16,"minecraft:stone":4,"minecraft:soul_sand":34,"minecraft:smoker":1,"minecraft:crimson_nylium":4,"minecraft:basalt":1,"minecraft:warped_roots":2,"minecraft:chest":2,"minecraft:nether_quartz_ore":3,"minecraft:glass":2,"minecraft:tall_grass":1,"minecraft:cobblestone":11,"minecraft:warped_nylium":4,"minecraft:wheat":79,"minecraft:spruce_log":2983,"minecraft:oak_log":64,"minecraft:coal_ore":39,"minecraft:netherrack":1994,"minecraft:oak_leaves":1},"minecraft:picked_up":{"minecraft:iron_chestplate":1,"minecraft:wheat":125,"minecraft:splash_potion":2,"minecraft:enchanted_book":3,"minecraft:potion":1,"minecraft:golden_sword":1,"minecraft:soul_soil":3,"minecraft:iron_leggings":1,"minecraft:netherite_sword":2,"minecraft:spruce_planks":1,"minecraft:poppy":162,"minecraft:lectern":3,"minecraft:minecart":6,"minecraft:chest":2,"minecraft:iron_boots":1,"minecraft:stick":183,"minecraft:torch":2,"minecraft:porkchop":8,"minecraft:golden_chestplate":1,"minecraft:rotten_flesh":4,"minecraft:blaze_rod":66,"minecraft:rail":16,"minecraft:cobblestone":15,"minecraft:basalt":1,"minecraft:leather":4,"minecraft:smoker":1,"minecraft:potato":63,"minecraft:oak_log":64,"minecraft:dirt":4,"minecraft:wheat_seeds":341,"minecraft:iron_ingot":85,"minecraft:soul_sand":30,"minecraft:book":18,"minecraft:stripped_spruce_log":4,"minecraft:spruce_sapling":224,"minecraft:white_bed":4,"minecraft:spruce_log":2972,"minecraft:iron_helmet":1,"minecraft:crossbow":1,"minecraft:warped_roots":1,"minecraft:oak_button":3,"minecraft:coal":75,"minecraft:netherrack":1886,"minecraft:warped_nylium":3,"minecraft:crimson_roots":5,"minecraft:ender_pearl":9,"minecraft:diamond_pickaxe":1}},"DataVersion":3465}