{"stats":{"minecraft:used":{"minecraft:spruce_planks":10,"minecraft:chest":4,"minecraft:shield":3,"minecraft:netherrack":272,"minecraft:nether_bricks":5,"minecraft:granite":4,"minecraft:bookshelf":1,"minecraft:iron_axe":128,"minecraft:bow":74,"minecraft:cooked_beef":19,"minecraft:water_bucket":6,"minecraft:diorite":15,"minecraft:blackstone":33,"minecraft:diamond_axe":18,"create:mechanical_saw":35,"minecraft:crafting_table":7,"minecraft:white_bed":1,"minecraft:spruce_log":4,"minecraft:ender_eye":28,"minecraft:diamond_pickaxe":265,"minecraft:bread":26,"minecraft:iron_pickaxe":275,"minecraft:spruce_sapling":90,"minecraft:stone_axe":30,"minecraft:bucket":8,"minecraft:oak_boat":1,"create:hand_crank":25},"minecraft:custom":{"minecraft:mob_kills":44,"minecraft:interact_with_anvil":6,"minecraft:interact_with_crafting_table":22,"minecraft:bell_ring":87,"minecraft:leave_game":3,"minecraft:time_since_death":103820,"minecraft:climb_one_cm":2604,"minecraft:sprint_one_cm":529732,"minecraft:walk_one_cm":394793,"minecraft:damage_blocked_by_shield":225,"minecraft:drop":146,"minecraft:talked_to_villager":134,"minecraft:play_time":173467,"minecraft:deaths":1,"minecraft:sneak_time":16809,"minecraft:walk_under_water_one_cm":1128,"minecraft:boat_one_cm":4545,"minecraft:jump":3303,"minecraft:walk_on_water_one_cm":8963,"minecraft:total_world_time":173467,"minecraft:traded_with_villager":513,"minecraft:sleep_in_bed":4,"minecraft:time_since_rest":64685,"minecraft:damage_taken":2144,"minecraft:damage_dealt":4293,"minecraft:swim_one_cm":11699,"minecraft:fly_one_cm":705418,"minecraft:open_chest":257,"minecraft:crouch_one_cm":64933,"minecraft:fall_one_cm":81313},"minecraft:broken":{"minecraft:iron_pickaxe":1},"minecraft:crafted":{"minecraft:blaze_powder":40,"minecraft:bookshelf":1,"minecraft:quartz_block":6,"minecraft:diamond_helmet":1,"minecraft:bow":3,"minecraft:diamond_leggings":1,"minecraft:iron_axe":1,"minecraft:ender_pearl":36,"minecraft:tipped_arrow":65,"minecraft:chest":4,"minecraft:diamond_boots":1,"minecraft:spruce_boat":1,"minecraft:ender_eye":20,"minecraft:golden_helmet":2,"minecraft:golden_boots":1,"minecraft:wheat":63,"minecraft:arrow":192,"minecraft:emerald":436,"minecraft:crafting_table":3,"minecraft:diamond_axe":1,"minecraft:spruce_planks":7008,"minecraft:bucket":2,"minecraft:hay_block":7,"minecraft:stone_axe":1,"minecraft:enchanted_book":5,"minecraft:bread":42,"minecraft:air":0,"minecraft:diamond_pickaxe":1,"minecraft:shield":2,"minecraft:iron_pickaxe":2,"minecraft:stick":13740,"minecraft:iron_ingot":138,"minecraft:iron_block":350,"minecraft:gold_ingot":3,"minecraft:diamond_chestplate":1},"minecraft:dropped":{"minecraft:iron_sword":1,"minecraft:golden_helmet":1,"create:mechanical_saw":2,"minecraft:potion":1,"minecraft:gold_ingot":103,"minecraft:spruce_planks":1229,"minecraft:diamond_pickaxe":2,"minecraft:oak_sapling":1,"create:hand_crank":3,"minecraft:spruce_log":74,"minecraft:splash_potion":2},"minecraft:killed":{"minecraft:zombified_piglin":1,"minecraft:spider":1,"minecraft:skeleton":6,"minecraft:silverfish":2,"minecraft:zombie":1,"minecraft:ghast":1,"minecraft:wither_skeleton":10,"minecraft:blaze":20},"minecraft:picked_up":{"minecraft:crafting_table":5,"minecraft:splash_potion":2,"minecraft:nether_wart":20,"minecraft:gold_block":1,"minecraft:potion":2,"minecraft:nether_brick":15,"minecraft:shield":1,"minecraft:raw_copper":26,"minecraft:blackstone":33,"minecraft:cracked_stone_bricks":3,"minecraft:gold_nugget":33,"minecraft:spruce_planks":1177,"minecraft:oak_boat":1,"minecraft:ender_eye":11,"minecraft:iron_nugget":34,"minecraft:stick":92,"minecraft:brown_terracotta":4,"minecraft:fire_charge":10,"create:hand_crank":27,"minecraft:diorite":30,"minecraft:arrow":6,"minecraft:rotten_flesh":1,"minecraft:nether_bricks":5,"minecraft:gold_ingot":55,"minecraft:white_terracotta":2,"minecraft:blaze_rod":10,"minecraft:obsidian":4,"minecraft:cobblestone":62,"minecraft:basalt":4,"minecraft:iron_door":9,"minecraft:leather":12,"create:raw_zinc":11,"minecraft:dirt":6,"minecraft:orange_terracotta":5,"minecraft:bone":18,"minecraft:stone_bricks":5,"minecraft:mossy_stone_bricks":3,"minecraft:glowstone_dust":5,"minecraft:soul_sand":26,"create:mechanical_saw":36,"minecraft:book":3,"minecraft:smooth_basalt":2,"minecraft:quartz":34,"minecraft:gravel":58,"minecraft:spruce_sapling":149,"minecraft:white_bed":1,"minecraft:spruce_log":1702,"minecraft:spectral_arrow":24,"minecraft:crying_obsidian":11,"minecraft:red_terracotta":4,"minecraft:light_gray_terracotta":1,"minecraft:granite":4,"minecraft:terracotta":12,"minecraft:oak_sapling":3,"minecraft:netherrack":274,"minecraft:coal":3,"minecraft:diamond_pickaxe":2},"minecraft:mined":{"create:zinc_ore":4,"minecraft:nether_gold_ore":3,"minecraft:spruce_planks":3,"minecraft:granite":6,"minecraft:nether_bricks":5,"minecraft:spruce_leaves":2,"minecraft:nether_wart":20,"minecraft:spawner":1,"minecraft:spruce_sapling":6,"minecraft:glowstone":2,"minecraft:fire":21,"minecraft:gold_block":1,"minecraft:bookshelf":1,"minecraft:stone":64,"minecraft:blackstone":2,"minecraft:infested_stone_bricks":2,"minecraft:soul_fire":1,"minecraft:orange_terracotta":5,"minecraft:basalt":4,"minecraft:crafting_table":6,"minecraft:light_gray_terracotta":1,"minecraft:nether_quartz_ore":10,"minecraft:copper_ore":4,"minecraft:diorite":30,"minecraft:iron_door":9,"create:mechanical_saw":33,"minecraft:white_terracotta":2,"minecraft:red_terracotta":4,"minecraft:spruce_log":127,"minecraft:birch_leaves":6,"create:hand_crank":16,"minecraft:dirt":6,"minecraft:brown_terracotta":4,"minecraft:cracked_stone_bricks":3,"minecraft:smooth_basalt":2,"minecraft:terracotta":12,"minecraft:stone_bricks":5,"minecraft:netherrack":296,"minecraft:mossy_stone_bricks":3,"minecraft:oak_leaves":7}},"DataVersion":3465}