{"stats":{"minecraft:mined":{"minecraft:spruce_planks":3,"minecraft:blackstone":2,"minecraft:soul_fire":1,"minecraft:basalt":3,"minecraft:crafting_table":5,"minecraft:nether_bricks":5,"minecraft:nether_wart":20,"create:mechanical_saw":30,"minecraft:spruce_sapling":6,"minecraft:glowstone":2,"minecraft:fire":7,"minecraft:spruce_log":124,"minecraft:birch_leaves":6,"minecraft:bookshelf":1,"create:hand_crank":14,"minecraft:smooth_basalt":2,"minecraft:netherrack":263,"minecraft:oak_leaves":6},"minecraft:broken":{"minecraft:iron_pickaxe":1},"minecraft:custom":{"minecraft:interact_with_anvil":5,"minecraft:mob_kills":36,"minecraft:traded_with_villager":393,"minecraft:interact_with_crafting_table":15,"minecraft:bell_ring":87,"minecraft:leave_game":1,"minecraft:time_since_death":48975,"minecraft:sleep_in_bed":4,"minecraft:climb_one_cm":2604,"minecraft:time_since_rest":9840,"minecraft:sprint_one_cm":388750,"minecraft:damage_taken":1770,"minecraft:walk_one_cm":312869,"minecraft:damage_blocked_by_shield":225,"minecraft:drop":145,"minecraft:damage_dealt":4173,"minecraft:talked_to_villager":122,"minecraft:swim_one_cm":8691,"minecraft:fly_one_cm":484016,"minecraft:open_chest":191,"minecraft:crouch_one_cm":52483,"minecraft:play_time":118622,"minecraft:deaths":1,"minecraft:sneak_time":12857,"minecraft:walk_under_water_one_cm":350,"minecraft:boat_one_cm":4545,"minecraft:jump":2241,"minecraft:walk_on_water_one_cm":7567,"minecraft:total_world_time":118622,"minecraft:fall_one_cm":44017},"minecraft:used":{"minecraft:chest":2,"minecraft:blackstone":33,"minecraft:spruce_planks":10,"minecraft:shield":3,"minecraft:diamond_axe":12,"create:mechanical_saw":33,"minecraft:netherrack":200,"minecraft:crafting_table":6,"minecraft:nether_bricks":5,"minecraft:white_bed":1,"minecraft:spruce_log":4,"minecraft:diamond_pickaxe":44,"minecraft:bookshelf":1,"minecraft:iron_axe":128,"minecraft:bread":10,"minecraft:iron_pickaxe":275,"minecraft:spruce_sapling":70,"minecraft:stone_axe":30,"minecraft:bow":61,"minecraft:bucket":1,"create:hand_crank":24,"minecraft:oak_boat":1,"minecraft:cooked_beef":19},"minecraft:picked_up":{"minecraft:crafting_table":4,"minecraft:basalt":3,"minecraft:splash_potion":2,"minecraft:nether_wart":20,"minecraft:leather":12,"minecraft:potion":2,"minecraft:nether_brick":15,"minecraft:bone":15,"minecraft:blackstone":33,"minecraft:gold_nugget":1,"minecraft:spruce_planks":1177,"minecraft:oak_boat":1,"minecraft:iron_nugget":34,"minecraft:glowstone_dust":5,"minecraft:soul_sand":26,"create:mechanical_saw":33,"minecraft:book":3,"minecraft:stick":77,"minecraft:smooth_basalt":2,"minecraft:quartz":10,"minecraft:gravel":58,"minecraft:fire_charge":10,"minecraft:spruce_sapling":130,"create:hand_crank":25,"minecraft:white_bed":1,"minecraft:spruce_log":1557,"minecraft:crying_obsidian":11,"minecraft:spectral_arrow":24,"minecraft:arrow":2,"minecraft:nether_bricks":5,"minecraft:gold_ingot":55,"minecraft:oak_sapling":2,"minecraft:blaze_rod":10,"minecraft:netherrack":248,"minecraft:obsidian":4,"minecraft:coal":3,"minecraft:diamond_pickaxe":2},"minecraft:killed":{"minecraft:zombified_piglin":1,"minecraft:skeleton":4,"minecraft:ghast":1,"minecraft:wither_skeleton":10,"minecraft:blaze":20},"minecraft:crafted":{"minecraft:arrow":192,"minecraft:emerald":340,"minecraft:diamond_axe":1,"minecraft:crafting_table":2,"minecraft:spruce_planks":5524,"minecraft:blaze_powder":20,"minecraft:bucket":1,"minecraft:hay_block":7,"minecraft:stone_axe":1,"minecraft:bookshelf":1,"minecraft:enchanted_book":5,"minecraft:air":0,"minecraft:bread":42,"minecraft:diamond_helmet":1,"minecraft:diamond_leggings":1,"minecraft:bow":3,"minecraft:diamond_pickaxe":1,"minecraft:shield":2,"minecraft:iron_axe":1,"minecraft:ender_pearl":12,"minecraft:stick":10772,"minecraft:iron_ingot":138,"minecraft:iron_pickaxe":2,"minecraft:iron_block":350,"minecraft:tipped_arrow":65,"minecraft:chest":2,"minecraft:diamond_boots":1,"minecraft:golden_boots":1,"minecraft:golden_helmet":1,"minecraft:diamond_chestplate":1,"minecraft:wheat":63},"minecraft:dropped":{"minecraft:iron_sword":1,"minecraft:golden_helmet":1,"create:mechanical_saw":2,"minecraft:spruce_planks":1229,"minecraft:diamond_pickaxe":2,"create:hand_crank":3,"minecraft:potion":1,"minecraft:spruce_log":74,"minecraft:splash_potion":2,"minecraft:gold_ingot":103}},"DataVersion":3465}