{"stats":{"minecraft:used":{"minecraft:flint_and_steel":1,"minecraft:chest":8,"minecraft:spruce_planks":23,"minecraft:shield":4,"minecraft:netherrack":540,"minecraft:torch":4,"minecraft:nether_bricks":5,"minecraft:granite":4,"minecraft:obsidian":9,"minecraft:spruce_boat":6,"minecraft:lava_bucket":6,"minecraft:bookshelf":1,"minecraft:iron_axe":128,"minecraft:stone_bricks":8,"minecraft:basalt":4,"minecraft:bow":189,"minecraft:cooked_beef":19,"minecraft:mossy_stone_bricks":3,"minecraft:water_bucket":26,"minecraft:diorite":19,"minecraft:ender_pearl":4,"minecraft:blackstone":33,"minecraft:diamond_axe":111,"create:mechanical_saw":38,"minecraft:cracked_stone_bricks":1,"minecraft:golden_apple":1,"minecraft:terracotta":2,"minecraft:crafting_table":11,"minecraft:white_bed":2,"minecraft:end_stone":18,"minecraft:spruce_log":4,"minecraft:ender_eye":28,"minecraft:diamond_pickaxe":928,"minecraft:bread":51,"minecraft:iron_pickaxe":275,"minecraft:spruce_trapdoor":1,"minecraft:red_terracotta":1,"minecraft:spruce_sapling":90,"minecraft:stone_axe":30,"minecraft:cobblestone":97,"minecraft:bucket":35,"minecraft:oak_boat":1,"create:hand_crank":27},"minecraft:custom":{"minecraft:mob_kills":62,"minecraft:interact_with_anvil":6,"minecraft:interact_with_crafting_table":28,"minecraft:bell_ring":87,"minecraft:leave_game":3,"minecraft:time_since_death":187922,"minecraft:climb_one_cm":2656,"minecraft:sprint_one_cm":748188,"minecraft:walk_one_cm":554239,"minecraft:damage_blocked_by_shield":225,"minecraft:drop":156,"minecraft:talked_to_villager":139,"minecraft:play_time":257728,"minecraft:deaths":1,"minecraft:sneak_time":33730,"minecraft:walk_under_water_one_cm":17194,"minecraft:boat_one_cm":121005,"minecraft:jump":5561,"minecraft:walk_on_water_one_cm":35778,"minecraft:total_world_time":257728,"minecraft:traded_with_villager":518,"minecraft:sleep_in_bed":7,"minecraft:time_since_rest":37605,"minecraft:damage_absorbed":27,"minecraft:damage_taken":2865,"minecraft:damage_dealt":8793,"minecraft:swim_one_cm":12204,"minecraft:fly_one_cm":1675553,"minecraft:open_chest":313,"minecraft:crouch_one_cm":119612,"minecraft:fall_one_cm":140270},"minecraft:broken":{"minecraft:iron_pickaxe":1},"minecraft:crafted":{"minecraft:blaze_powder":40,"minecraft:bookshelf":1,"minecraft:flint_and_steel":1,"minecraft:quartz_block":6,"minecraft:diamond_helmet":1,"minecraft:bow":3,"minecraft:diamond_leggings":1,"minecraft:iron_axe":1,"minecraft:ender_pearl":36,"minecraft:tipped_arrow":90,"minecraft:chest":8,"minecraft:diamond_boots":1,"minecraft:spruce_boat":2,"minecraft:ender_eye":20,"minecraft:golden_helmet":2,"minecraft:golden_boots":1,"minecraft:wheat":63,"minecraft:emerald":436,"minecraft:arrow":192,"minecraft:crafting_table":4,"minecraft:diamond_axe":1,"minecraft:spruce_planks":7396,"minecraft:bucket":3,"minecraft:hay_block":7,"minecraft:stone_axe":1,"minecraft:enchanted_book":5,"minecraft:bread":82,"minecraft:air":0,"minecraft:spruce_trapdoor":2,"minecraft:diamond_pickaxe":1,"minecraft:shield":2,"minecraft:stick":13740,"minecraft:iron_pickaxe":2,"minecraft:iron_ingot":138,"minecraft:iron_block":350,"minecraft:gold_ingot":3,"minecraft:diamond_chestplate":1},"minecraft:dropped":{"minecraft:iron_sword":1,"minecraft:wheat_seeds":2,"minecraft:golden_helmet":1,"create:mechanical_saw":2,"minecraft:cracked_stone_bricks":2,"minecraft:iron_door":2,"minecraft:potion":1,"minecraft:gold_ingot":103,"minecraft:cobbled_deepslate":3,"minecraft:rotten_flesh":4,"minecraft:spruce_boat":1,"minecraft:spruce_trapdoor":1,"minecraft:spruce_planks":1229,"minecraft:mossy_stone_bricks":4,"minecraft:diamond_pickaxe":2,"minecraft:oak_sapling":1,"create:hand_crank":3,"minecraft:stone_bricks":3,"minecraft:spruce_log":74,"minecraft:splash_potion":2},"minecraft:killed":{"minecraft:zombified_piglin":1,"minecraft:spider":1,"minecraft:skeleton":6,"minecraft:silverfish":3,"minecraft:piglin":1,"minecraft:ender_dragon":1,"minecraft:zombie":4,"minecraft:ghast":2,"minecraft:wither_skeleton":11,"minecraft:enderman":10,"minecraft:blaze":20},"minecraft:picked_up":{"minecraft:crafting_table":8,"minecraft:splash_potion":2,"minecraft:nether_wart":20,"minecraft:gold_block":1,"minecraft:potion":2,"minecraft:nether_brick":15,"minecraft:shield":1,"minecraft:raw_copper":26,"minecraft:blackstone":46,"minecraft:cracked_stone_bricks":11,"minecraft:gold_nugget":76,"minecraft:cobbled_deepslate":6,"minecraft:spruce_planks":1184,"minecraft:oak_boat":1,"minecraft:ender_eye":11,"minecraft:iron_nugget":34,"minecraft:stick":93,"minecraft:end_stone":34,"minecraft:brown_terracotta":4,"minecraft:torch":4,"minecraft:fire_charge":10,"create:hand_crank":29,"minecraft:diorite":34,"minecraft:arrow":79,"minecraft:rotten_flesh":5,"minecraft:nether_bricks":16,"minecraft:gold_ingot":55,"minecraft:white_terracotta":2,"minecraft:blaze_rod":10,"minecraft:obsidian":13,"minecraft:iron_bars":5,"minecraft:cobblestone":127,"minecraft:magma_block":2,"minecraft:basalt":104,"minecraft:iron_door":11,"minecraft:leather":12,"minecraft:crimson_fungus":1,"minecraft:flint":4,"create:raw_zinc":11,"minecraft:dirt":6,"minecraft:orange_terracotta":5,"minecraft:bone":18,"minecraft:stone_bricks":27,"minecraft:wheat_seeds":2,"minecraft:mossy_stone_bricks":15,"minecraft:glowstone_dust":5,"minecraft:soul_sand":26,"create:mechanical_saw":39,"minecraft:book":3,"minecraft:smooth_basalt":2,"minecraft:quartz":53,"minecraft:gravel":70,"minecraft:spruce_sapling":153,"minecraft:white_bed":2,"minecraft:spruce_log":1863,"minecraft:red_terracotta":5,"minecraft:crying_obsidian":11,"minecraft:spectral_arrow":24,"minecraft:light_gray_terracotta":1,"minecraft:spruce_boat":6,"minecraft:granite":4,"minecraft:golden_apple":2,"minecraft:terracotta":14,"minecraft:oak_sapling":3,"minecraft:netherrack":565,"minecraft:coal":3,"minecraft:ender_pearl":3,"minecraft:diamond_pickaxe":2},"minecraft:mined":{"create:zinc_ore":4,"minecraft:nether_gold_ore":6,"minecraft:spruce_planks":14,"minecraft:white_bed":1,"minecraft:end_stone":38,"minecraft:obsidian":9,"minecraft:nether_bricks":17,"minecraft:granite":6,"minecraft:spruce_leaves":2,"minecraft:crimson_fungus":1,"minecraft:nether_wart":20,"minecraft:spawner":1,"minecraft:magma_block":5,"minecraft:glowstone":2,"minecraft:spruce_sapling":6,"minecraft:fire":25,"minecraft:andesite":1,"minecraft:gold_block":1,"minecraft:bookshelf":1,"minecraft:iron_bars":5,"minecraft:stone":120,"minecraft:blackstone":15,"minecraft:infested_stone_bricks":4,"minecraft:crimson_nylium":5,"minecraft:soul_fire":1,"minecraft:orange_terracotta":5,"minecraft:basalt":108,"minecraft:crafting_table":9,"minecraft:torch":2,"minecraft:light_gray_terracotta":1,"minecraft:nether_quartz_ore":17,"minecraft:tall_grass":1,"minecraft:copper_ore":4,"minecraft:cobblestone":16,"minecraft:wall_torch":2,"minecraft:diorite":34,"minecraft:iron_door":11,"create:mechanical_saw":36,"minecraft:white_terracotta":2,"minecraft:red_terracotta":6,"minecraft:spruce_log":141,"minecraft:birch_leaves":6,"minecraft:grass":7,"create:hand_crank":16,"minecraft:gravel":16,"minecraft:dirt":6,"minecraft:cracked_stone_bricks":12,"minecraft:brown_terracotta":4,"minecraft:smooth_basalt":2,"minecraft:terracotta":14,"minecraft:stone_bricks":29,"minecraft:netherrack":611,"minecraft:mossy_stone_bricks":16,"minecraft:deepslate":6,"minecraft:oak_leaves":7,"minecraft:infested_stone":1}},"DataVersion":3465}