{"stats":{"minecraft:used":{"minecraft:blackstone":33,"minecraft:spruce_planks":10,"minecraft:chest":2,"minecraft:shield":3,"minecraft:netherrack":167,"minecraft:crafting_table":6,"minecraft:nether_bricks":5,"minecraft:white_bed":1,"minecraft:spruce_log":4,"minecraft:iron_axe":122,"minecraft:iron_pickaxe":270,"minecraft:bow":61,"minecraft:bucket":1,"minecraft:oak_boat":1,"minecraft:cooked_beef":14},"minecraft:custom":{"minecraft:mob_kills":34,"minecraft:interact_with_crafting_table":8,"minecraft:bell_ring":87,"minecraft:time_since_death":60177,"minecraft:sleep_in_bed":1,"minecraft:climb_one_cm":2604,"minecraft:time_since_rest":46088,"minecraft:sprint_one_cm":196416,"minecraft:damage_taken":1083,"minecraft:walk_one_cm":173991,"minecraft:damage_blocked_by_shield":225,"minecraft:drop":108,"minecraft:damage_dealt":3783,"minecraft:fly_one_cm":268783,"minecraft:open_chest":74,"minecraft:crouch_one_cm":33591,"minecraft:play_time":60177,"minecraft:sneak_time":9055,"minecraft:walk_under_water_one_cm":139,"minecraft:boat_one_cm":4545,"minecraft:jump":1383,"minecraft:walk_on_water_one_cm":6945,"minecraft:total_world_time":60177,"minecraft:fall_one_cm":27183},"minecraft:broken":{"minecraft:iron_pickaxe":1},"minecraft:crafted":{"minecraft:crafting_table":2,"minecraft:spruce_planks":236,"minecraft:blaze_powder":20,"minecraft:bucket":1,"minecraft:bow":1,"minecraft:shield":1,"minecraft:iron_axe":1,"minecraft:stick":84,"minecraft:iron_ingot":3,"minecraft:iron_pickaxe":2,"minecraft:chest":2,"minecraft:golden_helmet":1},"minecraft:dropped":{"minecraft:iron_sword":1,"minecraft:golden_helmet":1,"minecraft:potion":1,"minecraft:splash_potion":2,"minecraft:gold_ingot":103},"minecraft:killed":{"minecraft:zombified_piglin":1,"minecraft:skeleton":4,"minecraft:ghast":1,"minecraft:wither_skeleton":9,"minecraft:blaze":19},"minecraft:mined":{"minecraft:spruce_planks":3,"minecraft:blackstone":2,"minecraft:crafting_table":5,"minecraft:nether_bricks":5,"minecraft:fire":7,"minecraft:spruce_log":65,"minecraft:birch_leaves":6,"minecraft:netherrack":263,"minecraft:oak_leaves":6},"minecraft:picked_up":{"minecraft:crafting_table":4,"minecraft:splash_potion":2,"minecraft:leather":12,"minecraft:potion":2,"minecraft:nether_brick":15,"minecraft:bone":13,"minecraft:blackstone":33,"minecraft:gold_nugget":1,"minecraft:spruce_planks":3,"minecraft:oak_boat":1,"minecraft:iron_nugget":34,"minecraft:soul_sand":26,"minecraft:quartz":10,"minecraft:gravel":58,"minecraft:fire_charge":10,"minecraft:white_bed":1,"minecraft:spruce_log":63,"minecraft:crying_obsidian":11,"minecraft:spectral_arrow":24,"minecraft:arrow":2,"minecraft:nether_bricks":5,"minecraft:gold_ingot":55,"minecraft:oak_sapling":2,"minecraft:blaze_rod":10,"minecraft:netherrack":248,"minecraft:obsidian":4,"minecraft:coal":3}},"DataVersion":3465}