{"stats":{"minecraft:picked_up":{"minecraft:wheat":298,"minecraft:oak_stairs":3,"minecraft:music_disc_cat":8,"minecraft:string":191,"minecraft:activator_rail":8,"minecraft:cobbled_deepslate":84,"minecraft:spruce_planks":33,"minecraft:redstone_torch":63,"minecraft:cobblestone_slab":5,"minecraft:melon_slice":49,"minecraft:furnace":20,"minecraft:stick":175,"minecraft:jukebox":1,"minecraft:composter":14,"minecraft:oak_fence":17,"minecraft:torch":170,"minecraft:spruce_stairs":11,"minecraft:porkchop":37,"minecraft:pointed_dripstone":38,"minecraft:diorite":1,"minecraft:cauldron":2,"minecraft:rotten_flesh":23,"minecraft:iron_block":49,"minecraft:white_terracotta":3,"minecraft:obsidian":9,"minecraft:cobblestone":1267,"minecraft:birch_log":181,"minecraft:enchanting_table":2,"minecraft:feather":4,"minecraft:cooked_beef":8,"minecraft:andesite":1,"minecraft:water_bucket":2,"minecraft:jungle_log":2,"minecraft:brown_wool":3,"minecraft:potato":525,"minecraft:flint":32,"minecraft:tuff":2,"minecraft:lapis_lazuli":409,"minecraft:dirt":2819,"minecraft:bone":78,"minecraft:glass":2,"minecraft:stonecutter":1,"minecraft:wheat_seeds":1140,"minecraft:raw_gold":53,"minecraft:cobbled_deepslate_slab":1,"minecraft:bell":1,"minecraft:grindstone":1,"minecraft:fletching_table":31,"minecraft:bamboo":2205,"minecraft:powered_rail":16,"minecraft:oak_planks":82,"minecraft:cooked_porkchop":1,"minecraft:music_disc_13":1,"minecraft:poisonous_potato":3,"minecraft:sand":233,"minecraft:stripped_spruce_log":1,"minecraft:mossy_cobblestone":1,"minecraft:iron_hoe":1,"minecraft:dispenser":6,"minecraft:diamond":7,"minecraft:granite":2,"minecraft:oak_sapling":28,"minecraft:netherrack":2,"minecraft:diamond_pickaxe":1,"minecraft:crafting_table":18,"minecraft:azure_bluet":5,"minecraft:chicken":4,"minecraft:clay_ball":16,"minecraft:cornflower":9,"minecraft:oak_trapdoor":14,"minecraft:large_fern":1,"minecraft:beef":28,"minecraft:oak_boat":11,"minecraft:jungle_sapling":1,"minecraft:observer":5,"minecraft:light_gray_wool":2,"minecraft:poppy":34,"minecraft:spruce_slab":44,"minecraft:minecart":45,"minecraft:sugar_cane":355,"minecraft:chest":24,"minecraft:birch_sapling":5,"minecraft:piston":1,"minecraft:spruce_trapdoor":53,"minecraft:egg":4,"minecraft:raw_iron":290,"minecraft:spruce_fence":18,"minecraft:cookie":4,"minecraft:redstone":370,"minecraft:arrow":35,"minecraft:pumpkin_pie":1,"minecraft:mutton":39,"minecraft:rail":176,"minecraft:white_wool":37,"minecraft:oxeye_daisy":6,"minecraft:leather":18,"minecraft:birch_planks":16,"minecraft:oak_log":279,"minecraft:yellow_bed":3,"minecraft:gunpowder":6,"minecraft:apple":5,"minecraft:kelp":337,"minecraft:iron_ingot":7,"minecraft:iron_sword":2,"minecraft:oak_slab":1,"minecraft:quartz":15,"minecraft:dandelion":55,"minecraft:dripstone_block":7,"minecraft:gravel":449,"minecraft:spruce_sapling":235,"minecraft:blast_furnace":7,"minecraft:white_bed":29,"minecraft:spruce_log":2486,"minecraft:spider_eye":4,"minecraft:pumpkin_seeds":1,"minecraft:dried_kelp_block":1,"minecraft:oak_button":6,"minecraft:terracotta":2,"minecraft:coal":480,"minecraft:hopper":3},"minecraft:used":{"minecraft:iron_shovel":2403,"minecraft:dispenser":6,"minecraft:spruce_slab":45,"minecraft:poppy":144,"minecraft:oak_sign":9,"minecraft:shield":145,"minecraft:chest":43,"minecraft:white_terracotta":4,"minecraft:iron_sword":509,"minecraft:bell":1,"minecraft:tuff":1,"minecraft:music_disc_13":1,"minecraft:azure_bluet":1,"minecraft:milk_bucket":5,"minecraft:obsidian":10,"minecraft:jungle_sapling":1,"minecraft:glass":163,"minecraft:lava_bucket":4,"minecraft:birch_sapling":5,"minecraft:oak_sapling":20,"minecraft:furnace":51,"minecraft:egg":4,"minecraft:potato":316,"minecraft:diorite":1,"minecraft:stone_pickaxe":472,"minecraft:powered_rail":41,"minecraft:oak_planks":234,"minecraft:wooden_pickaxe":8,"minecraft:diamond_axe":41,"minecraft:composter":14,"minecraft:sugar_cane":257,"minecraft:cookie":4,"minecraft:white_wool":29,"minecraft:sand":30,"minecraft:blast_furnace":9,"minecraft:dripstone_block":5,"minecraft:redstone_torch":42,"minecraft:gravel":382,"minecraft:smithing_table":1,"minecraft:andesite":1,"minecraft:birch_log":3,"minecraft:oak_boat":11,"minecraft:bone_meal":159,"minecraft:oak_fence":13,"minecraft:oak_trapdoor":16,"minecraft:enchanting_table":3,"minecraft:stone_sword":271,"minecraft:flint_and_steel":3,"minecraft:stone_shovel":418,"minecraft:redstone":9,"minecraft:spruce_planks":45,"minecraft:dried_kelp_block":1,"minecraft:stone_hoe":180,"minecraft:netherrack":2,"minecraft:oak_door":1,"minecraft:torch":1128,"minecraft:dirt":3456,"minecraft:anvil":1,"minecraft:hopper":26,"minecraft:spruce_stairs":47,"minecraft:granite":2,"minecraft:spruce_fence":47,"minecraft:iron_hoe":307,"minecraft:iron_axe":3159,"minecraft:oak_stairs":49,"minecraft:jungle_log":2,"minecraft:barrel":3,"minecraft:bamboo":1442,"minecraft:minecart":14,"minecraft:pointed_dripstone":18,"minecraft:cooked_beef":84,"minecraft:cobbled_deepslate":43,"minecraft:observer":9,"minecraft:wheat_seeds":612,"minecraft:cooked_mutton":49,"minecraft:water_bucket":88,"minecraft:cobblestone_stairs":14,"minecraft:birch_planks":120,"minecraft:baked_potato":32,"minecraft:birch_boat":1,"minecraft:cauldron":3,"minecraft:fletching_table":38,"minecraft:cobblestone_slab":149,"minecraft:mossy_cobblestone":1,"minecraft:terracotta":2,"minecraft:rail":448,"minecraft:music_disc_cat":8,"minecraft:oak_slab":4,"minecraft:crafting_table":32,"minecraft:white_bed":36,"minecraft:spruce_log":320,"minecraft:oak_log":40,"minecraft:piston":19,"minecraft:wooden_hoe":43,"minecraft:cornflower":4,"minecraft:activator_rail":6,"minecraft:diamond_pickaxe":127,"minecraft:apple":1,"minecraft:diamond_shovel":582,"minecraft:oak_button":12,"minecraft:iron_pickaxe":1734,"minecraft:spruce_trapdoor":189,"minecraft:spruce_sapling":139,"minecraft:stone_axe":225,"minecraft:cobblestone":884,"minecraft:cobbled_deepslate_slab":21,"minecraft:cooked_porkchop":3,"minecraft:bucket":96,"minecraft:glass_pane":112,"minecraft:pumpkin_pie":1,"minecraft:yellow_bed":3,"minecraft:kelp":19,"minecraft:dandelion":28,"minecraft:jukebox":1},"minecraft:crafted":{"minecraft:brick":19,"minecraft:smooth_stone":24,"minecraft:oak_planks":776,"minecraft:cobblestone_slab":186,"minecraft:barrel":3,"minecraft:oak_sign":12,"minecraft:birch_boat":1,"minecraft:cooked_chicken":9,"minecraft:stone":24,"minecraft:cobblestone_stairs":12,"minecraft:lever":2,"minecraft:diamond_shovel":3,"minecraft:cooked_mutton":44,"minecraft:glass":360,"minecraft:hopper":28,"minecraft:diamond_helmet":2,"minecraft:diamond_leggings":2,"minecraft:bow":3,"minecraft:iron_boots":2,"minecraft:melon_seeds":49,"minecraft:chest":58,"minecraft:oak_button":7,"minecraft:rail":528,"minecraft:dried_kelp_block":109,"minecraft:birch_button":2,"minecraft:stone_hoe":4,"minecraft:oak_fence":3,"minecraft:oak_slab":36,"minecraft:emerald":466,"minecraft:cauldron":1,"minecraft:cooked_porkchop":37,"minecraft:diamond_axe":3,"minecraft:crafting_table":15,"minecraft:spruce_planks":8296,"minecraft:iron_helmet":2,"minecraft:wooden_pickaxe":1,"minecraft:baked_potato":32,"minecraft:smithing_table":1,"minecraft:chainmail_chestplate":12,"minecraft:fletching_table":13,"minecraft:birch_planks":660,"minecraft:dispenser":3,"minecraft:spruce_trapdoor":160,"minecraft:wooden_hoe":1,"minecraft:iron_chestplate":2,"minecraft:book":1,"minecraft:paper":3,"minecraft:diamond_pickaxe":2,"minecraft:shield":1,"minecraft:stick":15036,"minecraft:iron_ingot":1194,"minecraft:iron_pickaxe":7,"minecraft:iron_block":352,"minecraft:stone_sword":4,"minecraft:gold_ingot":102,"minecraft:redstone_torch":22,"minecraft:composter":2,"minecraft:birch_stairs":4,"minecraft:shears":1,"minecraft:cobbled_deepslate_slab":24,"minecraft:oak_door":3,"minecraft:redstone":81,"minecraft:stone_shovel":6,"minecraft:coal":99,"minecraft:furnace":41,"minecraft:blast_furnace":8,"minecraft:piston":22,"minecraft:bone_meal":186,"minecraft:spruce_fence":48,"minecraft:glass_pane":128,"minecraft:oak_trapdoor":10,"minecraft:flint_and_steel":2,"minecraft:spruce_stairs":60,"minecraft:iron_axe":15,"minecraft:ladder":6,"minecraft:iron_hoe":1,"minecraft:spruce_slab":126,"minecraft:stone_pickaxe":4,"minecraft:diamond_boots":2,"minecraft:redstone_block":73,"minecraft:chainmail_leggings":11,"minecraft:observer":4,"minecraft:minecart":20,"minecraft:wheat":9,"minecraft:cooked_beef":99,"minecraft:coal_block":15,"minecraft:enchanting_table":1,"minecraft:dried_kelp":969,"minecraft:powered_rail":36,"minecraft:activator_rail":24,"minecraft:iron_sword":3,"minecraft:bucket":5,"minecraft:stone_axe":12,"minecraft:air":0,"minecraft:oak_boat":4,"minecraft:white_wool":18,"minecraft:chainmail_boots":12,"minecraft:oak_stairs":48,"minecraft:birch_trapdoor":2,"minecraft:iron_shovel":11,"minecraft:iron_leggings":13,"minecraft:anvil":1,"minecraft:white_bed":8,"minecraft:note_block":1,"minecraft:torch":1196,"minecraft:lapis_lazuli":45,"minecraft:lapis_block":60,"minecraft:diamond_chestplate":2},"minecraft:broken":{"minecraft:iron_shovel":8,"minecraft:leather_leggings":1,"minecraft:stone_pickaxe":3,"minecraft:stone_axe":2,"minecraft:iron_sword":2,"minecraft:stone_shovel":3,"minecraft:stone_sword":3,"minecraft:stone_hoe":1,"minecraft:iron_axe":10,"minecraft:iron_pickaxe":5},"minecraft:custom":{"minecraft:animals_bred":148,"minecraft:interact_with_crafting_table":306,"minecraft:bell_ring":4,"minecraft:eat_cake_slice":5,"minecraft:leave_game":14,"minecraft:time_since_death":1485512,"minecraft:sprint_one_cm":2925663,"minecraft:damage_blocked_by_shield":3385,"minecraft:drop":351,"minecraft:play_noteblock":1,"minecraft:talked_to_villager":126,"minecraft:play_time":1485512,"minecraft:jump":27363,"minecraft:walk_on_water_one_cm":102821,"minecraft:enchant_item":10,"minecraft:interact_with_furnace":869,"minecraft:play_record":9,"minecraft:traded_with_villager":544,"minecraft:sleep_in_bed":101,"minecraft:damage_dealt":26374,"minecraft:crouch_one_cm":715307,"minecraft:use_cauldron":3,"minecraft:inspect_dispenser":27,"minecraft:horse_one_cm":944045,"minecraft:interact_with_anvil":1,"minecraft:mob_kills":167,"minecraft:inspect_hopper":4,"minecraft:climb_one_cm":1462,"minecraft:walk_one_cm":4522917,"minecraft:sneak_time":189436,"minecraft:walk_under_water_one_cm":70589,"minecraft:boat_one_cm":321932,"minecraft:interact_with_blast_furnace":1,"minecraft:total_world_time":1485512,"minecraft:tune_noteblock":1,"minecraft:time_since_rest":3160,"minecraft:damage_taken":4819,"minecraft:minecart_one_cm":22382,"minecraft:swim_one_cm":52417,"minecraft:fly_one_cm":5679808,"minecraft:open_chest":1614,"minecraft:fall_one_cm":511640},"minecraft:killed":{"minecraft:cave_spider":11,"minecraft:skeleton":42,"minecraft:chicken":4,"minecraft:pig":18,"minecraft:iron_golem":1,"minecraft:creeper":6,"minecraft:sheep":27,"minecraft:pillager":1,"minecraft:zombie":31,"minecraft:cow":13,"minecraft:villager":9,"minecraft:enderman":1},"minecraft:mined":{"minecraft:spruce_planks":15,"minecraft:white_bed":29,"minecraft:jungle_leaves":47,"minecraft:obsidian":9,"minecraft:spruce_trapdoor":38,"minecraft:granite":2,"minecraft:grass_block":1560,"minecraft:jungle_log":2,"minecraft:composter":12,"minecraft:hopper":3,"minecraft:oxeye_daisy":5,"minecraft:tall_seagrass":2,"minecraft:iron_ore":153,"minecraft:cobbled_deepslate":1,"minecraft:fire":4,"minecraft:fletching_table":29,"minecraft:deepslate_lapis_ore":53,"minecraft:azure_bluet":7,"minecraft:enchanting_table":2,"minecraft:pointed_dripstone":17,"minecraft:flowering_azalea_leaves":1,"minecraft:dirt_path":122,"minecraft:oak_stairs":1,"minecraft:spruce_slab":44,"minecraft:deepslate_redstone_ore":71,"minecraft:kelp_plant":26,"minecraft:clay":4,"minecraft:torch":59,"minecraft:blast_furnace":7,"minecraft:poppy":29,"minecraft:melon":10,"minecraft:chest":22,"minecraft:nether_quartz_ore":15,"minecraft:glass":19,"minecraft:cobblestone":277,"minecraft:sugar_cane":201,"minecraft:grindstone":1,"minecraft:oak_planks":50,"minecraft:wall_torch":15,"minecraft:white_terracotta":3,"minecraft:powered_rail":15,"minecraft:birch_log":182,"minecraft:wheat":320,"minecraft:lava_cauldron":2,"minecraft:activator_rail":6,"minecraft:jukebox":1,"minecraft:grass":2175,"minecraft:oak_log":242,"minecraft:sand":226,"minecraft:dirt":811,"minecraft:stonecutter":1,"minecraft:dispenser":5,"minecraft:netherrack":2,"minecraft:piston":1,"minecraft:oak_leaves":135,"minecraft:deepslate":81,"minecraft:tuff":2,"minecraft:mossy_cobblestone":1,"minecraft:deepslate_diamond_ore":7,"minecraft:cobbled_deepslate_slab":1,"minecraft:spruce_fence":12,"minecraft:spruce_leaves":131,"minecraft:kelp":1,"minecraft:large_fern":1,"minecraft:hay_block":1,"minecraft:redstone_ore":6,"minecraft:oak_trapdoor":10,"minecraft:spruce_sapling":4,"minecraft:furnace":20,"minecraft:andesite":1,"minecraft:stripped_spruce_log":1,"minecraft:bell":1,"minecraft:potatoes":137,"minecraft:deepslate_iron_ore":137,"minecraft:cobblestone_slab":3,"minecraft:vine":1,"minecraft:rail":168,"minecraft:bamboo_sapling":2,"minecraft:bamboo":263,"minecraft:stone":783,"minecraft:white_wool":2,"minecraft:redstone_wall_torch":2,"minecraft:podzol":16,"minecraft:oak_slab":1,"minecraft:glass_pane":10,"minecraft:observer":5,"minecraft:dandelion":62,"minecraft:oak_fence":10,"minecraft:crafting_table":18,"minecraft:cornflower":9,"minecraft:tall_grass":192,"minecraft:deepslate_coal_ore":21,"minecraft:dried_kelp_block":1,"minecraft:deepslate_gold_ore":51,"minecraft:lapis_ore":12,"minecraft:spruce_stairs":10,"minecraft:birch_planks":26,"minecraft:redstone_torch":17,"minecraft:spruce_log":2484,"minecraft:birch_leaves":48,"minecraft:yellow_bed":3,"minecraft:coal_ore":374,"minecraft:gravel":455,"minecraft:dripstone_block":3,"minecraft:cobweb":136,"minecraft:terracotta":2,"minecraft:oak_button":2,"minecraft:gold_ore":2,"minecraft:fern":1},"minecraft:dropped":{"minecraft:iron_sword":1,"minecraft:diamond_axe":2,"minecraft:birch_planks":6,"minecraft:lapis_lazuli":36,"minecraft:cooked_beef":4,"minecraft:oak_log":32,"minecraft:diamond":1,"minecraft:emerald":1,"minecraft:dirt":31,"minecraft:large_fern":2,"minecraft:cornflower":4,"minecraft:white_wool":3,"minecraft:gravel":28,"minecraft:stone_axe":10,"minecraft:sugar_cane":13,"minecraft:detector_rail":1,"minecraft:cobbled_deepslate":21,"minecraft:wheat":4,"minecraft:pointed_dripstone":1,"minecraft:oak_planks":39,"minecraft:rotten_flesh":6,"minecraft:diamond_shovel":2,"minecraft:azure_bluet":4,"minecraft:white_bed":1,"minecraft:chainmail_chestplate":12,"minecraft:poppy":10,"minecraft:chainmail_boots":12,"minecraft:arrow":9,"minecraft:stone_hoe":2,"minecraft:iron_ingot":3,"minecraft:wheat_seeds":700,"minecraft:minecart":22,"minecraft:dripstone_block":2,"minecraft:diamond_leggings":1,"minecraft:poisonous_potato":1,"minecraft:oak_fence":1,"minecraft:cobblestone":148,"minecraft:iron_helmet":2,"minecraft:apple":1,"minecraft:stick":24,"minecraft:oxeye_daisy":2,"minecraft:iron_block":49,"minecraft:torch":261,"minecraft:diamond_helmet":1,"minecraft:iron_leggings":13,"minecraft:oak_stairs":2,"minecraft:iron_axe":2,"minecraft:iron_shovel":1,"minecraft:chainmail_leggings":11,"minecraft:dandelion":23,"minecraft:kelp":65,"minecraft:stone_sword":1,"minecraft:tuff":1,"minecraft:stone_shovel":2,"minecraft:iron_boots":2,"minecraft:pumpkin_seeds":2,"minecraft:potato":94,"minecraft:diamond_chestplate":1,"minecraft:diamond_pickaxe":2,"minecraft:iron_chestplate":2,"minecraft:oak_sapling":6,"minecraft:diamond_boots":1,"minecraft:stone_pickaxe":1,"minecraft:wooden_pickaxe":1}},"DataVersion":3465}