{"stats":{"minecraft:broken":{"minecraft:iron_shovel":8,"minecraft:leather_leggings":1,"minecraft:stone_pickaxe":3,"minecraft:stone_axe":2,"minecraft:stone_shovel":3,"minecraft:stone_sword":3,"minecraft:stone_hoe":1,"minecraft:iron_axe":3,"minecraft:iron_pickaxe":5},"minecraft:custom":{"minecraft:animals_bred":128,"minecraft:interact_with_crafting_table":250,"minecraft:bell_ring":4,"minecraft:eat_cake_slice":5,"minecraft:leave_game":13,"minecraft:time_since_death":1143821,"minecraft:sprint_one_cm":2216536,"minecraft:damage_blocked_by_shield":2995,"minecraft:drop":181,"minecraft:play_noteblock":1,"minecraft:talked_to_villager":46,"minecraft:play_time":1143821,"minecraft:jump":20585,"minecraft:walk_on_water_one_cm":99747,"minecraft:enchant_item":8,"minecraft:interact_with_furnace":756,"minecraft:play_record":9,"minecraft:traded_with_villager":98,"minecraft:sleep_in_bed":75,"minecraft:damage_dealt":24906,"minecraft:crouch_one_cm":571335,"minecraft:use_cauldron":3,"minecraft:inspect_dispenser":22,"minecraft:horse_one_cm":944045,"minecraft:mob_kills":158,"minecraft:inspect_hopper":4,"minecraft:climb_one_cm":1462,"minecraft:walk_one_cm":3550344,"minecraft:sneak_time":142713,"minecraft:walk_under_water_one_cm":66647,"minecraft:boat_one_cm":321932,"minecraft:total_world_time":1143821,"minecraft:tune_noteblock":1,"minecraft:time_since_rest":5074,"minecraft:damage_taken":4315,"minecraft:minecart_one_cm":422,"minecraft:swim_one_cm":51549,"minecraft:fly_one_cm":4089612,"minecraft:open_chest":1300,"minecraft:fall_one_cm":412215},"minecraft:crafted":{"minecraft:oak_planks":708,"minecraft:cobblestone_slab":18,"minecraft:barrel":3,"minecraft:oak_sign":12,"minecraft:birch_boat":1,"minecraft:cooked_chicken":9,"minecraft:cobblestone_stairs":8,"minecraft:lever":2,"minecraft:cooked_mutton":44,"minecraft:glass":337,"minecraft:hopper":28,"minecraft:bow":3,"minecraft:iron_boots":2,"minecraft:melon_seeds":49,"minecraft:chest":58,"minecraft:oak_button":7,"minecraft:rail":48,"minecraft:dried_kelp_block":51,"minecraft:birch_button":2,"minecraft:stone_hoe":4,"minecraft:oak_fence":3,"minecraft:oak_slab":36,"minecraft:emerald":98,"minecraft:cauldron":1,"minecraft:cooked_porkchop":37,"minecraft:crafting_table":14,"minecraft:spruce_planks":2196,"minecraft:iron_helmet":2,"minecraft:wooden_pickaxe":1,"minecraft:baked_potato":32,"minecraft:fletching_table":12,"minecraft:birch_planks":660,"minecraft:dispenser":3,"minecraft:spruce_trapdoor":62,"minecraft:wooden_hoe":1,"minecraft:iron_chestplate":2,"minecraft:book":1,"minecraft:paper":3,"minecraft:diamond_pickaxe":1,"minecraft:shield":1,"minecraft:stick":3652,"minecraft:iron_ingot":519,"minecraft:iron_pickaxe":6,"minecraft:iron_block":170,"minecraft:stone_sword":4,"minecraft:gold_ingot":102,"minecraft:redstone_torch":9,"minecraft:composter":2,"minecraft:birch_stairs":4,"minecraft:shears":1,"minecraft:oak_door":3,"minecraft:redstone":81,"minecraft:stone_shovel":5,"minecraft:coal":99,"minecraft:furnace":31,"minecraft:piston":22,"minecraft:bone_meal":186,"minecraft:spruce_fence":48,"minecraft:oak_trapdoor":10,"minecraft:flint_and_steel":1,"minecraft:spruce_stairs":32,"minecraft:iron_axe":6,"minecraft:ladder":6,"minecraft:spruce_slab":66,"minecraft:stone_pickaxe":4,"minecraft:redstone_block":73,"minecraft:observer":4,"minecraft:minecart":1,"minecraft:wheat":9,"minecraft:cooked_beef":75,"minecraft:coal_block":15,"minecraft:enchanting_table":1,"minecraft:dried_kelp":464,"minecraft:powered_rail":18,"minecraft:activator_rail":24,"minecraft:iron_sword":3,"minecraft:bucket":5,"minecraft:stone_axe":2,"minecraft:air":0,"minecraft:oak_boat":4,"minecraft:white_wool":18,"minecraft:oak_stairs":48,"minecraft:birch_trapdoor":2,"minecraft:iron_shovel":8,"minecraft:iron_leggings":2,"minecraft:white_bed":8,"minecraft:note_block":1,"minecraft:torch":1196,"minecraft:lapis_lazuli":45,"minecraft:lapis_block":60},"minecraft:mined":{"minecraft:spruce_planks":15,"minecraft:white_bed":21,"minecraft:jungle_leaves":47,"minecraft:obsidian":9,"minecraft:spruce_trapdoor":38,"minecraft:granite":2,"minecraft:grass_block":1275,"minecraft:jungle_log":2,"minecraft:composter":3,"minecraft:hopper":3,"minecraft:oxeye_daisy":4,"minecraft:tall_seagrass":2,"minecraft:iron_ore":153,"minecraft:cobbled_deepslate":1,"minecraft:fire":4,"minecraft:fletching_table":28,"minecraft:deepslate_lapis_ore":53,"minecraft:azure_bluet":3,"minecraft:enchanting_table":2,"minecraft:pointed_dripstone":17,"minecraft:flowering_azalea_leaves":1,"minecraft:dirt_path":119,"minecraft:oak_stairs":1,"minecraft:spruce_slab":20,"minecraft:deepslate_redstone_ore":71,"minecraft:kelp_plant":26,"minecraft:clay":4,"minecraft:torch":44,"minecraft:poppy":4,"minecraft:melon":10,"minecraft:chest":18,"minecraft:nether_quartz_ore":15,"minecraft:glass":12,"minecraft:cobblestone":166,"minecraft:sugar_cane":201,"minecraft:grindstone":1,"minecraft:oak_planks":13,"minecraft:wall_torch":14,"minecraft:white_terracotta":3,"minecraft:powered_rail":7,"minecraft:birch_log":182,"minecraft:wheat":320,"minecraft:lava_cauldron":1,"minecraft:activator_rail":6,"minecraft:jukebox":1,"minecraft:grass":1545,"minecraft:oak_log":241,"minecraft:sand":226,"minecraft:dirt":269,"minecraft:stonecutter":1,"minecraft:dispenser":3,"minecraft:netherrack":2,"minecraft:piston":1,"minecraft:oak_leaves":135,"minecraft:deepslate":81,"minecraft:tuff":2,"minecraft:mossy_cobblestone":1,"minecraft:deepslate_diamond_ore":7,"minecraft:spruce_fence":12,"minecraft:spruce_leaves":112,"minecraft:kelp":1,"minecraft:large_fern":1,"minecraft:hay_block":1,"minecraft:redstone_ore":6,"minecraft:oak_trapdoor":6,"minecraft:spruce_sapling":1,"minecraft:furnace":20,"minecraft:andesite":1,"minecraft:bell":1,"minecraft:potatoes":105,"minecraft:deepslate_iron_ore":137,"minecraft:vine":1,"minecraft:rail":86,"minecraft:stone":687,"minecraft:white_wool":2,"minecraft:podzol":16,"minecraft:oak_slab":1,"minecraft:observer":5,"minecraft:dandelion":36,"minecraft:oak_fence":10,"minecraft:crafting_table":18,"minecraft:cornflower":3,"minecraft:tall_grass":175,"minecraft:deepslate_coal_ore":21,"minecraft:deepslate_gold_ore":51,"minecraft:lapis_ore":12,"minecraft:spruce_stairs":9,"minecraft:birch_planks":26,"minecraft:redstone_torch":6,"minecraft:spruce_log":713,"minecraft:birch_leaves":48,"minecraft:yellow_bed":3,"minecraft:coal_ore":374,"minecraft:gravel":403,"minecraft:dripstone_block":3,"minecraft:cobweb":136,"minecraft:terracotta":2,"minecraft:oak_button":1,"minecraft:gold_ore":2,"minecraft:fern":1},"minecraft:killed":{"minecraft:cave_spider":11,"minecraft:skeleton":42,"minecraft:chicken":4,"minecraft:pig":18,"minecraft:iron_golem":1,"minecraft:creeper":5,"minecraft:sheep":27,"minecraft:zombie":27,"minecraft:cow":13,"minecraft:villager":6,"minecraft:enderman":1},"minecraft:used":{"minecraft:iron_shovel":2113,"minecraft:dispenser":4,"minecraft:spruce_slab":44,"minecraft:poppy":127,"minecraft:oak_sign":9,"minecraft:shield":127,"minecraft:chest":41,"minecraft:white_terracotta":4,"minecraft:iron_sword":239,"minecraft:bell":1,"minecraft:tuff":1,"minecraft:music_disc_13":1,"minecraft:azure_bluet":1,"minecraft:milk_bucket":5,"minecraft:obsidian":10,"minecraft:jungle_sapling":1,"minecraft:glass":154,"minecraft:lava_bucket":4,"minecraft:birch_sapling":5,"minecraft:oak_sapling":20,"minecraft:furnace":51,"minecraft:egg":3,"minecraft:potato":227,"minecraft:diorite":1,"minecraft:stone_pickaxe":472,"minecraft:powered_rail":10,"minecraft:oak_planks":234,"minecraft:wooden_pickaxe":8,"minecraft:composter":5,"minecraft:sugar_cane":257,"minecraft:cookie":4,"minecraft:white_wool":29,"minecraft:sand":30,"minecraft:dripstone_block":5,"minecraft:redstone_torch":9,"minecraft:gravel":351,"minecraft:andesite":1,"minecraft:birch_log":3,"minecraft:oak_boat":11,"minecraft:bone_meal":159,"minecraft:oak_fence":13,"minecraft:oak_trapdoor":15,"minecraft:enchanting_table":3,"minecraft:stone_sword":271,"minecraft:flint_and_steel":1,"minecraft:stone_shovel":418,"minecraft:redstone":9,"minecraft:spruce_planks":30,"minecraft:stone_hoe":180,"minecraft:netherrack":2,"minecraft:oak_door":1,"minecraft:torch":1076,"minecraft:dirt":2027,"minecraft:hopper":26,"minecraft:spruce_stairs":28,"minecraft:granite":2,"minecraft:spruce_fence":47,"minecraft:iron_hoe":213,"minecraft:iron_axe":1306,"minecraft:oak_stairs":49,"minecraft:jungle_log":2,"minecraft:barrel":3,"minecraft:minecart":10,"minecraft:cooked_beef":51,"minecraft:cobbled_deepslate":43,"minecraft:observer":9,"minecraft:pointed_dripstone":18,"minecraft:wheat_seeds":612,"minecraft:cooked_mutton":49,"minecraft:water_bucket":74,"minecraft:cobblestone_stairs":10,"minecraft:birch_planks":120,"minecraft:baked_potato":32,"minecraft:birch_boat":1,"minecraft:cauldron":2,"minecraft:fletching_table":36,"minecraft:mossy_cobblestone":1,"minecraft:terracotta":2,"minecraft:rail":119,"minecraft:music_disc_cat":8,"minecraft:oak_slab":4,"minecraft:crafting_table":31,"minecraft:white_bed":28,"minecraft:spruce_log":96,"minecraft:oak_log":40,"minecraft:piston":19,"minecraft:wooden_hoe":43,"minecraft:activator_rail":6,"minecraft:diamond_pickaxe":127,"minecraft:apple":1,"minecraft:oak_button":10,"minecraft:iron_pickaxe":1417,"minecraft:spruce_trapdoor":113,"minecraft:spruce_sapling":61,"minecraft:stone_axe":225,"minecraft:cobblestone":621,"minecraft:cooked_porkchop":3,"minecraft:bucket":80,"minecraft:pumpkin_pie":1,"minecraft:yellow_bed":3,"minecraft:kelp":19,"minecraft:dandelion":21,"minecraft:jukebox":1},"minecraft:dropped":{"minecraft:iron_sword":1,"minecraft:birch_planks":6,"minecraft:lapis_lazuli":36,"minecraft:oak_log":32,"minecraft:diamond":1,"minecraft:dirt":31,"minecraft:large_fern":2,"minecraft:cornflower":2,"minecraft:gravel":28,"minecraft:sugar_cane":13,"minecraft:detector_rail":1,"minecraft:cobbled_deepslate":21,"minecraft:wheat":2,"minecraft:pointed_dripstone":1,"minecraft:rotten_flesh":3,"minecraft:white_bed":1,"minecraft:arrow":9,"minecraft:stone_hoe":2,"minecraft:iron_ingot":3,"minecraft:wheat_seeds":8,"minecraft:dripstone_block":2,"minecraft:oak_fence":1,"minecraft:iron_helmet":1,"minecraft:cobblestone":148,"minecraft:stick":20,"minecraft:oxeye_daisy":1,"minecraft:iron_block":49,"minecraft:torch":261,"minecraft:iron_leggings":1,"minecraft:oak_stairs":2,"minecraft:dandelion":6,"minecraft:kelp":64,"minecraft:stone_sword":1,"minecraft:tuff":1,"minecraft:stone_shovel":1,"minecraft:iron_boots":1,"minecraft:pumpkin_seeds":2,"minecraft:potato":93,"minecraft:diamond_pickaxe":1,"minecraft:iron_chestplate":1,"minecraft:stone_pickaxe":1,"minecraft:wooden_pickaxe":1},"minecraft:picked_up":{"minecraft:wheat":296,"minecraft:oak_stairs":3,"minecraft:music_disc_cat":8,"minecraft:string":191,"minecraft:activator_rail":8,"minecraft:cobbled_deepslate":84,"minecraft:spruce_planks":17,"minecraft:redstone_torch":7,"minecraft:melon_slice":49,"minecraft:furnace":20,"minecraft:stick":58,"minecraft:jukebox":1,"minecraft:composter":5,"minecraft:oak_fence":17,"minecraft:torch":148,"minecraft:spruce_stairs":10,"minecraft:porkchop":37,"minecraft:pointed_dripstone":38,"minecraft:diorite":1,"minecraft:cauldron":1,"minecraft:rotten_flesh":20,"minecraft:iron_block":49,"minecraft:white_terracotta":3,"minecraft:obsidian":9,"minecraft:cobblestone":1054,"minecraft:birch_log":181,"minecraft:enchanting_table":2,"minecraft:feather":4,"minecraft:andesite":1,"minecraft:water_bucket":2,"minecraft:jungle_log":2,"minecraft:brown_wool":3,"minecraft:potato":497,"minecraft:flint":26,"minecraft:tuff":2,"minecraft:lapis_lazuli":409,"minecraft:dirt":2004,"minecraft:bone":78,"minecraft:glass":2,"minecraft:stonecutter":1,"minecraft:wheat_seeds":1045,"minecraft:raw_gold":53,"minecraft:bell":1,"minecraft:grindstone":1,"minecraft:fletching_table":30,"minecraft:powered_rail":7,"minecraft:oak_planks":13,"minecraft:cooked_porkchop":1,"minecraft:music_disc_13":1,"minecraft:poisonous_potato":2,"minecraft:sand":233,"minecraft:mossy_cobblestone":1,"minecraft:iron_hoe":1,"minecraft:dispenser":4,"minecraft:diamond":7,"minecraft:granite":2,"minecraft:oak_sapling":20,"minecraft:netherrack":2,"minecraft:diamond_pickaxe":1,"minecraft:crafting_table":18,"minecraft:azure_bluet":1,"minecraft:chicken":4,"minecraft:clay_ball":16,"minecraft:cornflower":3,"minecraft:oak_trapdoor":10,"minecraft:large_fern":1,"minecraft:beef":28,"minecraft:oak_boat":11,"minecraft:jungle_sapling":1,"minecraft:observer":5,"minecraft:light_gray_wool":2,"minecraft:poppy":7,"minecraft:spruce_slab":20,"minecraft:minecart":31,"minecraft:sugar_cane":355,"minecraft:chest":20,"minecraft:birch_sapling":5,"minecraft:piston":1,"minecraft:spruce_trapdoor":53,"minecraft:egg":3,"minecraft:raw_iron":290,"minecraft:spruce_fence":18,"minecraft:cookie":4,"minecraft:redstone":370,"minecraft:arrow":35,"minecraft:pumpkin_pie":1,"minecraft:mutton":39,"minecraft:rail":90,"minecraft:white_wool":37,"minecraft:oxeye_daisy":5,"minecraft:leather":18,"minecraft:birch_planks":16,"minecraft:oak_log":278,"minecraft:yellow_bed":3,"minecraft:gunpowder":4,"minecraft:apple":4,"minecraft:kelp":336,"minecraft:iron_ingot":7,"minecraft:oak_slab":1,"minecraft:quartz":15,"minecraft:dandelion":31,"minecraft:dripstone_block":7,"minecraft:gravel":404,"minecraft:spruce_sapling":68,"minecraft:white_bed":21,"minecraft:spruce_log":722,"minecraft:spider_eye":4,"minecraft:pumpkin_seeds":1,"minecraft:oak_button":4,"minecraft:terracotta":2,"minecraft:coal":480,"minecraft:hopper":3}},"DataVersion":3465}