{"stats":{"minecraft:broken":{"minecraft:iron_shovel":1,"minecraft:leather_leggings":1,"minecraft:stone_pickaxe":3,"minecraft:stone_axe":2,"minecraft:stone_shovel":3,"minecraft:stone_sword":3,"minecraft:iron_pickaxe":4},"minecraft:custom":{"minecraft:animals_bred":2,"minecraft:interact_with_crafting_table":146,"minecraft:bell_ring":4,"minecraft:eat_cake_slice":3,"minecraft:leave_game":10,"minecraft:time_since_death":679386,"minecraft:sprint_one_cm":1242183,"minecraft:damage_blocked_by_shield":2995,"minecraft:drop":112,"minecraft:talked_to_villager":1,"minecraft:play_time":679386,"minecraft:jump":10345,"minecraft:walk_on_water_one_cm":52673,"minecraft:enchant_item":5,"minecraft:interact_with_furnace":487,"minecraft:play_record":6,"minecraft:sleep_in_bed":40,"minecraft:damage_dealt":21921,"minecraft:crouch_one_cm":385357,"minecraft:use_cauldron":2,"minecraft:inspect_dispenser":1,"minecraft:horse_one_cm":944045,"minecraft:mob_kills":138,"minecraft:inspect_hopper":1,"minecraft:climb_one_cm":730,"minecraft:walk_one_cm":2194682,"minecraft:sneak_time":96308,"minecraft:walk_under_water_one_cm":61161,"minecraft:boat_one_cm":223697,"minecraft:total_world_time":679386,"minecraft:time_since_rest":0,"minecraft:damage_taken":4023,"minecraft:swim_one_cm":49645,"minecraft:fly_one_cm":1631748,"minecraft:open_chest":644,"minecraft:fall_one_cm":244748},"minecraft:crafted":{"minecraft:oak_planks":468,"minecraft:cobblestone_slab":18,"minecraft:birch_boat":1,"minecraft:cooked_chicken":9,"minecraft:cobblestone_stairs":8,"minecraft:lever":2,"minecraft:cooked_mutton":44,"minecraft:glass":216,"minecraft:hopper":10,"minecraft:bow":3,"minecraft:iron_boots":2,"minecraft:chest":26,"minecraft:oak_button":1,"minecraft:birch_button":2,"minecraft:stone_hoe":4,"minecraft:oak_fence":3,"minecraft:oak_slab":18,"minecraft:cauldron":1,"minecraft:cooked_porkchop":37,"minecraft:crafting_table":8,"minecraft:spruce_planks":48,"minecraft:wooden_pickaxe":1,"minecraft:iron_helmet":2,"minecraft:birch_planks":432,"minecraft:dispenser":3,"minecraft:wooden_hoe":1,"minecraft:iron_chestplate":2,"minecraft:book":1,"minecraft:paper":3,"minecraft:diamond_pickaxe":1,"minecraft:shield":1,"minecraft:stick":364,"minecraft:iron_ingot":510,"minecraft:iron_pickaxe":5,"minecraft:stone_sword":4,"minecraft:gold_ingot":102,"minecraft:redstone_torch":1,"minecraft:composter":2,"minecraft:birch_stairs":4,"minecraft:shears":1,"minecraft:coal":99,"minecraft:redstone":81,"minecraft:stone_shovel":5,"minecraft:furnace":26,"minecraft:piston":4,"minecraft:bone_meal":144,"minecraft:oak_trapdoor":4,"minecraft:flint_and_steel":1,"minecraft:iron_axe":1,"minecraft:ladder":6,"minecraft:stone_pickaxe":4,"minecraft:redstone_block":73,"minecraft:minecart":1,"minecraft:observer":4,"minecraft:wheat":9,"minecraft:cooked_beef":41,"minecraft:coal_block":15,"minecraft:enchanting_table":1,"minecraft:iron_sword":3,"minecraft:bucket":5,"minecraft:stone_axe":2,"minecraft:air":0,"minecraft:oak_boat":2,"minecraft:white_wool":16,"minecraft:birch_trapdoor":2,"minecraft:iron_shovel":2,"minecraft:iron_leggings":2,"minecraft:white_bed":5,"minecraft:note_block":1,"minecraft:torch":1116,"minecraft:lapis_lazuli":45,"minecraft:lapis_block":60},"minecraft:mined":{"minecraft:white_bed":18,"minecraft:jungle_leaves":47,"minecraft:obsidian":9,"minecraft:granite":2,"minecraft:grass_block":389,"minecraft:hopper":1,"minecraft:composter":3,"minecraft:oxeye_daisy":2,"minecraft:tall_seagrass":2,"minecraft:iron_ore":153,"minecraft:cobbled_deepslate":1,"minecraft:fletching_table":1,"minecraft:deepslate_lapis_ore":53,"minecraft:azure_bluet":2,"minecraft:pointed_dripstone":17,"minecraft:flowering_azalea_leaves":1,"minecraft:dirt_path":15,"minecraft:deepslate_redstone_ore":71,"minecraft:kelp_plant":26,"minecraft:torch":13,"minecraft:poppy":2,"minecraft:chest":8,"minecraft:nether_quartz_ore":15,"minecraft:cobblestone":98,"minecraft:sugar_cane":86,"minecraft:grindstone":1,"minecraft:oak_planks":3,"minecraft:wall_torch":9,"minecraft:white_terracotta":3,"minecraft:birch_log":125,"minecraft:wheat":34,"minecraft:lava_cauldron":1,"minecraft:grass":515,"minecraft:oak_log":112,"minecraft:sand":226,"minecraft:dirt":79,"minecraft:stonecutter":1,"minecraft:netherrack":2,"minecraft:oak_leaves":115,"minecraft:deepslate":81,"minecraft:tuff":2,"minecraft:mossy_cobblestone":1,"minecraft:deepslate_diamond_ore":7,"minecraft:spruce_leaves":92,"minecraft:kelp":1,"minecraft:large_fern":1,"minecraft:hay_block":1,"minecraft:redstone_ore":6,"minecraft:oak_trapdoor":1,"minecraft:furnace":14,"minecraft:andesite":1,"minecraft:bell":1,"minecraft:potatoes":105,"minecraft:deepslate_iron_ore":137,"minecraft:vine":1,"minecraft:rail":1,"minecraft:stone":630,"minecraft:white_wool":2,"minecraft:dandelion":11,"minecraft:oak_fence":10,"minecraft:crafting_table":9,"minecraft:cornflower":3,"minecraft:tall_grass":55,"minecraft:deepslate_coal_ore":21,"minecraft:lapis_ore":12,"minecraft:deepslate_gold_ore":51,"minecraft:birch_planks":25,"minecraft:spruce_log":12,"minecraft:birch_leaves":48,"minecraft:yellow_bed":1,"minecraft:coal_ore":372,"minecraft:gravel":66,"minecraft:dripstone_block":3,"minecraft:cobweb":136,"minecraft:gold_ore":2,"minecraft:fern":1},"minecraft:killed":{"minecraft:cave_spider":11,"minecraft:skeleton":42,"minecraft:chicken":4,"minecraft:pig":18,"minecraft:iron_golem":1,"minecraft:creeper":4,"minecraft:sheep":21,"minecraft:zombie":24,"minecraft:cow":10,"minecraft:enderman":1},"minecraft:used":{"minecraft:iron_shovel":253,"minecraft:dispenser":1,"minecraft:poppy":2,"minecraft:chest":24,"minecraft:shield":127,"minecraft:white_terracotta":1,"minecraft:iron_sword":219,"minecraft:bell":1,"minecraft:tuff":1,"minecraft:music_disc_13":1,"minecraft:milk_bucket":5,"minecraft:obsidian":10,"minecraft:jungle_sapling":1,"minecraft:glass":70,"minecraft:lava_bucket":3,"minecraft:birch_sapling":4,"minecraft:furnace":40,"minecraft:oak_sapling":11,"minecraft:egg":3,"minecraft:potato":227,"minecraft:diorite":1,"minecraft:stone_pickaxe":472,"minecraft:oak_planks":102,"minecraft:wooden_pickaxe":8,"minecraft:composter":5,"minecraft:sugar_cane":161,"minecraft:cookie":4,"minecraft:white_wool":29,"minecraft:sand":30,"minecraft:dripstone_block":5,"minecraft:redstone_torch":1,"minecraft:gravel":56,"minecraft:andesite":1,"minecraft:birch_log":3,"minecraft:oak_boat":7,"minecraft:bone_meal":108,"minecraft:oak_fence":13,"minecraft:oak_trapdoor":4,"minecraft:enchanting_table":1,"minecraft:stone_sword":271,"minecraft:flint_and_steel":1,"minecraft:stone_shovel":418,"minecraft:redstone":4,"minecraft:stone_hoe":145,"minecraft:netherrack":2,"minecraft:torch":876,"minecraft:dirt":93,"minecraft:hopper":7,"minecraft:granite":2,"minecraft:iron_axe":167,"minecraft:cooked_beef":35,"minecraft:cobbled_deepslate":43,"minecraft:observer":4,"minecraft:pointed_dripstone":18,"minecraft:wheat_seeds":85,"minecraft:cooked_mutton":43,"minecraft:water_bucket":44,"minecraft:cobblestone_stairs":5,"minecraft:birch_planks":119,"minecraft:birch_boat":1,"minecraft:cauldron":2,"minecraft:mossy_cobblestone":1,"minecraft:rail":5,"minecraft:music_disc_cat":5,"minecraft:crafting_table":17,"minecraft:white_bed":22,"minecraft:piston":4,"minecraft:wooden_hoe":43,"minecraft:diamond_pickaxe":53,"minecraft:activator_rail":2,"minecraft:oak_button":2,"minecraft:iron_pickaxe":1241,"minecraft:stone_axe":225,"minecraft:cobblestone":455,"minecraft:cooked_porkchop":1,"minecraft:bucket":50,"minecraft:yellow_bed":1,"minecraft:pumpkin_pie":1,"minecraft:kelp":5},"minecraft:dropped":{"minecraft:iron_sword":1,"minecraft:birch_planks":6,"minecraft:lapis_lazuli":36,"minecraft:oak_log":32,"minecraft:diamond":1,"minecraft:dirt":17,"minecraft:large_fern":2,"minecraft:cornflower":2,"minecraft:gravel":28,"minecraft:sugar_cane":13,"minecraft:detector_rail":1,"minecraft:cobbled_deepslate":21,"minecraft:wheat":1,"minecraft:pointed_dripstone":1,"minecraft:rotten_flesh":3,"minecraft:white_bed":1,"minecraft:arrow":9,"minecraft:stone_hoe":2,"minecraft:wheat_seeds":2,"minecraft:dripstone_block":2,"minecraft:oak_fence":1,"minecraft:iron_helmet":1,"minecraft:cobblestone":148,"minecraft:stick":20,"minecraft:torch":261,"minecraft:iron_leggings":1,"minecraft:dandelion":4,"minecraft:kelp":64,"minecraft:stone_sword":1,"minecraft:tuff":1,"minecraft:stone_shovel":1,"minecraft:iron_boots":1,"minecraft:pumpkin_seeds":2,"minecraft:potato":44,"minecraft:iron_chestplate":1,"minecraft:stone_pickaxe":1,"minecraft:wooden_pickaxe":1},"minecraft:picked_up":{"minecraft:wheat":34,"minecraft:string":190,"minecraft:music_disc_cat":5,"minecraft:activator_rail":2,"minecraft:cobbled_deepslate":84,"minecraft:redstone_torch":1,"minecraft:furnace":14,"minecraft:stick":18,"minecraft:composter":5,"minecraft:oak_fence":17,"minecraft:torch":103,"minecraft:porkchop":37,"minecraft:pointed_dripstone":38,"minecraft:diorite":1,"minecraft:cauldron":1,"minecraft:rotten_flesh":18,"minecraft:white_terracotta":3,"minecraft:obsidian":9,"minecraft:cobblestone":773,"minecraft:birch_log":124,"minecraft:feather":4,"minecraft:water_bucket":2,"minecraft:andesite":1,"minecraft:brown_wool":1,"minecraft:potato":491,"minecraft:flint":2,"minecraft:tuff":2,"minecraft:lapis_lazuli":409,"minecraft:dirt":525,"minecraft:glass":2,"minecraft:bone":78,"minecraft:stonecutter":1,"minecraft:wheat_seeds":176,"minecraft:raw_gold":53,"minecraft:bell":1,"minecraft:grindstone":1,"minecraft:fletching_table":1,"minecraft:oak_planks":3,"minecraft:cooked_porkchop":1,"minecraft:music_disc_13":1,"minecraft:poisonous_potato":2,"minecraft:sand":233,"minecraft:mossy_cobblestone":1,"minecraft:dispenser":1,"minecraft:diamond":7,"minecraft:granite":2,"minecraft:oak_sapling":11,"minecraft:netherrack":2,"minecraft:crafting_table":9,"minecraft:chicken":4,"minecraft:cornflower":3,"minecraft:oak_trapdoor":4,"minecraft:large_fern":1,"minecraft:beef":18,"minecraft:oak_boat":8,"minecraft:jungle_sapling":1,"minecraft:poppy":4,"minecraft:light_gray_wool":2,"minecraft:minecart":1,"minecraft:sugar_cane":164,"minecraft:chest":10,"minecraft:birch_sapling":4,"minecraft:egg":3,"minecraft:raw_iron":290,"minecraft:cookie":4,"minecraft:redstone":370,"minecraft:arrow":35,"minecraft:pumpkin_pie":1,"minecraft:mutton":30,"minecraft:rail":5,"minecraft:white_wool":32,"minecraft:oxeye_daisy":2,"minecraft:leather":14,"minecraft:birch_planks":15,"minecraft:oak_log":149,"minecraft:yellow_bed":1,"minecraft:gunpowder":3,"minecraft:apple":3,"minecraft:kelp":232,"minecraft:iron_ingot":4,"minecraft:quartz":15,"minecraft:dandelion":8,"minecraft:dripstone_block":7,"minecraft:gravel":84,"minecraft:spruce_sapling":5,"minecraft:white_bed":18,"minecraft:spruce_log":12,"minecraft:spider_eye":4,"minecraft:pumpkin_seeds":1,"minecraft:oak_button":2,"minecraft:coal":478,"minecraft:hopper":1}},"DataVersion":3465}