{"stats":{"minecraft:custom":{"minecraft:mob_kills":132,"minecraft:animals_bred":2,"minecraft:interact_with_crafting_table":101,"minecraft:bell_ring":4,"minecraft:leave_game":8,"minecraft:time_since_death":510816,"minecraft:climb_one_cm":730,"minecraft:sprint_one_cm":965850,"minecraft:walk_one_cm":1865856,"minecraft:damage_blocked_by_shield":2595,"minecraft:drop":103,"minecraft:play_time":510816,"minecraft:sneak_time":76557,"minecraft:walk_under_water_one_cm":50879,"minecraft:boat_one_cm":105136,"minecraft:jump":7756,"minecraft:walk_on_water_one_cm":42940,"minecraft:total_world_time":510816,"minecraft:interact_with_furnace":412,"minecraft:play_record":3,"minecraft:sleep_in_bed":26,"minecraft:time_since_rest":8472,"minecraft:damage_taken":3733,"minecraft:damage_dealt":20807,"minecraft:swim_one_cm":35633,"minecraft:fly_one_cm":1080836,"minecraft:open_chest":371,"minecraft:crouch_one_cm":300076,"minecraft:fall_one_cm":184995,"minecraft:use_cauldron":1,"minecraft:horse_one_cm":473418},"minecraft:used":{"minecraft:oak_fence":10,"minecraft:stone_sword":271,"minecraft:stone_shovel":418,"minecraft:poppy":2,"minecraft:chest":18,"minecraft:shield":102,"minecraft:iron_sword":200,"minecraft:bell":1,"minecraft:stone_hoe":29,"minecraft:torch":802,"minecraft:dirt":55,"minecraft:tuff":1,"minecraft:music_disc_13":1,"minecraft:granite":2,"minecraft:jungle_sapling":1,"minecraft:lava_bucket":3,"minecraft:iron_axe":108,"minecraft:birch_sapling":4,"minecraft:oak_sapling":11,"minecraft:furnace":40,"minecraft:egg":3,"minecraft:cooked_beef":33,"minecraft:cobbled_deepslate":43,"minecraft:pointed_dripstone":18,"minecraft:wheat_seeds":64,"minecraft:cooked_mutton":33,"minecraft:water_bucket":25,"minecraft:diorite":1,"minecraft:oak_planks":100,"minecraft:birch_planks":119,"minecraft:stone_pickaxe":472,"minecraft:cauldron":1,"minecraft:sugar_cane":67,"minecraft:wooden_pickaxe":8,"minecraft:birch_boat":1,"minecraft:white_wool":29,"minecraft:mossy_cobblestone":1,"minecraft:rail":3,"minecraft:music_disc_cat":2,"minecraft:crafting_table":17,"minecraft:white_bed":19,"minecraft:dripstone_block":5,"minecraft:wooden_hoe":43,"minecraft:diamond_pickaxe":32,"minecraft:iron_pickaxe":1017,"minecraft:gravel":18,"minecraft:stone_axe":225,"minecraft:cobblestone":337,"minecraft:andesite":1,"minecraft:bucket":30,"minecraft:birch_log":3,"minecraft:yellow_bed":1,"minecraft:bone_meal":6},"minecraft:mined":{"minecraft:tuff":2,"minecraft:white_bed":18,"minecraft:mossy_cobblestone":1,"minecraft:deepslate_diamond_ore":7,"minecraft:jungle_leaves":47,"minecraft:obsidian":5,"minecraft:granite":2,"minecraft:grass_block":361,"minecraft:spruce_leaves":92,"minecraft:oxeye_daisy":2,"minecraft:large_fern":1,"minecraft:hay_block":1,"minecraft:tall_seagrass":2,"minecraft:redstone_ore":6,"minecraft:furnace":14,"minecraft:iron_ore":153,"minecraft:cobbled_deepslate":1,"minecraft:andesite":1,"minecraft:deepslate_lapis_ore":53,"minecraft:azure_bluet":2,"minecraft:bell":1,"minecraft:pointed_dripstone":17,"minecraft:flowering_azalea_leaves":1,"minecraft:dirt_path":14,"minecraft:deepslate_iron_ore":137,"minecraft:vine":1,"minecraft:rail":1,"minecraft:stone":430,"minecraft:white_wool":2,"minecraft:deepslate_redstone_ore":71,"minecraft:kelp_plant":26,"minecraft:dandelion":11,"minecraft:oak_fence":8,"minecraft:cornflower":3,"minecraft:crafting_table":9,"minecraft:torch":12,"minecraft:poppy":2,"minecraft:chest":7,"minecraft:tall_grass":49,"minecraft:cobblestone":81,"minecraft:deepslate_coal_ore":21,"minecraft:deepslate_gold_ore":51,"minecraft:lapis_ore":12,"minecraft:grindstone":1,"minecraft:sugar_cane":28,"minecraft:wall_torch":9,"minecraft:birch_planks":25,"minecraft:birch_log":125,"minecraft:wheat":13,"minecraft:spruce_log":12,"minecraft:birch_leaves":48,"minecraft:yellow_bed":1,"minecraft:grass":477,"minecraft:oak_log":72,"minecraft:coal_ore":372,"minecraft:gravel":28,"minecraft:dirt":54,"minecraft:dripstone_block":3,"minecraft:sand":7,"minecraft:cobweb":136,"minecraft:gold_ore":2,"minecraft:oak_leaves":114,"minecraft:deepslate":81,"minecraft:fern":1},"minecraft:dropped":{"minecraft:stone_hoe":1,"minecraft:iron_sword":1,"minecraft:birch_planks":6,"minecraft:wheat_seeds":2,"minecraft:oak_log":32,"minecraft:diamond":1,"minecraft:dripstone_block":2,"minecraft:oak_fence":1,"minecraft:iron_helmet":1,"minecraft:cobblestone":118,"minecraft:stick":20,"minecraft:dirt":17,"minecraft:torch":170,"minecraft:large_fern":2,"minecraft:cornflower":2,"minecraft:iron_leggings":1,"minecraft:dandelion":4,"minecraft:gravel":28,"minecraft:detector_rail":1,"minecraft:stone_sword":1,"minecraft:cobbled_deepslate":21,"minecraft:tuff":1,"minecraft:wheat":1,"minecraft:stone_shovel":1,"minecraft:pointed_dripstone":1,"minecraft:rotten_flesh":3,"minecraft:iron_boots":1,"minecraft:white_bed":1,"minecraft:pumpkin_seeds":2,"minecraft:iron_chestplate":1,"minecraft:arrow":9,"minecraft:stone_pickaxe":1,"minecraft:wooden_pickaxe":1},"minecraft:killed":{"minecraft:cave_spider":11,"minecraft:skeleton":40,"minecraft:chicken":4,"minecraft:pig":18,"minecraft:iron_golem":1,"minecraft:creeper":4,"minecraft:sheep":20,"minecraft:zombie":21,"minecraft:enderman":1,"minecraft:cow":10},"minecraft:picked_up":{"minecraft:crafting_table":9,"minecraft:wheat":13,"minecraft:chicken":4,"minecraft:music_disc_cat":2,"minecraft:cornflower":3,"minecraft:string":190,"minecraft:large_fern":1,"minecraft:cobbled_deepslate":84,"minecraft:beef":18,"minecraft:jungle_sapling":1,"minecraft:poppy":4,"minecraft:light_gray_wool":2,"minecraft:sugar_cane":54,"minecraft:chest":9,"minecraft:birch_sapling":4,"minecraft:furnace":14,"minecraft:egg":3,"minecraft:stick":18,"minecraft:raw_iron":290,"minecraft:oak_fence":11,"minecraft:torch":93,"minecraft:porkchop":37,"minecraft:pointed_dripstone":38,"minecraft:diorite":1,"minecraft:redstone":370,"minecraft:arrow":34,"minecraft:rotten_flesh":13,"minecraft:obsidian":5,"minecraft:mutton":29,"minecraft:rail":3,"minecraft:white_wool":26,"minecraft:cobblestone":559,"minecraft:oxeye_daisy":2,"minecraft:birch_log":124,"minecraft:feather":4,"minecraft:andesite":1,"minecraft:brown_wool":1,"minecraft:leather":14,"minecraft:birch_planks":15,"minecraft:tuff":2,"minecraft:oak_log":72,"minecraft:yellow_bed":1,"minecraft:gunpowder":3,"minecraft:lapis_lazuli":409,"minecraft:dirt":470,"minecraft:bone":34,"minecraft:apple":3,"minecraft:kelp":22,"minecraft:wheat_seeds":110,"minecraft:raw_gold":53,"minecraft:bell":1,"minecraft:iron_ingot":4,"minecraft:grindstone":1,"minecraft:music_disc_13":1,"minecraft:dandelion":8,"minecraft:dripstone_block":7,"minecraft:gravel":46,"minecraft:sand":7,"minecraft:spruce_sapling":5,"minecraft:white_bed":18,"minecraft:spruce_log":12,"minecraft:spider_eye":4,"minecraft:mossy_cobblestone":1,"minecraft:pumpkin_seeds":1,"minecraft:diamond":7,"minecraft:granite":2,"minecraft:oak_sapling":11,"minecraft:coal":478},"minecraft:crafted":{"minecraft:oak_planks":160,"minecraft:stone_shovel":5,"minecraft:redstone":9,"minecraft:cobblestone_slab":18,"minecraft:coal":99,"minecraft:birch_boat":1,"minecraft:cooked_chicken":9,"minecraft:furnace":26,"minecraft:bone_meal":18,"minecraft:lever":2,"minecraft:cooked_mutton":44,"minecraft:glass":7,"minecraft:hopper":3,"minecraft:bow":3,"minecraft:iron_boots":2,"minecraft:iron_axe":1,"minecraft:ladder":6,"minecraft:stone_pickaxe":4,"minecraft:chest":13,"minecraft:redstone_block":73,"minecraft:birch_button":2,"minecraft:stone_hoe":1,"minecraft:wheat":9,"minecraft:cooked_beef":41,"minecraft:coal_block":15,"minecraft:cauldron":1,"minecraft:cooked_porkchop":37,"minecraft:crafting_table":8,"minecraft:spruce_planks":48,"minecraft:wooden_pickaxe":1,"minecraft:iron_helmet":2,"minecraft:iron_sword":2,"minecraft:bucket":3,"minecraft:birch_planks":340,"minecraft:stone_axe":2,"minecraft:air":0,"minecraft:dispenser":3,"minecraft:wooden_hoe":1,"minecraft:white_wool":16,"minecraft:iron_chestplate":2,"minecraft:diamond_pickaxe":1,"minecraft:shield":1,"minecraft:stick":300,"minecraft:iron_ingot":500,"minecraft:iron_pickaxe":5,"minecraft:birch_trapdoor":2,"minecraft:stone_sword":4,"minecraft:gold_ingot":102,"minecraft:iron_leggings":2,"minecraft:white_bed":2,"minecraft:note_block":1,"minecraft:torch":904,"minecraft:birch_stairs":4,"minecraft:lapis_block":60},"minecraft:broken":{"minecraft:stone_sword":3,"minecraft:leather_leggings":1,"minecraft:stone_pickaxe":3,"minecraft:stone_axe":2,"minecraft:iron_pickaxe":4,"minecraft:stone_shovel":3}},"DataVersion":3465}