{"stats":{"minecraft:custom":{"minecraft:mob_kills":124,"minecraft:animals_bred":2,"minecraft:interact_with_crafting_table":91,"minecraft:bell_ring":4,"minecraft:leave_game":8,"minecraft:time_since_death":444816,"minecraft:climb_one_cm":730,"minecraft:sprint_one_cm":812096,"minecraft:walk_one_cm":1769454,"minecraft:damage_blocked_by_shield":2595,"minecraft:drop":97,"minecraft:play_time":444816,"minecraft:sneak_time":63359,"minecraft:walk_under_water_one_cm":44575,"minecraft:boat_one_cm":105136,"minecraft:jump":6329,"minecraft:walk_on_water_one_cm":32530,"minecraft:total_world_time":444816,"minecraft:interact_with_furnace":261,"minecraft:sleep_in_bed":24,"minecraft:time_since_rest":40970,"minecraft:damage_taken":3517,"minecraft:damage_dealt":19270,"minecraft:swim_one_cm":21417,"minecraft:fly_one_cm":790518,"minecraft:open_chest":317,"minecraft:crouch_one_cm":236866,"minecraft:fall_one_cm":142341,"minecraft:use_cauldron":1,"minecraft:horse_one_cm":4261},"minecraft:used":{"minecraft:oak_fence":10,"minecraft:stone_sword":271,"minecraft:stone_shovel":18,"minecraft:poppy":2,"minecraft:chest":18,"minecraft:shield":102,"minecraft:iron_sword":165,"minecraft:bell":1,"minecraft:stone_hoe":29,"minecraft:torch":732,"minecraft:dirt":53,"minecraft:tuff":1,"minecraft:granite":2,"minecraft:jungle_sapling":1,"minecraft:lava_bucket":3,"minecraft:iron_axe":108,"minecraft:birch_sapling":4,"minecraft:oak_sapling":11,"minecraft:furnace":30,"minecraft:egg":3,"minecraft:cooked_beef":25,"minecraft:cobbled_deepslate":34,"minecraft:pointed_dripstone":18,"minecraft:wheat_seeds":58,"minecraft:cooked_mutton":33,"minecraft:water_bucket":23,"minecraft:diorite":1,"minecraft:birch_planks":119,"minecraft:stone_pickaxe":472,"minecraft:cauldron":1,"minecraft:sugar_cane":67,"minecraft:wooden_pickaxe":8,"minecraft:birch_boat":1,"minecraft:white_wool":29,"minecraft:mossy_cobblestone":1,"minecraft:rail":3,"minecraft:crafting_table":16,"minecraft:white_bed":19,"minecraft:dripstone_block":5,"minecraft:wooden_hoe":43,"minecraft:iron_pickaxe":986,"minecraft:gravel":18,"minecraft:stone_axe":225,"minecraft:cobblestone":292,"minecraft:andesite":1,"minecraft:bucket":28,"minecraft:birch_log":3,"minecraft:yellow_bed":1,"minecraft:bone_meal":6},"minecraft:mined":{"minecraft:tuff":2,"minecraft:white_bed":18,"minecraft:mossy_cobblestone":1,"minecraft:jungle_leaves":47,"minecraft:granite":2,"minecraft:grass_block":19,"minecraft:spruce_leaves":92,"minecraft:large_fern":1,"minecraft:hay_block":1,"minecraft:redstone_ore":6,"minecraft:furnace":9,"minecraft:iron_ore":145,"minecraft:cobbled_deepslate":1,"minecraft:andesite":1,"minecraft:deepslate_lapis_ore":45,"minecraft:bell":1,"minecraft:pointed_dripstone":17,"minecraft:flowering_azalea_leaves":1,"minecraft:dirt_path":3,"minecraft:deepslate_iron_ore":131,"minecraft:vine":1,"minecraft:rail":1,"minecraft:stone":421,"minecraft:white_wool":2,"minecraft:deepslate_redstone_ore":71,"minecraft:dandelion":4,"minecraft:oak_fence":8,"minecraft:cornflower":2,"minecraft:crafting_table":9,"minecraft:torch":12,"minecraft:chest":7,"minecraft:tall_grass":26,"minecraft:cobblestone":77,"minecraft:deepslate_coal_ore":21,"minecraft:deepslate_gold_ore":49,"minecraft:lapis_ore":12,"minecraft:grindstone":1,"minecraft:sugar_cane":28,"minecraft:wall_torch":9,"minecraft:birch_planks":25,"minecraft:birch_log":125,"minecraft:wheat":10,"minecraft:spruce_log":12,"minecraft:birch_leaves":48,"minecraft:yellow_bed":1,"minecraft:grass":191,"minecraft:oak_log":72,"minecraft:coal_ore":372,"minecraft:gravel":28,"minecraft:dirt":14,"minecraft:dripstone_block":3,"minecraft:sand":7,"minecraft:cobweb":136,"minecraft:gold_ore":2,"minecraft:oak_leaves":114,"minecraft:deepslate":72,"minecraft:fern":1},"minecraft:dropped":{"minecraft:stone_hoe":1,"minecraft:iron_sword":1,"minecraft:birch_planks":6,"minecraft:wheat_seeds":2,"minecraft:oak_log":32,"minecraft:dripstone_block":2,"minecraft:oak_fence":1,"minecraft:iron_helmet":1,"minecraft:cobblestone":118,"minecraft:stick":20,"minecraft:dirt":17,"minecraft:torch":170,"minecraft:large_fern":2,"minecraft:cornflower":2,"minecraft:iron_leggings":1,"minecraft:dandelion":4,"minecraft:gravel":28,"minecraft:detector_rail":1,"minecraft:stone_sword":1,"minecraft:cobbled_deepslate":21,"minecraft:tuff":1,"minecraft:wheat":1,"minecraft:stone_shovel":1,"minecraft:pointed_dripstone":1,"minecraft:rotten_flesh":2,"minecraft:iron_boots":1,"minecraft:white_bed":1,"minecraft:pumpkin_seeds":2,"minecraft:iron_chestplate":1,"minecraft:arrow":5,"minecraft:stone_pickaxe":1,"minecraft:wooden_pickaxe":1},"minecraft:killed":{"minecraft:cave_spider":11,"minecraft:skeleton":35,"minecraft:chicken":4,"minecraft:pig":18,"minecraft:iron_golem":1,"minecraft:creeper":3,"minecraft:sheep":20,"minecraft:zombie":19,"minecraft:enderman":1,"minecraft:cow":10},"minecraft:picked_up":{"minecraft:crafting_table":9,"minecraft:wheat":10,"minecraft:chicken":4,"minecraft:cornflower":2,"minecraft:string":190,"minecraft:large_fern":1,"minecraft:cobbled_deepslate":75,"minecraft:beef":18,"minecraft:jungle_sapling":1,"minecraft:poppy":2,"minecraft:light_gray_wool":2,"minecraft:sugar_cane":54,"minecraft:chest":9,"minecraft:birch_sapling":4,"minecraft:furnace":9,"minecraft:egg":3,"minecraft:stick":18,"minecraft:raw_iron":276,"minecraft:oak_fence":11,"minecraft:torch":93,"minecraft:porkchop":37,"minecraft:pointed_dripstone":38,"minecraft:diorite":1,"minecraft:redstone":370,"minecraft:arrow":30,"minecraft:rotten_flesh":12,"minecraft:mutton":29,"minecraft:rail":3,"minecraft:white_wool":26,"minecraft:cobblestone":546,"minecraft:birch_log":124,"minecraft:feather":4,"minecraft:andesite":1,"minecraft:brown_wool":1,"minecraft:leather":14,"minecraft:birch_planks":15,"minecraft:tuff":2,"minecraft:oak_log":72,"minecraft:yellow_bed":1,"minecraft:gunpowder":3,"minecraft:lapis_lazuli":356,"minecraft:dirt":76,"minecraft:bone":30,"minecraft:apple":3,"minecraft:wheat_seeds":60,"minecraft:raw_gold":51,"minecraft:bell":1,"minecraft:iron_ingot":4,"minecraft:grindstone":1,"minecraft:dandelion":4,"minecraft:dripstone_block":7,"minecraft:gravel":46,"minecraft:sand":7,"minecraft:spruce_sapling":5,"minecraft:white_bed":18,"minecraft:spruce_log":12,"minecraft:spider_eye":4,"minecraft:mossy_cobblestone":1,"minecraft:pumpkin_seeds":1,"minecraft:granite":2,"minecraft:oak_sapling":11,"minecraft:coal":401},"minecraft:crafted":{"minecraft:oak_planks":44,"minecraft:stone_shovel":2,"minecraft:redstone":9,"minecraft:cobblestone_slab":18,"minecraft:coal":27,"minecraft:birch_boat":1,"minecraft:cooked_chicken":9,"minecraft:furnace":21,"minecraft:bone_meal":18,"minecraft:lever":2,"minecraft:cooked_mutton":44,"minecraft:glass":7,"minecraft:hopper":3,"minecraft:bow":3,"minecraft:iron_boots":2,"minecraft:iron_axe":1,"minecraft:ladder":6,"minecraft:stone_pickaxe":4,"minecraft:chest":13,"minecraft:redstone_block":57,"minecraft:birch_button":2,"minecraft:stone_hoe":1,"minecraft:wheat":9,"minecraft:cooked_beef":41,"minecraft:coal_block":7,"minecraft:cauldron":1,"minecraft:cooked_porkchop":37,"minecraft:crafting_table":7,"minecraft:spruce_planks":48,"minecraft:wooden_pickaxe":1,"minecraft:iron_helmet":2,"minecraft:iron_sword":2,"minecraft:bucket":3,"minecraft:birch_planks":340,"minecraft:stone_axe":2,"minecraft:air":0,"minecraft:dispenser":3,"minecraft:wooden_hoe":1,"minecraft:white_wool":16,"minecraft:iron_chestplate":2,"minecraft:diamond_pickaxe":1,"minecraft:shield":1,"minecraft:stick":276,"minecraft:iron_ingot":227,"minecraft:iron_pickaxe":4,"minecraft:birch_trapdoor":2,"minecraft:stone_sword":4,"minecraft:gold_ingot":53,"minecraft:iron_leggings":2,"minecraft:white_bed":2,"minecraft:note_block":1,"minecraft:torch":848,"minecraft:birch_stairs":4,"minecraft:lapis_block":34},"minecraft:broken":{"minecraft:stone_sword":3,"minecraft:leather_leggings":1,"minecraft:stone_pickaxe":3,"minecraft:stone_axe":2,"minecraft:iron_pickaxe":3}},"DataVersion":3465}