{"stats":{"minecraft:picked_up":{"minecraft:crafting_table":9,"minecraft:wheat":1,"minecraft:chicken":2,"minecraft:string":132,"minecraft:large_fern":1,"minecraft:cobbled_deepslate":38,"minecraft:beef":9,"minecraft:light_gray_wool":1,"minecraft:sugar_cane":32,"minecraft:chest":7,"minecraft:birch_sapling":4,"minecraft:egg":3,"minecraft:furnace":7,"minecraft:stick":12,"minecraft:raw_iron":109,"minecraft:oak_fence":10,"minecraft:torch":5,"minecraft:porkchop":17,"minecraft:diorite":1,"minecraft:redstone":106,"minecraft:rotten_flesh":6,"minecraft:arrow":7,"minecraft:mutton":22,"minecraft:rail":2,"minecraft:white_wool":19,"minecraft:cobblestone":283,"minecraft:birch_log":124,"minecraft:feather":2,"minecraft:andesite":1,"minecraft:leather":7,"minecraft:brown_wool":1,"minecraft:birch_planks":15,"minecraft:tuff":1,"minecraft:gunpowder":3,"minecraft:lapis_lazuli":163,"minecraft:dirt":55,"minecraft:bone":6,"minecraft:wheat_seeds":20,"minecraft:raw_gold":27,"minecraft:bell":1,"minecraft:spruce_sapling":5,"minecraft:white_bed":15,"minecraft:spruce_log":12,"minecraft:spider_eye":1,"minecraft:pumpkin_seeds":1,"minecraft:granite":1,"minecraft:coal":189},"minecraft:used":{"minecraft:oak_fence":10,"minecraft:stone_sword":271,"minecraft:stone_shovel":10,"minecraft:chest":10,"minecraft:shield":37,"minecraft:bell":1,"minecraft:stone_hoe":29,"minecraft:torch":228,"minecraft:dirt":25,"minecraft:granite":1,"minecraft:birch_sapling":4,"minecraft:furnace":19,"minecraft:egg":3,"minecraft:cobbled_deepslate":18,"minecraft:wheat_seeds":20,"minecraft:cooked_mutton":19,"minecraft:diorite":1,"minecraft:birch_planks":118,"minecraft:stone_pickaxe":472,"minecraft:birch_boat":1,"minecraft:wooden_pickaxe":8,"minecraft:sugar_cane":45,"minecraft:white_wool":11,"minecraft:rail":2,"minecraft:crafting_table":11,"minecraft:white_bed":16,"minecraft:iron_pickaxe":189,"minecraft:stone_axe":203,"minecraft:cobblestone":90,"minecraft:birch_log":3,"minecraft:andesite":1,"minecraft:bone_meal":3},"minecraft:crafted":{"minecraft:coal":27,"minecraft:stone_shovel":1,"minecraft:birch_boat":1,"minecraft:cooked_chicken":5,"minecraft:furnace":12,"minecraft:bone_meal":18,"minecraft:cooked_mutton":33,"minecraft:stone_pickaxe":4,"minecraft:chest":3,"minecraft:stone_hoe":1,"minecraft:cooked_beef":9,"minecraft:coal_block":7,"minecraft:cooked_porkchop":15,"minecraft:crafting_table":2,"minecraft:spruce_planks":48,"minecraft:wooden_pickaxe":1,"minecraft:birch_planks":176,"minecraft:stone_axe":2,"minecraft:air":0,"minecraft:shield":1,"minecraft:stick":116,"minecraft:iron_ingot":109,"minecraft:iron_pickaxe":1,"minecraft:stone_sword":4,"minecraft:gold_ingot":27,"minecraft:white_bed":2,"minecraft:torch":284},"minecraft:broken":{"minecraft:stone_sword":3,"minecraft:stone_pickaxe":3,"minecraft:stone_axe":1},"minecraft:custom":{"minecraft:mob_kills":55,"minecraft:interact_with_crafting_table":34,"minecraft:bell_ring":4,"minecraft:leave_game":2,"minecraft:time_since_death":206020,"minecraft:climb_one_cm":634,"minecraft:sprint_one_cm":323033,"minecraft:walk_one_cm":882092,"minecraft:damage_blocked_by_shield":805,"minecraft:drop":65,"minecraft:play_time":206020,"minecraft:sneak_time":31412,"minecraft:walk_under_water_one_cm":7409,"minecraft:boat_one_cm":61756,"minecraft:jump":2658,"minecraft:walk_on_water_one_cm":12792,"minecraft:total_world_time":206020,"minecraft:interact_with_furnace":170,"minecraft:sleep_in_bed":14,"minecraft:time_since_rest":0,"minecraft:damage_taken":808,"minecraft:damage_dealt":7279,"minecraft:swim_one_cm":13164,"minecraft:fly_one_cm":298695,"minecraft:open_chest":119,"minecraft:crouch_one_cm":115958,"minecraft:fall_one_cm":22638},"minecraft:killed":{"minecraft:cave_spider":7,"minecraft:skeleton":8,"minecraft:chicken":2,"minecraft:pig":8,"minecraft:creeper":3,"minecraft:sheep":14,"minecraft:zombie":7,"minecraft:cow":5},"minecraft:dropped":{"minecraft:birch_planks":6,"minecraft:cobblestone":69,"minecraft:stick":4,"minecraft:dirt":17,"minecraft:torch":42,"minecraft:large_fern":2,"minecraft:cobbled_deepslate":18,"minecraft:tuff":1,"minecraft:rotten_flesh":2,"minecraft:white_bed":1,"minecraft:pumpkin_seeds":2,"minecraft:stone_pickaxe":1,"minecraft:wooden_pickaxe":1},"minecraft:mined":{"minecraft:tuff":1,"minecraft:white_bed":15,"minecraft:granite":1,"minecraft:grass_block":14,"minecraft:spruce_leaves":92,"minecraft:large_fern":1,"minecraft:furnace":7,"minecraft:iron_ore":47,"minecraft:cobbled_deepslate":1,"minecraft:andesite":1,"minecraft:deepslate_lapis_ore":25,"minecraft:bell":1,"minecraft:deepslate_iron_ore":63,"minecraft:flowering_azalea_leaves":1,"minecraft:dirt_path":3,"minecraft:rail":1,"minecraft:stone":237,"minecraft:deepslate_redstone_ore":22,"minecraft:oak_fence":8,"minecraft:crafting_table":9,"minecraft:chest":5,"minecraft:cobblestone":11,"minecraft:deepslate_coal_ore":21,"minecraft:deepslate_gold_ore":27,"minecraft:sugar_cane":21,"minecraft:wall_torch":3,"minecraft:birch_planks":25,"minecraft:birch_log":125,"minecraft:wheat":1,"minecraft:spruce_log":12,"minecraft:birch_leaves":2,"minecraft:grass":111,"minecraft:coal_ore":168,"minecraft:dirt":8,"minecraft:cobweb":125,"minecraft:oak_leaves":1,"minecraft:deepslate":35}},"DataVersion":3465}