{"stats":{"minecraft:broken":{"minecraft:leather_leggings":1,"minecraft:stone_pickaxe":3,"minecraft:stone_axe":2,"minecraft:stone_shovel":3,"minecraft:stone_sword":3,"minecraft:iron_pickaxe":4},"minecraft:custom":{"minecraft:animals_bred":2,"minecraft:interact_with_crafting_table":130,"minecraft:bell_ring":4,"minecraft:leave_game":9,"minecraft:time_since_death":621030,"minecraft:sprint_one_cm":1144540,"minecraft:damage_blocked_by_shield":2995,"minecraft:drop":107,"minecraft:talked_to_villager":1,"minecraft:play_time":621030,"minecraft:jump":9325,"minecraft:walk_on_water_one_cm":48240,"minecraft:interact_with_furnace":444,"minecraft:play_record":6,"minecraft:sleep_in_bed":35,"minecraft:damage_dealt":21351,"minecraft:crouch_one_cm":340829,"minecraft:use_cauldron":2,"minecraft:inspect_dispenser":1,"minecraft:horse_one_cm":944045,"minecraft:mob_kills":134,"minecraft:climb_one_cm":730,"minecraft:walk_one_cm":2073636,"minecraft:sneak_time":86839,"minecraft:walk_under_water_one_cm":56187,"minecraft:boat_one_cm":220952,"minecraft:total_world_time":621030,"minecraft:time_since_rest":9440,"minecraft:damage_taken":3887,"minecraft:swim_one_cm":47113,"minecraft:fly_one_cm":1435796,"minecraft:open_chest":579,"minecraft:fall_one_cm":220132},"minecraft:crafted":{"minecraft:oak_planks":256,"minecraft:cobblestone_slab":18,"minecraft:birch_boat":1,"minecraft:cooked_chicken":9,"minecraft:lever":2,"minecraft:cooked_mutton":44,"minecraft:hopper":8,"minecraft:glass":67,"minecraft:bow":3,"minecraft:iron_boots":2,"minecraft:chest":22,"minecraft:oak_button":1,"minecraft:birch_button":2,"minecraft:stone_hoe":4,"minecraft:oak_slab":18,"minecraft:cauldron":1,"minecraft:cooked_porkchop":37,"minecraft:crafting_table":8,"minecraft:spruce_planks":48,"minecraft:wooden_pickaxe":1,"minecraft:iron_helmet":2,"minecraft:birch_planks":432,"minecraft:dispenser":3,"minecraft:wooden_hoe":1,"minecraft:iron_chestplate":2,"minecraft:diamond_pickaxe":1,"minecraft:shield":1,"minecraft:stick":300,"minecraft:iron_ingot":510,"minecraft:iron_pickaxe":5,"minecraft:stone_sword":4,"minecraft:gold_ingot":102,"minecraft:redstone_torch":1,"minecraft:composter":2,"minecraft:birch_stairs":4,"minecraft:shears":1,"minecraft:coal":99,"minecraft:redstone":81,"minecraft:stone_shovel":5,"minecraft:furnace":26,"minecraft:piston":4,"minecraft:bone_meal":144,"minecraft:oak_trapdoor":4,"minecraft:flint_and_steel":1,"minecraft:iron_axe":1,"minecraft:ladder":6,"minecraft:stone_pickaxe":4,"minecraft:redstone_block":73,"minecraft:minecart":1,"minecraft:observer":4,"minecraft:wheat":9,"minecraft:cooked_beef":41,"minecraft:coal_block":15,"minecraft:iron_sword":2,"minecraft:bucket":5,"minecraft:stone_axe":2,"minecraft:air":0,"minecraft:oak_boat":2,"minecraft:white_wool":16,"minecraft:birch_trapdoor":2,"minecraft:iron_shovel":1,"minecraft:iron_leggings":2,"minecraft:white_bed":5,"minecraft:note_block":1,"minecraft:torch":904,"minecraft:lapis_block":60},"minecraft:mined":{"minecraft:white_bed":18,"minecraft:jungle_leaves":47,"minecraft:obsidian":6,"minecraft:granite":2,"minecraft:grass_block":386,"minecraft:composter":3,"minecraft:hopper":1,"minecraft:oxeye_daisy":2,"minecraft:tall_seagrass":2,"minecraft:iron_ore":153,"minecraft:cobbled_deepslate":1,"minecraft:deepslate_lapis_ore":53,"minecraft:fletching_table":1,"minecraft:azure_bluet":2,"minecraft:pointed_dripstone":17,"minecraft:flowering_azalea_leaves":1,"minecraft:dirt_path":15,"minecraft:deepslate_redstone_ore":71,"minecraft:kelp_plant":26,"minecraft:torch":13,"minecraft:poppy":2,"minecraft:chest":8,"minecraft:nether_quartz_ore":15,"minecraft:cobblestone":97,"minecraft:grindstone":1,"minecraft:oak_planks":1,"minecraft:sugar_cane":36,"minecraft:wall_torch":9,"minecraft:white_terracotta":3,"minecraft:birch_log":125,"minecraft:wheat":33,"minecraft:lava_cauldron":1,"minecraft:grass":515,"minecraft:oak_log":96,"minecraft:sand":134,"minecraft:dirt":77,"minecraft:stonecutter":1,"minecraft:netherrack":2,"minecraft:oak_leaves":114,"minecraft:deepslate":81,"minecraft:tuff":2,"minecraft:mossy_cobblestone":1,"minecraft:deepslate_diamond_ore":7,"minecraft:spruce_leaves":92,"minecraft:kelp":1,"minecraft:large_fern":1,"minecraft:hay_block":1,"minecraft:redstone_ore":6,"minecraft:oak_trapdoor":1,"minecraft:furnace":14,"minecraft:andesite":1,"minecraft:bell":1,"minecraft:potatoes":25,"minecraft:deepslate_iron_ore":137,"minecraft:vine":1,"minecraft:rail":1,"minecraft:stone":628,"minecraft:white_wool":2,"minecraft:dandelion":11,"minecraft:oak_fence":9,"minecraft:crafting_table":9,"minecraft:cornflower":3,"minecraft:tall_grass":55,"minecraft:deepslate_coal_ore":21,"minecraft:lapis_ore":12,"minecraft:deepslate_gold_ore":51,"minecraft:birch_planks":25,"minecraft:spruce_log":12,"minecraft:birch_leaves":48,"minecraft:yellow_bed":1,"minecraft:coal_ore":372,"minecraft:gravel":66,"minecraft:dripstone_block":3,"minecraft:cobweb":136,"minecraft:gold_ore":2,"minecraft:fern":1},"minecraft:killed":{"minecraft:cave_spider":11,"minecraft:skeleton":42,"minecraft:chicken":4,"minecraft:pig":18,"minecraft:iron_golem":1,"minecraft:creeper":4,"minecraft:sheep":20,"minecraft:zombie":21,"minecraft:cow":10,"minecraft:enderman":1},"minecraft:used":{"minecraft:iron_shovel":158,"minecraft:dispenser":1,"minecraft:poppy":2,"minecraft:chest":23,"minecraft:shield":127,"minecraft:white_terracotta":1,"minecraft:iron_sword":207,"minecraft:bell":1,"minecraft:tuff":1,"minecraft:music_disc_13":1,"minecraft:obsidian":10,"minecraft:jungle_sapling":1,"minecraft:glass":34,"minecraft:lava_bucket":3,"minecraft:birch_sapling":4,"minecraft:furnace":40,"minecraft:oak_sapling":11,"minecraft:egg":3,"minecraft:potato":146,"minecraft:diorite":1,"minecraft:stone_pickaxe":472,"minecraft:oak_planks":100,"minecraft:wooden_pickaxe":8,"minecraft:composter":5,"minecraft:sugar_cane":83,"minecraft:cookie":4,"minecraft:white_wool":29,"minecraft:sand":3,"minecraft:dripstone_block":5,"minecraft:redstone_torch":1,"minecraft:gravel":56,"minecraft:birch_log":3,"minecraft:andesite":1,"minecraft:oak_boat":7,"minecraft:bone_meal":108,"minecraft:oak_fence":11,"minecraft:oak_trapdoor":4,"minecraft:stone_sword":271,"minecraft:flint_and_steel":1,"minecraft:stone_shovel":418,"minecraft:redstone":4,"minecraft:stone_hoe":145,"minecraft:netherrack":2,"minecraft:torch":829,"minecraft:dirt":85,"minecraft:hopper":5,"minecraft:granite":2,"minecraft:iron_axe":146,"minecraft:cooked_beef":35,"minecraft:cobbled_deepslate":43,"minecraft:observer":4,"minecraft:pointed_dripstone":18,"minecraft:wheat_seeds":84,"minecraft:cooked_mutton":36,"minecraft:water_bucket":35,"minecraft:birch_planks":119,"minecraft:birch_boat":1,"minecraft:cauldron":2,"minecraft:mossy_cobblestone":1,"minecraft:rail":5,"minecraft:music_disc_cat":5,"minecraft:crafting_table":17,"minecraft:white_bed":22,"minecraft:piston":4,"minecraft:wooden_hoe":43,"minecraft:activator_rail":2,"minecraft:diamond_pickaxe":47,"minecraft:oak_button":1,"minecraft:iron_pickaxe":1241,"minecraft:stone_axe":225,"minecraft:cobblestone":445,"minecraft:cooked_porkchop":1,"minecraft:bucket":42,"minecraft:yellow_bed":1,"minecraft:pumpkin_pie":1,"minecraft:kelp":5},"minecraft:dropped":{"minecraft:iron_sword":1,"minecraft:birch_planks":6,"minecraft:oak_log":32,"minecraft:diamond":1,"minecraft:dirt":17,"minecraft:large_fern":2,"minecraft:cornflower":2,"minecraft:gravel":28,"minecraft:detector_rail":1,"minecraft:cobbled_deepslate":21,"minecraft:wheat":1,"minecraft:pointed_dripstone":1,"minecraft:rotten_flesh":3,"minecraft:white_bed":1,"minecraft:arrow":9,"minecraft:stone_hoe":2,"minecraft:wheat_seeds":2,"minecraft:dripstone_block":2,"minecraft:oak_fence":1,"minecraft:iron_helmet":1,"minecraft:cobblestone":148,"minecraft:stick":20,"minecraft:torch":170,"minecraft:iron_leggings":1,"minecraft:dandelion":4,"minecraft:kelp":64,"minecraft:stone_sword":1,"minecraft:tuff":1,"minecraft:stone_shovel":1,"minecraft:iron_boots":1,"minecraft:pumpkin_seeds":2,"minecraft:potato":44,"minecraft:iron_chestplate":1,"minecraft:stone_pickaxe":1,"minecraft:wooden_pickaxe":1},"minecraft:picked_up":{"minecraft:wheat":33,"minecraft:string":190,"minecraft:music_disc_cat":5,"minecraft:activator_rail":2,"minecraft:cobbled_deepslate":84,"minecraft:redstone_torch":1,"minecraft:furnace":14,"minecraft:stick":18,"minecraft:composter":5,"minecraft:oak_fence":12,"minecraft:torch":102,"minecraft:porkchop":37,"minecraft:pointed_dripstone":38,"minecraft:diorite":1,"minecraft:cauldron":1,"minecraft:rotten_flesh":14,"minecraft:white_terracotta":3,"minecraft:obsidian":6,"minecraft:cobblestone":771,"minecraft:birch_log":124,"minecraft:feather":4,"minecraft:water_bucket":1,"minecraft:andesite":1,"minecraft:brown_wool":1,"minecraft:potato":214,"minecraft:flint":2,"minecraft:tuff":2,"minecraft:dirt":521,"minecraft:lapis_lazuli":409,"minecraft:glass":2,"minecraft:bone":78,"minecraft:stonecutter":1,"minecraft:wheat_seeds":172,"minecraft:raw_gold":53,"minecraft:bell":1,"minecraft:grindstone":1,"minecraft:fletching_table":1,"minecraft:oak_planks":1,"minecraft:cooked_porkchop":1,"minecraft:music_disc_13":1,"minecraft:sand":134,"minecraft:mossy_cobblestone":1,"minecraft:dispenser":1,"minecraft:diamond":7,"minecraft:granite":2,"minecraft:oak_sapling":11,"minecraft:netherrack":2,"minecraft:crafting_table":9,"minecraft:chicken":4,"minecraft:cornflower":3,"minecraft:oak_trapdoor":4,"minecraft:large_fern":1,"minecraft:beef":18,"minecraft:oak_boat":7,"minecraft:jungle_sapling":1,"minecraft:poppy":4,"minecraft:light_gray_wool":2,"minecraft:minecart":1,"minecraft:sugar_cane":70,"minecraft:chest":10,"minecraft:birch_sapling":4,"minecraft:egg":3,"minecraft:raw_iron":290,"minecraft:cookie":4,"minecraft:redstone":370,"minecraft:arrow":35,"minecraft:pumpkin_pie":1,"minecraft:mutton":29,"minecraft:white_wool":31,"minecraft:rail":5,"minecraft:oxeye_daisy":2,"minecraft:leather":14,"minecraft:birch_planks":15,"minecraft:oak_log":96,"minecraft:yellow_bed":1,"minecraft:gunpowder":3,"minecraft:apple":3,"minecraft:kelp":232,"minecraft:iron_ingot":4,"minecraft:quartz":15,"minecraft:dandelion":8,"minecraft:dripstone_block":7,"minecraft:gravel":84,"minecraft:spruce_sapling":5,"minecraft:white_bed":18,"minecraft:spruce_log":12,"minecraft:spider_eye":4,"minecraft:pumpkin_seeds":1,"minecraft:oak_button":1,"minecraft:coal":478,"minecraft:hopper":1}},"DataVersion":3465}