{"stats":{"minecraft:broken":{"minecraft:stone_sword":3,"minecraft:leather_leggings":1,"minecraft:stone_pickaxe":3,"minecraft:stone_axe":2,"minecraft:iron_pickaxe":2},"minecraft:custom":{"minecraft:mob_kills":91,"minecraft:interact_with_crafting_table":84,"minecraft:bell_ring":4,"minecraft:leave_game":6,"minecraft:time_since_death":381223,"minecraft:climb_one_cm":730,"minecraft:sprint_one_cm":629237,"minecraft:walk_one_cm":1605694,"minecraft:damage_blocked_by_shield":2415,"minecraft:drop":88,"minecraft:play_time":381223,"minecraft:sneak_time":50087,"minecraft:walk_under_water_one_cm":37305,"minecraft:boat_one_cm":105136,"minecraft:jump":4861,"minecraft:walk_on_water_one_cm":25581,"minecraft:total_world_time":381223,"minecraft:interact_with_furnace":235,"minecraft:sleep_in_bed":22,"minecraft:time_since_rest":3239,"minecraft:damage_taken":2851,"minecraft:damage_dealt":15363,"minecraft:swim_one_cm":16513,"minecraft:fly_one_cm":560263,"minecraft:open_chest":271,"minecraft:crouch_one_cm":186779,"minecraft:fall_one_cm":92921,"minecraft:horse_one_cm":4261},"minecraft:crafted":{"minecraft:oak_planks":16,"minecraft:redstone":9,"minecraft:cobblestone_slab":18,"minecraft:stone_shovel":2,"minecraft:coal":27,"minecraft:birch_boat":1,"minecraft:cooked_chicken":7,"minecraft:furnace":19,"minecraft:lever":2,"minecraft:bone_meal":18,"minecraft:cooked_mutton":33,"minecraft:glass":7,"minecraft:hopper":3,"minecraft:iron_boots":2,"minecraft:bow":3,"minecraft:iron_axe":1,"minecraft:ladder":6,"minecraft:stone_pickaxe":4,"minecraft:chest":12,"minecraft:redstone_block":57,"minecraft:birch_button":2,"minecraft:stone_hoe":1,"minecraft:wheat":9,"minecraft:cooked_beef":28,"minecraft:coal_block":7,"minecraft:cooked_porkchop":15,"minecraft:crafting_table":7,"minecraft:spruce_planks":48,"minecraft:iron_helmet":2,"minecraft:wooden_pickaxe":1,"minecraft:iron_sword":2,"minecraft:bucket":1,"minecraft:birch_planks":328,"minecraft:stone_axe":2,"minecraft:air":0,"minecraft:dispenser":3,"minecraft:iron_chestplate":2,"minecraft:wooden_hoe":1,"minecraft:white_wool":16,"minecraft:diamond_pickaxe":1,"minecraft:shield":1,"minecraft:stick":212,"minecraft:iron_ingot":227,"minecraft:iron_pickaxe":3,"minecraft:birch_trapdoor":2,"minecraft:stone_sword":4,"minecraft:iron_leggings":2,"minecraft:gold_ingot":53,"minecraft:white_bed":2,"minecraft:note_block":1,"minecraft:birch_stairs":4,"minecraft:torch":564,"minecraft:lapis_block":34},"minecraft:mined":{"minecraft:tuff":2,"minecraft:white_bed":18,"minecraft:mossy_cobblestone":1,"minecraft:jungle_leaves":47,"minecraft:granite":1,"minecraft:grass_block":19,"minecraft:spruce_leaves":92,"minecraft:large_fern":1,"minecraft:hay_block":1,"minecraft:furnace":9,"minecraft:iron_ore":86,"minecraft:cobbled_deepslate":1,"minecraft:andesite":1,"minecraft:deepslate_lapis_ore":32,"minecraft:bell":1,"minecraft:pointed_dripstone":10,"minecraft:vine":1,"minecraft:deepslate_iron_ore":81,"minecraft:flowering_azalea_leaves":1,"minecraft:dirt_path":3,"minecraft:rail":1,"minecraft:stone":330,"minecraft:white_wool":2,"minecraft:deepslate_redstone_ore":64,"minecraft:dandelion":4,"minecraft:cornflower":2,"minecraft:oak_fence":8,"minecraft:crafting_table":9,"minecraft:torch":12,"minecraft:chest":7,"minecraft:tall_grass":26,"minecraft:cobblestone":41,"minecraft:deepslate_coal_ore":21,"minecraft:grindstone":1,"minecraft:lapis_ore":5,"minecraft:deepslate_gold_ore":38,"minecraft:sugar_cane":21,"minecraft:wall_torch":7,"minecraft:birch_planks":25,"minecraft:birch_log":125,"minecraft:wheat":2,"minecraft:spruce_log":12,"minecraft:birch_leaves":48,"minecraft:yellow_bed":1,"minecraft:grass":190,"minecraft:oak_log":4,"minecraft:coal_ore":250,"minecraft:sand":7,"minecraft:gravel":28,"minecraft:dripstone_block":2,"minecraft:dirt":14,"minecraft:cobweb":136,"minecraft:oak_leaves":110,"minecraft:deepslate":65,"minecraft:fern":1},"minecraft:killed":{"minecraft:cave_spider":11,"minecraft:skeleton":28,"minecraft:chicken":2,"minecraft:pig":8,"minecraft:iron_golem":1,"minecraft:creeper":3,"minecraft:sheep":14,"minecraft:zombie":16,"minecraft:enderman":1,"minecraft:cow":5},"minecraft:used":{"minecraft:oak_fence":10,"minecraft:stone_sword":271,"minecraft:stone_shovel":18,"minecraft:poppy":2,"minecraft:chest":17,"minecraft:shield":96,"minecraft:iron_sword":91,"minecraft:bell":1,"minecraft:stone_hoe":29,"minecraft:torch":549,"minecraft:dirt":46,"minecraft:tuff":1,"minecraft:granite":1,"minecraft:jungle_sapling":1,"minecraft:lava_bucket":1,"minecraft:iron_axe":38,"minecraft:birch_sapling":4,"minecraft:oak_sapling":9,"minecraft:furnace":28,"minecraft:egg":3,"minecraft:cooked_beef":14,"minecraft:cobbled_deepslate":26,"minecraft:pointed_dripstone":15,"minecraft:wheat_seeds":38,"minecraft:cooked_mutton":33,"minecraft:water_bucket":21,"minecraft:diorite":1,"minecraft:birch_planks":119,"minecraft:stone_pickaxe":472,"minecraft:wooden_pickaxe":8,"minecraft:birch_boat":1,"minecraft:sugar_cane":45,"minecraft:white_wool":29,"minecraft:mossy_cobblestone":1,"minecraft:rail":3,"minecraft:crafting_table":16,"minecraft:white_bed":19,"minecraft:dripstone_block":4,"minecraft:wooden_hoe":43,"minecraft:iron_pickaxe":564,"minecraft:gravel":16,"minecraft:stone_axe":225,"minecraft:cobblestone":214,"minecraft:andesite":1,"minecraft:bucket":23,"minecraft:birch_log":3,"minecraft:yellow_bed":1,"minecraft:bone_meal":6},"minecraft:dropped":{"minecraft:stone_hoe":1,"minecraft:iron_sword":1,"minecraft:wheat_seeds":1,"minecraft:birch_planks":6,"minecraft:oak_fence":1,"minecraft:iron_helmet":1,"minecraft:cobblestone":118,"minecraft:stick":20,"minecraft:dirt":17,"minecraft:torch":106,"minecraft:large_fern":2,"minecraft:cornflower":2,"minecraft:iron_leggings":1,"minecraft:dandelion":4,"minecraft:gravel":28,"minecraft:detector_rail":1,"minecraft:stone_sword":1,"minecraft:cobbled_deepslate":21,"minecraft:tuff":1,"minecraft:wheat":1,"minecraft:stone_shovel":1,"minecraft:rotten_flesh":2,"minecraft:iron_boots":1,"minecraft:white_bed":1,"minecraft:pumpkin_seeds":2,"minecraft:iron_chestplate":1,"minecraft:wooden_pickaxe":1,"minecraft:stone_pickaxe":1},"minecraft:picked_up":{"minecraft:crafting_table":9,"minecraft:wheat":2,"minecraft:chicken":2,"minecraft:cornflower":2,"minecraft:string":190,"minecraft:large_fern":1,"minecraft:cobbled_deepslate":67,"minecraft:beef":9,"minecraft:jungle_sapling":1,"minecraft:poppy":2,"minecraft:light_gray_wool":1,"minecraft:sugar_cane":32,"minecraft:chest":9,"minecraft:birch_sapling":4,"minecraft:egg":3,"minecraft:furnace":9,"minecraft:stick":18,"minecraft:raw_iron":166,"minecraft:oak_fence":11,"minecraft:torch":91,"minecraft:porkchop":17,"minecraft:pointed_dripstone":15,"minecraft:diorite":1,"minecraft:redstone":310,"minecraft:rotten_flesh":12,"minecraft:arrow":25,"minecraft:mutton":22,"minecraft:cobblestone":386,"minecraft:rail":3,"minecraft:white_wool":21,"minecraft:birch_log":124,"minecraft:feather":2,"minecraft:andesite":1,"minecraft:brown_wool":1,"minecraft:leather":7,"minecraft:birch_planks":15,"minecraft:tuff":2,"minecraft:oak_log":4,"minecraft:yellow_bed":1,"minecraft:gunpowder":3,"minecraft:lapis_lazuli":238,"minecraft:dirt":76,"minecraft:bone":22,"minecraft:wheat_seeds":39,"minecraft:raw_gold":38,"minecraft:bell":1,"minecraft:grindstone":1,"minecraft:iron_ingot":4,"minecraft:dandelion":4,"minecraft:dripstone_block":4,"minecraft:gravel":44,"minecraft:sand":7,"minecraft:spruce_sapling":5,"minecraft:white_bed":18,"minecraft:spruce_log":12,"minecraft:spider_eye":4,"minecraft:mossy_cobblestone":1,"minecraft:pumpkin_seeds":1,"minecraft:granite":1,"minecraft:oak_sapling":9,"minecraft:coal":271}},"DataVersion":3465}