{"stats":{"minecraft:killed":{"minecraft:sheep":13,"minecraft:skeleton":1,"minecraft:pig":8,"minecraft:chicken":2,"minecraft:cow":3},"minecraft:dropped":{"minecraft:white_bed":1},"minecraft:mined":{"minecraft:white_bed":2,"minecraft:birch_log":58,"minecraft:birch_leaves":1,"minecraft:crafting_table":3,"minecraft:grass":2,"minecraft:grass_block":1,"minecraft:coal_ore":29,"minecraft:dirt":8,"minecraft:stone":27,"minecraft:sugar_cane":10,"minecraft:oak_leaves":1},"minecraft:custom":{"minecraft:time_since_rest":2318,"minecraft:sprint_one_cm":2115,"minecraft:damage_taken":70,"minecraft:walk_one_cm":187903,"minecraft:mob_kills":27,"minecraft:drop":1,"minecraft:damage_dealt":2284,"minecraft:swim_one_cm":3974,"minecraft:interact_with_crafting_table":5,"minecraft:fly_one_cm":3645,"minecraft:crouch_one_cm":10307,"minecraft:play_time":25913,"minecraft:sneak_time":3890,"minecraft:walk_under_water_one_cm":649,"minecraft:jump":286,"minecraft:leave_game":1,"minecraft:walk_on_water_one_cm":4188,"minecraft:time_since_death":25913,"minecraft:sleep_in_bed":1,"minecraft:total_world_time":25913,"minecraft:fall_one_cm":1463},"minecraft:used":{"minecraft:stone_sword":29,"minecraft:stone_pickaxe":48,"minecraft:birch_sapling":2,"minecraft:wooden_pickaxe":8,"minecraft:stone_axe":78,"minecraft:crafting_table":3,"minecraft:white_bed":2},"minecraft:crafted":{"minecraft:crafting_table":1,"minecraft:stick":8,"minecraft:wooden_pickaxe":1,"minecraft:stone_pickaxe":1,"minecraft:stone_sword":1,"minecraft:white_bed":2,"minecraft:birch_planks":24,"minecraft:stone_axe":1},"minecraft:picked_up":{"minecraft:birch_log":57,"minecraft:crafting_table":3,"minecraft:feather":2,"minecraft:chicken":2,"minecraft:brown_wool":1,"minecraft:leather":4,"minecraft:porkchop":17,"minecraft:white_bed":2,"minecraft:dirt":9,"minecraft:arrow":2,"minecraft:beef":5,"minecraft:light_gray_wool":1,"minecraft:birch_sapling":2,"minecraft:sugar_cane":22,"minecraft:mutton":20,"minecraft:coal":29,"minecraft:white_wool":18,"minecraft:cobblestone":27}},"DataVersion":3465}