{"stats":{"minecraft:killed":{"minecraft:cave_spider":4,"minecraft:pig":8,"minecraft:creeper":1,"minecraft:sheep":14,"minecraft:skeleton":5,"minecraft:zombie":6,"minecraft:chicken":2,"minecraft:cow":5},"minecraft:dropped":{"minecraft:birch_planks":6,"minecraft:cobbled_deepslate":18,"minecraft:tuff":1,"minecraft:cobblestone":64,"minecraft:rotten_flesh":2,"minecraft:white_bed":1,"minecraft:pumpkin_seeds":2,"minecraft:stick":4,"minecraft:large_fern":2,"minecraft:stone_pickaxe":1,"minecraft:wooden_pickaxe":1},"minecraft:mined":{"minecraft:deepslate_redstone_ore":11,"minecraft:tuff":1,"minecraft:white_bed":12,"minecraft:oak_fence":4,"minecraft:crafting_table":7,"minecraft:grass_block":4,"minecraft:chest":5,"minecraft:deepslate_coal_ore":21,"minecraft:cobblestone":5,"minecraft:spruce_leaves":92,"minecraft:deepslate_gold_ore":15,"minecraft:sugar_cane":20,"minecraft:wall_torch":2,"minecraft:birch_planks":16,"minecraft:furnace":7,"minecraft:birch_log":125,"minecraft:iron_ore":27,"minecraft:spruce_log":12,"minecraft:birch_leaves":2,"minecraft:deepslate_lapis_ore":19,"minecraft:bell":1,"minecraft:grass":2,"minecraft:deepslate_iron_ore":28,"minecraft:coal_ore":168,"minecraft:flowering_azalea_leaves":1,"minecraft:dirt_path":3,"minecraft:rail":1,"minecraft:dirt":8,"minecraft:cobweb":47,"minecraft:stone":234,"minecraft:deepslate":22,"minecraft:oak_leaves":1},"minecraft:broken":{"minecraft:stone_pickaxe":3,"minecraft:stone_sword":1,"minecraft:stone_axe":1},"minecraft:custom":{"minecraft:interact_with_furnace":113,"minecraft:mob_kills":46,"minecraft:interact_with_crafting_table":27,"minecraft:bell_ring":4,"minecraft:leave_game":1,"minecraft:time_since_death":115913,"minecraft:sleep_in_bed":8,"minecraft:climb_one_cm":634,"minecraft:time_since_rest":12222,"minecraft:sprint_one_cm":117684,"minecraft:damage_taken":702,"minecraft:walk_one_cm":539450,"minecraft:damage_blocked_by_shield":525,"minecraft:drop":14,"minecraft:damage_dealt":5550,"minecraft:swim_one_cm":10858,"minecraft:fly_one_cm":108052,"minecraft:open_chest":56,"minecraft:crouch_one_cm":88809,"minecraft:play_time":115913,"minecraft:sneak_time":24537,"minecraft:walk_under_water_one_cm":2600,"minecraft:boat_one_cm":61756,"minecraft:jump":1486,"minecraft:walk_on_water_one_cm":9858,"minecraft:total_world_time":115913,"minecraft:fall_one_cm":15770},"minecraft:used":{"minecraft:oak_fence":4,"minecraft:cooked_mutton":11,"minecraft:diorite":1,"minecraft:stone_sword":156,"minecraft:birch_planks":118,"minecraft:stone_pickaxe":472,"minecraft:shield":25,"minecraft:chest":10,"minecraft:wooden_pickaxe":8,"minecraft:birch_boat":1,"minecraft:bell":1,"minecraft:white_wool":11,"minecraft:torch":141,"minecraft:dirt":25,"minecraft:rail":1,"minecraft:crafting_table":8,"minecraft:white_bed":12,"minecraft:iron_pickaxe":79,"minecraft:birch_sapling":4,"minecraft:stone_axe":187,"minecraft:cobblestone":61,"minecraft:furnace":11,"minecraft:birch_log":3,"minecraft:egg":1,"minecraft:cobbled_deepslate":1},"minecraft:crafted":{"minecraft:cooked_beef":9,"minecraft:coal_block":7,"minecraft:coal":27,"minecraft:cooked_porkchop":15,"minecraft:crafting_table":2,"minecraft:spruce_planks":48,"minecraft:wooden_pickaxe":1,"minecraft:birch_boat":1,"minecraft:cooked_chicken":3,"minecraft:furnace":7,"minecraft:birch_planks":176,"minecraft:stone_axe":2,"minecraft:cooked_mutton":31,"minecraft:air":0,"minecraft:shield":1,"minecraft:stick":116,"minecraft:iron_ingot":34,"minecraft:iron_pickaxe":1,"minecraft:stone_pickaxe":4,"minecraft:stone_sword":2,"minecraft:chest":3,"minecraft:white_bed":2,"minecraft:torch":284},"minecraft:picked_up":{"minecraft:birch_log":124,"minecraft:crafting_table":7,"minecraft:feather":2,"minecraft:chicken":2,"minecraft:leather":7,"minecraft:brown_wool":1,"minecraft:birch_planks":10,"minecraft:tuff":1,"minecraft:gunpowder":2,"minecraft:lapis_lazuli":119,"minecraft:string":54,"minecraft:dirt":28,"minecraft:large_fern":1,"minecraft:bone":3,"minecraft:cobbled_deepslate":22,"minecraft:raw_gold":15,"minecraft:bell":1,"minecraft:beef":9,"minecraft:light_gray_wool":1,"minecraft:sugar_cane":29,"minecraft:chest":7,"minecraft:birch_sapling":4,"minecraft:furnace":7,"minecraft:egg":1,"minecraft:raw_iron":54,"minecraft:stick":12,"minecraft:oak_fence":4,"minecraft:torch":2,"minecraft:porkchop":17,"minecraft:spruce_sapling":5,"minecraft:diorite":1,"minecraft:spruce_log":12,"minecraft:white_bed":12,"minecraft:redstone":54,"minecraft:spider_eye":1,"minecraft:rotten_flesh":6,"minecraft:pumpkin_seeds":1,"minecraft:arrow":5,"minecraft:mutton":22,"minecraft:coal":189,"minecraft:rail":2,"minecraft:white_wool":19,"minecraft:cobblestone":269}},"DataVersion":3465}