{"stats":{"minecraft:killed":{"minecraft:cave_spider":7,"minecraft:pig":8,"minecraft:creeper":3,"minecraft:sheep":14,"minecraft:skeleton":8,"minecraft:zombie":7,"minecraft:chicken":2,"minecraft:cow":5},"minecraft:dropped":{"minecraft:birch_planks":6,"minecraft:cobbled_deepslate":18,"minecraft:tuff":1,"minecraft:cobblestone":69,"minecraft:rotten_flesh":2,"minecraft:white_bed":1,"minecraft:pumpkin_seeds":2,"minecraft:stick":4,"minecraft:dirt":17,"minecraft:torch":42,"minecraft:large_fern":2,"minecraft:stone_pickaxe":1,"minecraft:wooden_pickaxe":1},"minecraft:mined":{"minecraft:deepslate_redstone_ore":22,"minecraft:tuff":1,"minecraft:white_bed":14,"minecraft:oak_fence":8,"minecraft:crafting_table":9,"minecraft:granite":1,"minecraft:grass_block":4,"minecraft:chest":5,"minecraft:deepslate_coal_ore":21,"minecraft:cobblestone":5,"minecraft:spruce_leaves":92,"minecraft:deepslate_gold_ore":27,"minecraft:sugar_cane":21,"minecraft:wall_torch":3,"minecraft:birch_planks":25,"minecraft:furnace":7,"minecraft:cobbled_deepslate":1,"minecraft:birch_log":125,"minecraft:iron_ore":47,"minecraft:andesite":1,"minecraft:spruce_log":12,"minecraft:birch_leaves":2,"minecraft:deepslate_lapis_ore":25,"minecraft:bell":1,"minecraft:grass":2,"minecraft:deepslate_iron_ore":63,"minecraft:coal_ore":168,"minecraft:flowering_azalea_leaves":1,"minecraft:dirt_path":3,"minecraft:rail":1,"minecraft:dirt":8,"minecraft:cobweb":125,"minecraft:stone":237,"minecraft:deepslate":35,"minecraft:oak_leaves":1},"minecraft:broken":{"minecraft:stone_pickaxe":3,"minecraft:stone_sword":3,"minecraft:stone_axe":1},"minecraft:custom":{"minecraft:interact_with_furnace":170,"minecraft:mob_kills":55,"minecraft:interact_with_crafting_table":32,"minecraft:bell_ring":4,"minecraft:leave_game":2,"minecraft:time_since_death":164358,"minecraft:sleep_in_bed":11,"minecraft:climb_one_cm":634,"minecraft:time_since_rest":19364,"minecraft:sprint_one_cm":292989,"minecraft:damage_taken":808,"minecraft:walk_one_cm":680010,"minecraft:damage_blocked_by_shield":805,"minecraft:drop":65,"minecraft:damage_dealt":7190,"minecraft:swim_one_cm":10858,"minecraft:fly_one_cm":241685,"minecraft:open_chest":94,"minecraft:crouch_one_cm":113004,"minecraft:play_time":164358,"minecraft:sneak_time":30860,"minecraft:walk_under_water_one_cm":2600,"minecraft:boat_one_cm":61756,"minecraft:jump":2293,"minecraft:walk_on_water_one_cm":11221,"minecraft:total_world_time":164358,"minecraft:fall_one_cm":20906},"minecraft:used":{"minecraft:oak_fence":10,"minecraft:cooked_mutton":18,"minecraft:diorite":1,"minecraft:stone_sword":271,"minecraft:birch_planks":118,"minecraft:stone_pickaxe":472,"minecraft:shield":37,"minecraft:chest":10,"minecraft:wooden_pickaxe":8,"minecraft:birch_boat":1,"minecraft:sugar_cane":45,"minecraft:bell":1,"minecraft:white_wool":11,"minecraft:torch":228,"minecraft:dirt":25,"minecraft:rail":2,"minecraft:crafting_table":11,"minecraft:white_bed":15,"minecraft:granite":1,"minecraft:iron_pickaxe":183,"minecraft:birch_sapling":4,"minecraft:stone_axe":202,"minecraft:cobblestone":84,"minecraft:furnace":19,"minecraft:andesite":1,"minecraft:birch_log":3,"minecraft:egg":1,"minecraft:cobbled_deepslate":18},"minecraft:crafted":{"minecraft:cooked_beef":9,"minecraft:coal_block":7,"minecraft:coal":27,"minecraft:cooked_porkchop":15,"minecraft:crafting_table":2,"minecraft:spruce_planks":48,"minecraft:wooden_pickaxe":1,"minecraft:birch_boat":1,"minecraft:cooked_chicken":5,"minecraft:furnace":12,"minecraft:birch_planks":176,"minecraft:stone_axe":2,"minecraft:cooked_mutton":33,"minecraft:air":0,"minecraft:shield":1,"minecraft:stick":116,"minecraft:iron_ingot":109,"minecraft:iron_pickaxe":1,"minecraft:stone_pickaxe":4,"minecraft:stone_sword":4,"minecraft:chest":3,"minecraft:gold_ingot":27,"minecraft:white_bed":2,"minecraft:torch":284},"minecraft:picked_up":{"minecraft:birch_log":124,"minecraft:crafting_table":9,"minecraft:feather":2,"minecraft:chicken":2,"minecraft:andesite":1,"minecraft:leather":7,"minecraft:brown_wool":1,"minecraft:birch_planks":15,"minecraft:tuff":1,"minecraft:gunpowder":3,"minecraft:lapis_lazuli":163,"minecraft:string":132,"minecraft:dirt":45,"minecraft:large_fern":1,"minecraft:bone":6,"minecraft:cobbled_deepslate":38,"minecraft:raw_gold":27,"minecraft:bell":1,"minecraft:beef":9,"minecraft:light_gray_wool":1,"minecraft:sugar_cane":32,"minecraft:chest":7,"minecraft:birch_sapling":4,"minecraft:furnace":7,"minecraft:egg":1,"minecraft:raw_iron":109,"minecraft:stick":12,"minecraft:oak_fence":10,"minecraft:torch":5,"minecraft:porkchop":17,"minecraft:spruce_sapling":5,"minecraft:diorite":1,"minecraft:spruce_log":12,"minecraft:white_bed":14,"minecraft:redstone":106,"minecraft:spider_eye":1,"minecraft:rotten_flesh":6,"minecraft:pumpkin_seeds":1,"minecraft:arrow":7,"minecraft:granite":1,"minecraft:mutton":22,"minecraft:coal":189,"minecraft:rail":2,"minecraft:white_wool":19,"minecraft:cobblestone":277}},"DataVersion":3465}