{"stats":{"minecraft:broken":{"minecraft:stone_sword":3,"minecraft:stone_pickaxe":3,"minecraft:stone_axe":2,"minecraft:iron_pickaxe":1},"minecraft:custom":{"minecraft:mob_kills":66,"minecraft:interact_with_crafting_table":48,"minecraft:bell_ring":4,"minecraft:leave_game":6,"minecraft:time_since_death":280238,"minecraft:climb_one_cm":730,"minecraft:sprint_one_cm":509958,"minecraft:walk_one_cm":1060785,"minecraft:damage_blocked_by_shield":1175,"minecraft:drop":70,"minecraft:play_time":280238,"minecraft:sneak_time":44230,"minecraft:walk_under_water_one_cm":14756,"minecraft:boat_one_cm":105136,"minecraft:jump":3924,"minecraft:walk_on_water_one_cm":18272,"minecraft:total_world_time":280238,"minecraft:interact_with_furnace":188,"minecraft:sleep_in_bed":17,"minecraft:time_since_rest":48320,"minecraft:damage_taken":1760,"minecraft:damage_dealt":10536,"minecraft:swim_one_cm":16513,"minecraft:fly_one_cm":500243,"minecraft:open_chest":169,"minecraft:crouch_one_cm":165576,"minecraft:fall_one_cm":72681,"minecraft:horse_one_cm":4261},"minecraft:crafted":{"minecraft:oak_planks":16,"minecraft:stone_shovel":1,"minecraft:coal":27,"minecraft:birch_boat":1,"minecraft:cooked_chicken":5,"minecraft:furnace":17,"minecraft:bone_meal":18,"minecraft:cooked_mutton":33,"minecraft:iron_axe":1,"minecraft:stone_pickaxe":4,"minecraft:chest":4,"minecraft:stone_hoe":1,"minecraft:cooked_beef":9,"minecraft:coal_block":7,"minecraft:cooked_porkchop":15,"minecraft:crafting_table":4,"minecraft:spruce_planks":48,"minecraft:wooden_pickaxe":1,"minecraft:bucket":1,"minecraft:birch_planks":200,"minecraft:stone_axe":2,"minecraft:air":0,"minecraft:shield":1,"minecraft:stick":156,"minecraft:iron_ingot":157,"minecraft:iron_pickaxe":3,"minecraft:stone_sword":4,"minecraft:gold_ingot":27,"minecraft:white_bed":2,"minecraft:torch":552},"minecraft:mined":{"minecraft:tuff":1,"minecraft:white_bed":16,"minecraft:jungle_leaves":47,"minecraft:granite":1,"minecraft:grass_block":14,"minecraft:spruce_leaves":92,"minecraft:large_fern":1,"minecraft:furnace":7,"minecraft:iron_ore":80,"minecraft:cobbled_deepslate":1,"minecraft:andesite":1,"minecraft:deepslate_lapis_ore":25,"minecraft:bell":1,"minecraft:vine":1,"minecraft:deepslate_iron_ore":80,"minecraft:flowering_azalea_leaves":1,"minecraft:dirt_path":3,"minecraft:rail":1,"minecraft:stone":277,"minecraft:deepslate_redstone_ore":49,"minecraft:oak_fence":8,"minecraft:crafting_table":9,"minecraft:chest":7,"minecraft:cobblestone":20,"minecraft:deepslate_coal_ore":21,"minecraft:lapis_ore":5,"minecraft:deepslate_gold_ore":38,"minecraft:sugar_cane":21,"minecraft:wall_torch":3,"minecraft:birch_planks":25,"minecraft:birch_log":125,"minecraft:wheat":1,"minecraft:spruce_log":12,"minecraft:birch_leaves":48,"minecraft:yellow_bed":1,"minecraft:grass":112,"minecraft:oak_log":4,"minecraft:coal_ore":249,"minecraft:dripstone_block":1,"minecraft:dirt":8,"minecraft:cobweb":125,"minecraft:oak_leaves":110,"minecraft:deepslate":58,"minecraft:fern":1},"minecraft:killed":{"minecraft:cave_spider":8,"minecraft:skeleton":13,"minecraft:chicken":2,"minecraft:pig":8,"minecraft:iron_golem":1,"minecraft:creeper":3,"minecraft:sheep":14,"minecraft:zombie":10,"minecraft:cow":5},"minecraft:used":{"minecraft:oak_fence":10,"minecraft:stone_sword":271,"minecraft:stone_shovel":10,"minecraft:poppy":2,"minecraft:chest":13,"minecraft:shield":48,"minecraft:bell":1,"minecraft:stone_hoe":29,"minecraft:torch":432,"minecraft:dirt":32,"minecraft:granite":1,"minecraft:jungle_sapling":1,"minecraft:iron_axe":29,"minecraft:birch_sapling":4,"minecraft:oak_sapling":9,"minecraft:furnace":24,"minecraft:egg":3,"minecraft:cooked_beef":2,"minecraft:cobbled_deepslate":23,"minecraft:pointed_dripstone":6,"minecraft:wheat_seeds":20,"minecraft:cooked_mutton":33,"minecraft:water_bucket":6,"minecraft:diorite":1,"minecraft:birch_planks":119,"minecraft:stone_pickaxe":472,"minecraft:wooden_pickaxe":8,"minecraft:birch_boat":1,"minecraft:sugar_cane":45,"minecraft:white_wool":11,"minecraft:rail":3,"minecraft:crafting_table":13,"minecraft:white_bed":17,"minecraft:dripstone_block":4,"minecraft:iron_pickaxe":436,"minecraft:stone_axe":225,"minecraft:cobblestone":133,"minecraft:andesite":1,"minecraft:bucket":7,"minecraft:birch_log":3,"minecraft:yellow_bed":1,"minecraft:bone_meal":3},"minecraft:dropped":{"minecraft:stone_hoe":1,"minecraft:birch_planks":6,"minecraft:cobblestone":118,"minecraft:stick":4,"minecraft:dirt":17,"minecraft:torch":106,"minecraft:large_fern":2,"minecraft:stone_sword":1,"minecraft:cobbled_deepslate":18,"minecraft:tuff":1,"minecraft:stone_shovel":1,"minecraft:rotten_flesh":2,"minecraft:white_bed":1,"minecraft:pumpkin_seeds":2,"minecraft:wooden_pickaxe":1,"minecraft:stone_pickaxe":1},"minecraft:picked_up":{"minecraft:crafting_table":9,"minecraft:wheat":1,"minecraft:chicken":2,"minecraft:string":143,"minecraft:large_fern":1,"minecraft:cobbled_deepslate":61,"minecraft:beef":9,"minecraft:jungle_sapling":1,"minecraft:poppy":2,"minecraft:light_gray_wool":1,"minecraft:sugar_cane":32,"minecraft:chest":9,"minecraft:birch_sapling":4,"minecraft:egg":3,"minecraft:furnace":7,"minecraft:stick":18,"minecraft:raw_iron":159,"minecraft:oak_fence":10,"minecraft:torch":6,"minecraft:porkchop":17,"minecraft:pointed_dripstone":6,"minecraft:diorite":1,"minecraft:redstone":229,"minecraft:rotten_flesh":9,"minecraft:arrow":11,"minecraft:mutton":22,"minecraft:cobblestone":332,"minecraft:rail":3,"minecraft:white_wool":19,"minecraft:birch_log":124,"minecraft:feather":2,"minecraft:andesite":1,"minecraft:brown_wool":1,"minecraft:leather":7,"minecraft:birch_planks":15,"minecraft:tuff":1,"minecraft:oak_log":4,"minecraft:yellow_bed":1,"minecraft:gunpowder":3,"minecraft:lapis_lazuli":192,"minecraft:dirt":55,"minecraft:bone":10,"minecraft:wheat_seeds":20,"minecraft:raw_gold":38,"minecraft:bell":1,"minecraft:iron_ingot":4,"minecraft:dripstone_block":4,"minecraft:spruce_sapling":5,"minecraft:white_bed":16,"minecraft:spruce_log":12,"minecraft:spider_eye":1,"minecraft:pumpkin_seeds":1,"minecraft:granite":1,"minecraft:oak_sapling":9,"minecraft:coal":270}},"DataVersion":3465}