{"stats":{"minecraft:broken":{"minecraft:stone_sword":3,"minecraft:stone_pickaxe":3,"minecraft:stone_axe":2},"minecraft:custom":{"minecraft:mob_kills":58,"minecraft:interact_with_crafting_table":45,"minecraft:bell_ring":4,"minecraft:leave_game":5,"minecraft:time_since_death":244911,"minecraft:climb_one_cm":730,"minecraft:sprint_one_cm":432775,"minecraft:walk_one_cm":961506,"minecraft:damage_blocked_by_shield":960,"minecraft:drop":70,"minecraft:play_time":244911,"minecraft:sneak_time":36736,"minecraft:walk_under_water_one_cm":7577,"minecraft:boat_one_cm":105136,"minecraft:jump":3380,"minecraft:walk_on_water_one_cm":16358,"minecraft:total_world_time":244911,"minecraft:interact_with_furnace":172,"minecraft:sleep_in_bed":17,"minecraft:time_since_rest":12993,"minecraft:damage_taken":1157,"minecraft:damage_dealt":9156,"minecraft:swim_one_cm":16513,"minecraft:fly_one_cm":431553,"minecraft:open_chest":169,"minecraft:crouch_one_cm":135699,"minecraft:fall_one_cm":44775,"minecraft:horse_one_cm":4261},"minecraft:crafted":{"minecraft:oak_planks":16,"minecraft:stone_shovel":1,"minecraft:coal":27,"minecraft:birch_boat":1,"minecraft:cooked_chicken":5,"minecraft:furnace":12,"minecraft:bone_meal":18,"minecraft:cooked_mutton":33,"minecraft:iron_axe":1,"minecraft:stone_pickaxe":4,"minecraft:chest":4,"minecraft:stone_hoe":1,"minecraft:cooked_beef":9,"minecraft:coal_block":7,"minecraft:cooked_porkchop":15,"minecraft:crafting_table":3,"minecraft:spruce_planks":48,"minecraft:wooden_pickaxe":1,"minecraft:bucket":1,"minecraft:birch_planks":176,"minecraft:stone_axe":2,"minecraft:air":0,"minecraft:shield":1,"minecraft:stick":116,"minecraft:iron_ingot":109,"minecraft:iron_pickaxe":3,"minecraft:stone_sword":4,"minecraft:gold_ingot":27,"minecraft:white_bed":2,"minecraft:torch":412},"minecraft:mined":{"minecraft:tuff":1,"minecraft:white_bed":16,"minecraft:jungle_leaves":47,"minecraft:granite":1,"minecraft:grass_block":14,"minecraft:spruce_leaves":92,"minecraft:large_fern":1,"minecraft:furnace":7,"minecraft:iron_ore":62,"minecraft:cobbled_deepslate":1,"minecraft:andesite":1,"minecraft:deepslate_lapis_ore":25,"minecraft:bell":1,"minecraft:vine":1,"minecraft:deepslate_iron_ore":63,"minecraft:flowering_azalea_leaves":1,"minecraft:dirt_path":3,"minecraft:rail":1,"minecraft:stone":264,"minecraft:deepslate_redstone_ore":22,"minecraft:oak_fence":8,"minecraft:crafting_table":9,"minecraft:chest":7,"minecraft:cobblestone":20,"minecraft:deepslate_coal_ore":21,"minecraft:deepslate_gold_ore":27,"minecraft:sugar_cane":21,"minecraft:wall_torch":3,"minecraft:birch_planks":25,"minecraft:birch_log":125,"minecraft:wheat":1,"minecraft:spruce_log":12,"minecraft:birch_leaves":48,"minecraft:yellow_bed":1,"minecraft:grass":112,"minecraft:oak_log":4,"minecraft:coal_ore":176,"minecraft:dirt":8,"minecraft:cobweb":125,"minecraft:oak_leaves":110,"minecraft:deepslate":35,"minecraft:fern":1},"minecraft:killed":{"minecraft:cave_spider":7,"minecraft:skeleton":9,"minecraft:chicken":2,"minecraft:pig":8,"minecraft:iron_golem":1,"minecraft:creeper":3,"minecraft:sheep":14,"minecraft:zombie":8,"minecraft:cow":5},"minecraft:used":{"minecraft:oak_fence":10,"minecraft:stone_sword":271,"minecraft:stone_shovel":10,"minecraft:poppy":2,"minecraft:chest":13,"minecraft:shield":40,"minecraft:bell":1,"minecraft:stone_hoe":29,"minecraft:torch":286,"minecraft:dirt":32,"minecraft:granite":1,"minecraft:jungle_sapling":1,"minecraft:iron_axe":10,"minecraft:birch_sapling":4,"minecraft:oak_sapling":9,"minecraft:furnace":19,"minecraft:egg":3,"minecraft:cobbled_deepslate":18,"minecraft:pointed_dripstone":6,"minecraft:wheat_seeds":20,"minecraft:cooked_mutton":27,"minecraft:water_bucket":4,"minecraft:diorite":1,"minecraft:birch_planks":119,"minecraft:stone_pickaxe":472,"minecraft:wooden_pickaxe":8,"minecraft:birch_boat":1,"minecraft:sugar_cane":45,"minecraft:white_wool":11,"minecraft:rail":2,"minecraft:crafting_table":12,"minecraft:white_bed":17,"minecraft:iron_pickaxe":248,"minecraft:stone_axe":225,"minecraft:cobblestone":119,"minecraft:andesite":1,"minecraft:bucket":5,"minecraft:birch_log":3,"minecraft:yellow_bed":1,"minecraft:bone_meal":3},"minecraft:dropped":{"minecraft:stone_hoe":1,"minecraft:birch_planks":6,"minecraft:cobblestone":118,"minecraft:stick":4,"minecraft:dirt":17,"minecraft:torch":106,"minecraft:large_fern":2,"minecraft:stone_sword":1,"minecraft:cobbled_deepslate":18,"minecraft:tuff":1,"minecraft:stone_shovel":1,"minecraft:rotten_flesh":2,"minecraft:white_bed":1,"minecraft:pumpkin_seeds":2,"minecraft:wooden_pickaxe":1,"minecraft:stone_pickaxe":1},"minecraft:picked_up":{"minecraft:crafting_table":9,"minecraft:wheat":1,"minecraft:chicken":2,"minecraft:string":132,"minecraft:large_fern":1,"minecraft:cobbled_deepslate":38,"minecraft:beef":9,"minecraft:jungle_sapling":1,"minecraft:poppy":2,"minecraft:light_gray_wool":1,"minecraft:sugar_cane":32,"minecraft:chest":9,"minecraft:birch_sapling":4,"minecraft:egg":3,"minecraft:furnace":7,"minecraft:stick":18,"minecraft:raw_iron":124,"minecraft:oak_fence":10,"minecraft:torch":6,"minecraft:porkchop":17,"minecraft:pointed_dripstone":6,"minecraft:diorite":1,"minecraft:redstone":106,"minecraft:rotten_flesh":6,"minecraft:arrow":7,"minecraft:mutton":22,"minecraft:cobblestone":319,"minecraft:rail":2,"minecraft:white_wool":19,"minecraft:birch_log":124,"minecraft:feather":2,"minecraft:andesite":1,"minecraft:brown_wool":1,"minecraft:leather":7,"minecraft:birch_planks":15,"minecraft:tuff":1,"minecraft:oak_log":4,"minecraft:yellow_bed":1,"minecraft:gunpowder":3,"minecraft:lapis_lazuli":163,"minecraft:dirt":55,"minecraft:bone":6,"minecraft:wheat_seeds":20,"minecraft:raw_gold":27,"minecraft:bell":1,"minecraft:iron_ingot":4,"minecraft:spruce_sapling":5,"minecraft:white_bed":16,"minecraft:spruce_log":12,"minecraft:spider_eye":1,"minecraft:pumpkin_seeds":1,"minecraft:granite":1,"minecraft:oak_sapling":9,"minecraft:coal":198}},"DataVersion":3465}