{"stats":{"minecraft:broken":{"minecraft:iron_shovel":8,"minecraft:leather_leggings":1,"minecraft:stone_pickaxe":3,"minecraft:stone_axe":2,"minecraft:iron_sword":2,"minecraft:stone_shovel":3,"minecraft:stone_sword":3,"minecraft:stone_hoe":1,"minecraft:iron_axe":13,"minecraft:iron_pickaxe":5},"minecraft:custom":{"minecraft:animals_bred":163,"minecraft:interact_with_crafting_table":322,"minecraft:bell_ring":4,"minecraft:eat_cake_slice":5,"minecraft:leave_game":15,"minecraft:time_since_death":1645758,"minecraft:sprint_one_cm":3362606,"minecraft:damage_blocked_by_shield":3725,"minecraft:drop":388,"minecraft:play_noteblock":1,"minecraft:talked_to_villager":185,"minecraft:play_time":1645758,"minecraft:jump":31517,"minecraft:walk_on_water_one_cm":103505,"minecraft:enchant_item":12,"minecraft:interact_with_furnace":931,"minecraft:play_record":9,"minecraft:traded_with_villager":794,"minecraft:sleep_in_bed":106,"minecraft:damage_dealt":39960,"minecraft:crouch_one_cm":795472,"minecraft:use_cauldron":3,"minecraft:inspect_dispenser":31,"minecraft:horse_one_cm":944045,"minecraft:interact_with_anvil":3,"minecraft:mob_kills":225,"minecraft:inspect_hopper":4,"minecraft:climb_one_cm":5391,"minecraft:walk_one_cm":4902782,"minecraft:sneak_time":213134,"minecraft:walk_under_water_one_cm":70660,"minecraft:boat_one_cm":322697,"minecraft:interact_with_blast_furnace":1,"minecraft:total_world_time":1645758,"minecraft:tune_noteblock":1,"minecraft:time_since_rest":6834,"minecraft:damage_taken":6248,"minecraft:minecart_one_cm":22382,"minecraft:swim_one_cm":52417,"minecraft:fly_one_cm":6640894,"minecraft:open_chest":1720,"minecraft:fall_one_cm":574716},"minecraft:crafted":{"minecraft:brick":19,"minecraft:grindstone":2,"minecraft:smooth_stone":24,"minecraft:oak_planks":780,"minecraft:cobblestone_slab":192,"minecraft:oak_sign":12,"minecraft:barrel":3,"minecraft:birch_boat":1,"minecraft:cooked_chicken":9,"minecraft:stone":30,"minecraft:cobblestone_stairs":12,"minecraft:lever":2,"minecraft:diamond_shovel":3,"minecraft:cooked_mutton":44,"minecraft:glass":360,"minecraft:hopper":28,"minecraft:diamond_leggings":2,"minecraft:diamond_helmet":2,"minecraft:bow":3,"minecraft:iron_boots":2,"minecraft:melon_seeds":49,"minecraft:chest":58,"minecraft:oak_button":7,"minecraft:rail":528,"minecraft:dried_kelp_block":127,"minecraft:birch_button":2,"minecraft:stone_hoe":4,"minecraft:oak_fence":3,"minecraft:oak_slab":36,"minecraft:emerald":678,"minecraft:cauldron":1,"minecraft:cooked_porkchop":37,"minecraft:diamond_axe":5,"minecraft:crafting_table":15,"minecraft:spruce_planks":11288,"minecraft:iron_helmet":2,"minecraft:wooden_pickaxe":1,"minecraft:baked_potato":32,"minecraft:chainmail_chestplate":12,"minecraft:smithing_table":2,"minecraft:brewing_stand":2,"minecraft:fletching_table":13,"minecraft:birch_planks":660,"minecraft:dispenser":3,"minecraft:spruce_trapdoor":160,"minecraft:iron_chestplate":2,"minecraft:book":1,"minecraft:wooden_hoe":1,"minecraft:paper":3,"minecraft:diamond_pickaxe":3,"minecraft:shield":1,"minecraft:stick":21024,"minecraft:stone_slab":12,"minecraft:iron_ingot":1194,"minecraft:iron_pickaxe":7,"minecraft:iron_block":470,"minecraft:stone_sword":4,"minecraft:gold_ingot":102,"minecraft:redstone_torch":22,"minecraft:composter":2,"minecraft:birch_stairs":4,"minecraft:shears":1,"minecraft:oak_door":3,"minecraft:cobbled_deepslate_slab":24,"minecraft:redstone":105,"minecraft:stone_shovel":6,"minecraft:coal":99,"minecraft:furnace":41,"minecraft:blast_furnace":8,"minecraft:piston":22,"minecraft:bone_meal":186,"minecraft:spruce_fence":48,"minecraft:oak_trapdoor":10,"minecraft:glass_pane":128,"minecraft:flint_and_steel":2,"minecraft:spruce_stairs":60,"minecraft:iron_axe":29,"minecraft:ladder":6,"minecraft:spruce_slab":126,"minecraft:iron_hoe":1,"minecraft:stone_pickaxe":4,"minecraft:diamond_boots":2,"minecraft:spruce_boat":2,"minecraft:redstone_block":80,"minecraft:golden_helmet":2,"minecraft:chainmail_leggings":11,"minecraft:minecart":20,"minecraft:observer":4,"minecraft:wheat":9,"minecraft:cooked_beef":139,"minecraft:coal_block":15,"minecraft:diamond_sword":2,"minecraft:enchanting_table":1,"minecraft:dried_kelp":1138,"minecraft:powered_rail":36,"minecraft:activator_rail":24,"minecraft:iron_sword":3,"minecraft:bell":2,"minecraft:bucket":5,"minecraft:stone_axe":12,"minecraft:air":0,"minecraft:oak_boat":4,"minecraft:white_wool":18,"minecraft:chainmail_boots":12,"minecraft:oak_stairs":48,"minecraft:birch_trapdoor":2,"minecraft:iron_shovel":11,"minecraft:iron_leggings":13,"minecraft:anvil":1,"minecraft:white_bed":9,"minecraft:note_block":1,"minecraft:torch":1196,"minecraft:lapis_lazuli":68,"minecraft:lapis_block":60,"minecraft:diamond_chestplate":2},"minecraft:mined":{"minecraft:spruce_planks":15,"minecraft:white_bed":29,"minecraft:jungle_leaves":47,"minecraft:brewing_stand":5,"minecraft:obsidian":14,"minecraft:spruce_trapdoor":38,"minecraft:granite":3,"minecraft:grass_block":1636,"minecraft:jungle_log":2,"minecraft:composter":12,"minecraft:hopper":3,"minecraft:nether_wart":31,"minecraft:oxeye_daisy":5,"minecraft:tall_seagrass":2,"minecraft:magma_block":64,"minecraft:iron_ore":153,"minecraft:cobbled_deepslate":1,"minecraft:fire":35,"minecraft:deepslate_lapis_ore":53,"minecraft:fletching_table":29,"minecraft:azure_bluet":7,"minecraft:enchanting_table":2,"minecraft:pointed_dripstone":17,"minecraft:flowering_azalea_leaves":1,"minecraft:dirt_path":122,"minecraft:oak_stairs":1,"minecraft:spruce_slab":44,"minecraft:deepslate_redstone_ore":71,"minecraft:kelp_plant":26,"minecraft:clay":4,"minecraft:torch":61,"minecraft:blast_furnace":7,"minecraft:melon":10,"minecraft:poppy":29,"minecraft:chest":22,"minecraft:glass":19,"minecraft:cobblestone":339,"minecraft:nether_quartz_ore":70,"minecraft:oak_planks":50,"minecraft:grindstone":9,"minecraft:sugar_cane":201,"minecraft:wall_torch":19,"minecraft:white_terracotta":3,"minecraft:powered_rail":21,"minecraft:birch_log":182,"minecraft:wheat":320,"minecraft:lava_cauldron":2,"minecraft:activator_rail":6,"minecraft:jukebox":1,"minecraft:grass":2175,"minecraft:oak_log":242,"minecraft:sand":226,"minecraft:dirt":814,"minecraft:dispenser":5,"minecraft:stonecutter":1,"minecraft:netherrack":48,"minecraft:piston":1,"minecraft:oak_leaves":135,"minecraft:deepslate":81,"minecraft:tuff":2,"minecraft:mossy_cobblestone":1,"minecraft:deepslate_diamond_ore":7,"minecraft:cobbled_deepslate_slab":1,"minecraft:spruce_fence":12,"minecraft:spruce_leaves":216,"minecraft:kelp":1,"minecraft:large_fern":1,"minecraft:hay_block":1,"minecraft:redstone_ore":6,"minecraft:oak_trapdoor":10,"minecraft:spruce_sapling":4,"minecraft:furnace":20,"minecraft:nether_sprouts":3,"minecraft:andesite":1,"minecraft:stripped_spruce_log":1,"minecraft:bell":1,"minecraft:potatoes":137,"minecraft:deepslate_iron_ore":137,"minecraft:cobblestone_slab":3,"minecraft:vine":1,"minecraft:rail":206,"minecraft:bamboo_sapling":2,"minecraft:bamboo":263,"minecraft:stone":813,"minecraft:white_wool":2,"minecraft:redstone_wall_torch":2,"minecraft:podzol":16,"minecraft:smithing_table":2,"minecraft:oak_slab":1,"minecraft:glass_pane":10,"minecraft:soul_sand":66,"minecraft:observer":5,"minecraft:dandelion":62,"minecraft:oak_fence":10,"minecraft:crafting_table":18,"minecraft:cornflower":9,"minecraft:warped_roots":4,"minecraft:tall_grass":192,"minecraft:deepslate_coal_ore":21,"minecraft:dried_kelp_block":1,"minecraft:lapis_ore":12,"minecraft:deepslate_gold_ore":51,"minecraft:spruce_stairs":10,"minecraft:birch_planks":26,"minecraft:redstone_torch":21,"minecraft:spruce_log":3714,"minecraft:birch_leaves":48,"minecraft:yellow_bed":3,"minecraft:coal_ore":374,"minecraft:gravel":582,"minecraft:dripstone_block":3,"minecraft:cobweb":136,"minecraft:terracotta":2,"minecraft:oak_button":2,"minecraft:gold_ore":2,"minecraft:fern":1},"minecraft:killed":{"minecraft:cave_spider":11,"minecraft:skeleton":44,"minecraft:chicken":4,"minecraft:pig":18,"minecraft:iron_golem":1,"minecraft:creeper":6,"minecraft:sheep":27,"minecraft:pillager":1,"minecraft:zombie":34,"minecraft:blaze":32,"minecraft:cow":13,"minecraft:wither_skeleton":7,"minecraft:villager":9,"minecraft:enderman":15},"minecraft:used":{"minecraft:iron_shovel":2403,"minecraft:dispenser":6,"minecraft:spruce_slab":45,"minecraft:poppy":144,"minecraft:oak_sign":9,"minecraft:shield":158,"minecraft:chest":43,"minecraft:white_terracotta":4,"minecraft:iron_sword":509,"minecraft:nether_wart":40,"minecraft:bell":1,"minecraft:soul_sand":66,"minecraft:tuff":1,"minecraft:music_disc_13":1,"minecraft:azure_bluet":1,"minecraft:milk_bucket":5,"minecraft:obsidian":10,"minecraft:spruce_boat":7,"minecraft:jungle_sapling":1,"minecraft:glass":163,"minecraft:lava_bucket":4,"minecraft:birch_sapling":5,"minecraft:warped_nylium":1,"minecraft:crimson_roots":1,"minecraft:magma_block":2,"minecraft:oak_sapling":20,"minecraft:furnace":51,"minecraft:egg":4,"minecraft:potato":316,"minecraft:diorite":1,"minecraft:stone_pickaxe":472,"minecraft:powered_rail":45,"minecraft:oak_planks":234,"minecraft:wooden_pickaxe":8,"minecraft:sugar_cane":257,"minecraft:composter":14,"minecraft:diamond_axe":583,"minecraft:cookie":4,"minecraft:white_wool":29,"minecraft:sand":30,"minecraft:blast_furnace":9,"minecraft:dripstone_block":5,"minecraft:redstone_torch":46,"minecraft:gravel":509,"minecraft:diamond_sword":244,"minecraft:grindstone":10,"minecraft:smithing_table":4,"minecraft:andesite":1,"minecraft:birch_log":3,"minecraft:oak_boat":11,"minecraft:bone_meal":159,"minecraft:oak_fence":13,"minecraft:oak_trapdoor":16,"minecraft:enchanting_table":3,"minecraft:stone_sword":271,"minecraft:flint_and_steel":3,"minecraft:stone_shovel":418,"minecraft:redstone":9,"minecraft:spruce_planks":45,"minecraft:stone_hoe":180,"minecraft:dried_kelp_block":1,"minecraft:netherrack":44,"minecraft:oak_door":1,"minecraft:torch":1197,"minecraft:brewing_stand":7,"minecraft:dirt":3474,"minecraft:anvil":1,"minecraft:hopper":26,"minecraft:spruce_stairs":47,"minecraft:granite":2,"minecraft:spruce_fence":47,"minecraft:iron_hoe":307,"minecraft:iron_axe":3872,"minecraft:oak_stairs":49,"minecraft:jungle_log":2,"minecraft:barrel":3,"minecraft:bamboo":1442,"minecraft:minecart":15,"minecraft:pointed_dripstone":18,"minecraft:cooked_beef":117,"minecraft:cobbled_deepslate":43,"minecraft:observer":9,"minecraft:wheat_seeds":612,"minecraft:cooked_mutton":49,"minecraft:water_bucket":88,"minecraft:cobblestone_stairs":14,"minecraft:birch_planks":120,"minecraft:baked_potato":32,"minecraft:birch_boat":1,"minecraft:cauldron":3,"minecraft:fletching_table":38,"minecraft:cobblestone_slab":149,"minecraft:warped_roots":5,"minecraft:mossy_cobblestone":1,"minecraft:terracotta":2,"minecraft:rail":486,"minecraft:music_disc_cat":8,"minecraft:oak_slab":4,"minecraft:crafting_table":32,"minecraft:white_bed":36,"minecraft:spruce_log":321,"minecraft:oak_log":40,"minecraft:piston":19,"minecraft:wooden_hoe":43,"minecraft:cornflower":4,"minecraft:activator_rail":6,"minecraft:diamond_pickaxe":451,"minecraft:apple":1,"minecraft:diamond_shovel":851,"minecraft:oak_button":12,"minecraft:iron_pickaxe":1734,"minecraft:spruce_trapdoor":189,"minecraft:spruce_sapling":175,"minecraft:stone_axe":225,"minecraft:cobblestone":967,"minecraft:cobbled_deepslate_slab":21,"minecraft:cooked_porkchop":3,"minecraft:bucket":96,"minecraft:glass_pane":112,"minecraft:pumpkin_pie":1,"minecraft:yellow_bed":3,"minecraft:kelp":19,"minecraft:dandelion":28,"minecraft:jukebox":1},"minecraft:dropped":{"minecraft:iron_sword":2,"minecraft:lapis_lazuli":36,"minecraft:birch_planks":6,"minecraft:diamond_axe":2,"minecraft:cooked_beef":4,"minecraft:oak_log":41,"minecraft:diamond":1,"minecraft:warped_roots":6,"minecraft:emerald":1,"minecraft:dirt":31,"minecraft:large_fern":2,"minecraft:cornflower":4,"minecraft:iron_pickaxe":1,"minecraft:white_wool":3,"minecraft:gravel":28,"minecraft:stone_axe":10,"minecraft:sugar_cane":13,"minecraft:detector_rail":1,"minecraft:cobbled_deepslate":21,"minecraft:wheat":4,"minecraft:pointed_dripstone":1,"minecraft:rotten_flesh":6,"minecraft:oak_planks":39,"minecraft:diamond_shovel":2,"minecraft:azure_bluet":4,"minecraft:white_bed":2,"minecraft:chainmail_chestplate":12,"minecraft:poppy":128,"minecraft:chainmail_boots":12,"minecraft:arrow":11,"minecraft:stone_hoe":2,"minecraft:iron_ingot":3,"minecraft:wheat_seeds":700,"minecraft:golden_helmet":1,"minecraft:minecart":22,"minecraft:dripstone_block":2,"minecraft:diamond_leggings":1,"minecraft:poisonous_potato":1,"minecraft:oak_fence":1,"minecraft:iron_helmet":2,"minecraft:cobblestone":151,"minecraft:apple":1,"minecraft:stick":24,"minecraft:oxeye_daisy":2,"minecraft:iron_block":49,"minecraft:torch":261,"minecraft:diamond_helmet":1,"minecraft:iron_leggings":13,"minecraft:oak_stairs":2,"minecraft:iron_axe":14,"minecraft:iron_shovel":2,"minecraft:chainmail_leggings":11,"minecraft:dandelion":23,"minecraft:kelp":65,"minecraft:stone_sword":1,"minecraft:tuff":1,"minecraft:raw_iron":2,"minecraft:stone_shovel":2,"minecraft:iron_boots":2,"minecraft:iron_hoe":1,"minecraft:pumpkin_seeds":2,"minecraft:filled_map":1,"minecraft:diamond_sword":1,"minecraft:potato":95,"minecraft:cobblestone_slab":6,"minecraft:spruce_boat":1,"minecraft:diamond_chestplate":1,"minecraft:spruce_planks":32,"minecraft:diamond_pickaxe":2,"minecraft:iron_chestplate":2,"minecraft:oak_sapling":8,"minecraft:spruce_log":8,"minecraft:diamond_boots":1,"minecraft:stone_pickaxe":1,"minecraft:wooden_pickaxe":1,"minecraft:bell":2},"minecraft:picked_up":{"minecraft:wheat":298,"minecraft:lead":2,"minecraft:smithing_table":2,"minecraft:oak_stairs":3,"minecraft:brewing_stand":5,"minecraft:music_disc_cat":8,"minecraft:string":191,"minecraft:activator_rail":8,"minecraft:cobbled_deepslate":84,"minecraft:spruce_planks":65,"minecraft:redstone_torch":69,"minecraft:cobblestone_slab":5,"minecraft:melon_slice":49,"minecraft:furnace":20,"minecraft:stick":204,"minecraft:jukebox":1,"minecraft:composter":14,"minecraft:oak_fence":17,"minecraft:torch":243,"minecraft:spruce_stairs":11,"minecraft:porkchop":37,"minecraft:pointed_dripstone":38,"minecraft:diorite":1,"minecraft:cauldron":2,"minecraft:rotten_flesh":26,"minecraft:iron_block":49,"minecraft:white_terracotta":3,"minecraft:blaze_rod":19,"minecraft:obsidian":15,"minecraft:cobblestone":1362,"minecraft:birch_log":181,"minecraft:enchanting_table":2,"minecraft:magma_block":66,"minecraft:feather":4,"minecraft:cooked_beef":8,"minecraft:andesite":1,"minecraft:water_bucket":2,"minecraft:jungle_log":2,"minecraft:brown_wool":3,"minecraft:potato":525,"minecraft:flint":45,"minecraft:tuff":2,"minecraft:lapis_lazuli":409,"minecraft:dirt":2901,"minecraft:glass":2,"minecraft:bone":91,"minecraft:stonecutter":1,"minecraft:wheat_seeds":1140,"minecraft:raw_gold":53,"minecraft:cobbled_deepslate_slab":1,"minecraft:bell":1,"minecraft:grindstone":9,"minecraft:fletching_table":31,"minecraft:bamboo":2205,"minecraft:powered_rail":22,"minecraft:oak_planks":82,"minecraft:cooked_porkchop":1,"minecraft:music_disc_13":1,"minecraft:warped_wart_block":1,"minecraft:poisonous_potato":3,"minecraft:sand":233,"minecraft:stripped_spruce_log":1,"minecraft:mossy_cobblestone":1,"minecraft:iron_hoe":1,"minecraft:dispenser":6,"minecraft:spruce_boat":7,"minecraft:diamond":7,"minecraft:granite":2,"minecraft:emerald":1,"minecraft:oak_sapling":30,"minecraft:netherrack":44,"minecraft:crimson_roots":1,"minecraft:diamond_pickaxe":1,"minecraft:crafting_table":18,"minecraft:azure_bluet":5,"minecraft:chicken":4,"minecraft:nether_wart":40,"minecraft:clay_ball":16,"minecraft:cornflower":9,"minecraft:oak_trapdoor":14,"minecraft:large_fern":1,"minecraft:beef":28,"minecraft:oak_boat":11,"minecraft:observer":5,"minecraft:jungle_sapling":1,"minecraft:poppy":34,"minecraft:light_gray_wool":2,"minecraft:spruce_slab":44,"minecraft:minecart":51,"minecraft:sugar_cane":355,"minecraft:chest":24,"minecraft:birch_sapling":5,"minecraft:piston":1,"minecraft:spruce_trapdoor":53,"minecraft:egg":4,"minecraft:raw_iron":292,"minecraft:spruce_fence":18,"minecraft:cookie":4,"minecraft:redstone":407,"minecraft:arrow":37,"minecraft:pumpkin_pie":1,"minecraft:mutton":39,"minecraft:rail":214,"minecraft:white_wool":37,"minecraft:oxeye_daisy":6,"minecraft:leather":18,"minecraft:filled_map":3,"minecraft:birch_planks":16,"minecraft:oak_log":289,"minecraft:yellow_bed":3,"minecraft:gunpowder":6,"minecraft:apple":5,"minecraft:kelp":337,"minecraft:iron_ingot":7,"minecraft:iron_sword":2,"minecraft:soul_sand":66,"minecraft:oak_slab":1,"minecraft:quartz":72,"minecraft:dandelion":55,"minecraft:dripstone_block":7,"minecraft:gravel":565,"minecraft:spruce_sapling":277,"minecraft:blast_furnace":7,"minecraft:white_bed":29,"minecraft:spruce_log":3709,"minecraft:spider_eye":4,"minecraft:pumpkin_seeds":1,"minecraft:dried_kelp_block":1,"minecraft:warped_roots":11,"minecraft:oak_button":6,"minecraft:warped_nylium":1,"minecraft:terracotta":2,"minecraft:coal":514,"minecraft:hopper":3,"minecraft:ender_pearl":4}},"DataVersion":3465}