{"stats":{"minecraft:custom":{"minecraft:mob_kills":133,"minecraft:animals_bred":2,"minecraft:interact_with_crafting_table":125,"minecraft:bell_ring":4,"minecraft:leave_game":8,"minecraft:time_since_death":570816,"minecraft:climb_one_cm":730,"minecraft:sprint_one_cm":1052134,"minecraft:walk_one_cm":1938481,"minecraft:damage_blocked_by_shield":2595,"minecraft:drop":104,"minecraft:talked_to_villager":1,"minecraft:play_time":570816,"minecraft:sneak_time":84126,"minecraft:walk_under_water_one_cm":56187,"minecraft:boat_one_cm":105136,"minecraft:jump":8595,"minecraft:walk_on_water_one_cm":47923,"minecraft:total_world_time":570816,"minecraft:interact_with_furnace":434,"minecraft:play_record":6,"minecraft:sleep_in_bed":31,"minecraft:time_since_rest":9801,"minecraft:damage_taken":3808,"minecraft:damage_dealt":21021,"minecraft:swim_one_cm":47113,"minecraft:fly_one_cm":1272974,"minecraft:open_chest":514,"minecraft:crouch_one_cm":330623,"minecraft:fall_one_cm":207172,"minecraft:use_cauldron":2,"minecraft:horse_one_cm":944045},"minecraft:used":{"minecraft:oak_fence":10,"minecraft:iron_shovel":133,"minecraft:flint_and_steel":1,"minecraft:stone_sword":271,"minecraft:stone_shovel":418,"minecraft:redstone":4,"minecraft:poppy":2,"minecraft:chest":23,"minecraft:shield":102,"minecraft:iron_sword":204,"minecraft:bell":1,"minecraft:netherrack":2,"minecraft:stone_hoe":29,"minecraft:torch":813,"minecraft:dirt":70,"minecraft:hopper":5,"minecraft:tuff":1,"minecraft:music_disc_13":1,"minecraft:granite":2,"minecraft:obsidian":10,"minecraft:glass":24,"minecraft:jungle_sapling":1,"minecraft:lava_bucket":3,"minecraft:iron_axe":133,"minecraft:birch_sapling":4,"minecraft:oak_sapling":11,"minecraft:furnace":40,"minecraft:egg":3,"minecraft:cooked_beef":35,"minecraft:observer":4,"minecraft:cobbled_deepslate":43,"minecraft:pointed_dripstone":18,"minecraft:wheat_seeds":64,"minecraft:cooked_mutton":33,"minecraft:water_bucket":30,"minecraft:diorite":1,"minecraft:oak_planks":100,"minecraft:birch_planks":119,"minecraft:stone_pickaxe":472,"minecraft:cauldron":1,"minecraft:sugar_cane":67,"minecraft:wooden_pickaxe":8,"minecraft:birch_boat":1,"minecraft:white_wool":29,"minecraft:mossy_cobblestone":1,"minecraft:sand":3,"minecraft:rail":3,"minecraft:music_disc_cat":5,"minecraft:crafting_table":17,"minecraft:white_bed":19,"minecraft:dripstone_block":5,"minecraft:piston":4,"minecraft:wooden_hoe":43,"minecraft:diamond_pickaxe":33,"minecraft:iron_pickaxe":1218,"minecraft:gravel":56,"minecraft:stone_axe":225,"minecraft:cobblestone":349,"minecraft:cooked_porkchop":1,"minecraft:andesite":1,"minecraft:bucket":37,"minecraft:birch_log":3,"minecraft:pumpkin_pie":1,"minecraft:yellow_bed":1,"minecraft:kelp":5,"minecraft:bone_meal":6},"minecraft:mined":{"minecraft:tuff":2,"minecraft:white_bed":18,"minecraft:mossy_cobblestone":1,"minecraft:deepslate_diamond_ore":7,"minecraft:jungle_leaves":47,"minecraft:obsidian":6,"minecraft:granite":2,"minecraft:grass_block":372,"minecraft:kelp":1,"minecraft:spruce_leaves":92,"minecraft:hopper":1,"minecraft:oxeye_daisy":2,"minecraft:large_fern":1,"minecraft:hay_block":1,"minecraft:tall_seagrass":2,"minecraft:redstone_ore":6,"minecraft:furnace":14,"minecraft:iron_ore":153,"minecraft:cobbled_deepslate":1,"minecraft:andesite":1,"minecraft:deepslate_lapis_ore":53,"minecraft:azure_bluet":2,"minecraft:bell":1,"minecraft:pointed_dripstone":17,"minecraft:flowering_azalea_leaves":1,"minecraft:dirt_path":15,"minecraft:deepslate_iron_ore":137,"minecraft:vine":1,"minecraft:rail":1,"minecraft:stone":609,"minecraft:white_wool":2,"minecraft:deepslate_redstone_ore":71,"minecraft:kelp_plant":26,"minecraft:dandelion":11,"minecraft:oak_fence":8,"minecraft:cornflower":3,"minecraft:crafting_table":9,"minecraft:torch":13,"minecraft:poppy":2,"minecraft:chest":8,"minecraft:nether_quartz_ore":15,"minecraft:tall_grass":49,"minecraft:cobblestone":84,"minecraft:deepslate_coal_ore":21,"minecraft:deepslate_gold_ore":51,"minecraft:lapis_ore":12,"minecraft:grindstone":1,"minecraft:sugar_cane":28,"minecraft:wall_torch":9,"minecraft:birch_planks":25,"minecraft:birch_log":125,"minecraft:wheat":13,"minecraft:spruce_log":12,"minecraft:birch_leaves":48,"minecraft:yellow_bed":1,"minecraft:grass":477,"minecraft:oak_log":96,"minecraft:coal_ore":372,"minecraft:gravel":66,"minecraft:dirt":60,"minecraft:dripstone_block":3,"minecraft:sand":134,"minecraft:cobweb":136,"minecraft:netherrack":2,"minecraft:gold_ore":2,"minecraft:oak_leaves":114,"minecraft:deepslate":81,"minecraft:fern":1},"minecraft:dropped":{"minecraft:stone_hoe":1,"minecraft:iron_sword":1,"minecraft:birch_planks":6,"minecraft:wheat_seeds":2,"minecraft:oak_log":32,"minecraft:diamond":1,"minecraft:dripstone_block":2,"minecraft:oak_fence":1,"minecraft:iron_helmet":1,"minecraft:cobblestone":118,"minecraft:stick":20,"minecraft:dirt":17,"minecraft:torch":170,"minecraft:large_fern":2,"minecraft:cornflower":2,"minecraft:iron_leggings":1,"minecraft:dandelion":4,"minecraft:gravel":28,"minecraft:kelp":64,"minecraft:detector_rail":1,"minecraft:stone_sword":1,"minecraft:cobbled_deepslate":21,"minecraft:tuff":1,"minecraft:wheat":1,"minecraft:stone_shovel":1,"minecraft:pointed_dripstone":1,"minecraft:rotten_flesh":3,"minecraft:iron_boots":1,"minecraft:white_bed":1,"minecraft:pumpkin_seeds":2,"minecraft:iron_chestplate":1,"minecraft:arrow":9,"minecraft:stone_pickaxe":1,"minecraft:wooden_pickaxe":1},"minecraft:killed":{"minecraft:cave_spider":11,"minecraft:skeleton":41,"minecraft:chicken":4,"minecraft:pig":18,"minecraft:iron_golem":1,"minecraft:creeper":4,"minecraft:sheep":20,"minecraft:zombie":21,"minecraft:enderman":1,"minecraft:cow":10},"minecraft:picked_up":{"minecraft:crafting_table":9,"minecraft:wheat":13,"minecraft:chicken":4,"minecraft:music_disc_cat":5,"minecraft:cornflower":3,"minecraft:string":190,"minecraft:large_fern":1,"minecraft:cobbled_deepslate":84,"minecraft:beef":18,"minecraft:jungle_sapling":1,"minecraft:poppy":4,"minecraft:light_gray_wool":2,"minecraft:sugar_cane":54,"minecraft:chest":10,"minecraft:birch_sapling":4,"minecraft:furnace":14,"minecraft:egg":3,"minecraft:stick":18,"minecraft:raw_iron":290,"minecraft:oak_fence":11,"minecraft:torch":94,"minecraft:porkchop":37,"minecraft:cookie":4,"minecraft:pointed_dripstone":38,"minecraft:diorite":1,"minecraft:redstone":370,"minecraft:arrow":34,"minecraft:rotten_flesh":13,"minecraft:pumpkin_pie":1,"minecraft:obsidian":6,"minecraft:mutton":29,"minecraft:rail":3,"minecraft:white_wool":31,"minecraft:cobblestone":738,"minecraft:oxeye_daisy":2,"minecraft:birch_log":124,"minecraft:feather":4,"minecraft:andesite":1,"minecraft:brown_wool":1,"minecraft:leather":14,"minecraft:birch_planks":15,"minecraft:flint":2,"minecraft:tuff":2,"minecraft:oak_log":96,"minecraft:yellow_bed":1,"minecraft:gunpowder":3,"minecraft:lapis_lazuli":409,"minecraft:dirt":491,"minecraft:bone":35,"minecraft:apple":3,"minecraft:kelp":229,"minecraft:wheat_seeds":110,"minecraft:raw_gold":53,"minecraft:bell":1,"minecraft:iron_ingot":4,"minecraft:grindstone":1,"minecraft:cooked_porkchop":1,"minecraft:music_disc_13":1,"minecraft:quartz":15,"minecraft:dandelion":8,"minecraft:dripstone_block":7,"minecraft:gravel":84,"minecraft:sand":134,"minecraft:spruce_sapling":5,"minecraft:white_bed":18,"minecraft:spruce_log":12,"minecraft:spider_eye":4,"minecraft:mossy_cobblestone":1,"minecraft:pumpkin_seeds":1,"minecraft:diamond":7,"minecraft:granite":2,"minecraft:netherrack":2,"minecraft:oak_sapling":11,"minecraft:coal":478,"minecraft:hopper":1},"minecraft:crafted":{"minecraft:oak_planks":256,"minecraft:stone_shovel":5,"minecraft:redstone":81,"minecraft:cobblestone_slab":18,"minecraft:coal":99,"minecraft:birch_boat":1,"minecraft:cooked_chicken":9,"minecraft:furnace":26,"minecraft:piston":4,"minecraft:bone_meal":18,"minecraft:lever":2,"minecraft:oak_trapdoor":4,"minecraft:cooked_mutton":44,"minecraft:flint_and_steel":1,"minecraft:glass":67,"minecraft:hopper":8,"minecraft:bow":3,"minecraft:iron_boots":2,"minecraft:iron_axe":1,"minecraft:ladder":6,"minecraft:stone_pickaxe":4,"minecraft:chest":22,"minecraft:oak_button":1,"minecraft:redstone_block":73,"minecraft:birch_button":2,"minecraft:stone_hoe":1,"minecraft:minecart":1,"minecraft:observer":4,"minecraft:wheat":9,"minecraft:cooked_beef":41,"minecraft:coal_block":15,"minecraft:oak_slab":18,"minecraft:cauldron":1,"minecraft:cooked_porkchop":37,"minecraft:crafting_table":8,"minecraft:spruce_planks":48,"minecraft:wooden_pickaxe":1,"minecraft:iron_helmet":2,"minecraft:iron_sword":2,"minecraft:bucket":4,"minecraft:birch_planks":432,"minecraft:stone_axe":2,"minecraft:air":0,"minecraft:dispenser":3,"minecraft:wooden_hoe":1,"minecraft:white_wool":16,"minecraft:iron_chestplate":2,"minecraft:diamond_pickaxe":1,"minecraft:shield":1,"minecraft:stick":300,"minecraft:iron_ingot":500,"minecraft:iron_pickaxe":5,"minecraft:birch_trapdoor":2,"minecraft:stone_sword":4,"minecraft:iron_shovel":1,"minecraft:gold_ingot":102,"minecraft:iron_leggings":2,"minecraft:redstone_torch":1,"minecraft:white_bed":5,"minecraft:note_block":1,"minecraft:composter":2,"minecraft:torch":904,"minecraft:birch_stairs":4,"minecraft:shears":1,"minecraft:lapis_block":60},"minecraft:broken":{"minecraft:stone_sword":3,"minecraft:leather_leggings":1,"minecraft:stone_pickaxe":3,"minecraft:stone_axe":2,"minecraft:iron_pickaxe":4,"minecraft:stone_shovel":3}},"DataVersion":3465}