{"stats":{"minecraft:broken":{"minecraft:iron_shovel":6,"minecraft:leather_leggings":1,"minecraft:stone_pickaxe":3,"minecraft:stone_axe":2,"minecraft:stone_shovel":3,"minecraft:stone_sword":3,"minecraft:stone_hoe":1,"minecraft:iron_axe":1,"minecraft:iron_pickaxe":5},"minecraft:custom":{"minecraft:animals_bred":84,"minecraft:interact_with_crafting_table":198,"minecraft:bell_ring":4,"minecraft:eat_cake_slice":5,"minecraft:leave_game":11,"minecraft:time_since_death":989604,"minecraft:sprint_one_cm":1913565,"minecraft:damage_blocked_by_shield":2995,"minecraft:drop":120,"minecraft:play_noteblock":1,"minecraft:talked_to_villager":13,"minecraft:play_time":989604,"minecraft:jump":17222,"minecraft:walk_on_water_one_cm":97501,"minecraft:enchant_item":8,"minecraft:interact_with_furnace":694,"minecraft:play_record":8,"minecraft:sleep_in_bed":62,"minecraft:damage_dealt":23440,"minecraft:crouch_one_cm":512734,"minecraft:use_cauldron":3,"minecraft:inspect_dispenser":10,"minecraft:horse_one_cm":944045,"minecraft:mob_kills":149,"minecraft:inspect_hopper":4,"minecraft:climb_one_cm":730,"minecraft:walk_one_cm":3054514,"minecraft:sneak_time":127365,"minecraft:walk_under_water_one_cm":65827,"minecraft:boat_one_cm":236117,"minecraft:total_world_time":989604,"minecraft:tune_noteblock":1,"minecraft:time_since_rest":6682,"minecraft:damage_taken":4297,"minecraft:minecart_one_cm":422,"minecraft:swim_one_cm":49645,"minecraft:fly_one_cm":3282424,"minecraft:open_chest":1183,"minecraft:fall_one_cm":358400},"minecraft:crafted":{"minecraft:oak_planks":468,"minecraft:cobblestone_slab":18,"minecraft:barrel":3,"minecraft:oak_sign":12,"minecraft:birch_boat":1,"minecraft:cooked_chicken":9,"minecraft:cobblestone_stairs":8,"minecraft:lever":2,"minecraft:cooked_mutton":44,"minecraft:glass":337,"minecraft:hopper":28,"minecraft:bow":3,"minecraft:iron_boots":2,"minecraft:chest":47,"minecraft:oak_button":7,"minecraft:rail":48,"minecraft:dried_kelp_block":45,"minecraft:birch_button":2,"minecraft:stone_hoe":4,"minecraft:oak_fence":3,"minecraft:oak_slab":36,"minecraft:cauldron":1,"minecraft:cooked_porkchop":37,"minecraft:crafting_table":11,"minecraft:spruce_planks":356,"minecraft:iron_helmet":2,"minecraft:wooden_pickaxe":1,"minecraft:baked_potato":32,"minecraft:birch_planks":660,"minecraft:dispenser":3,"minecraft:wooden_hoe":1,"minecraft:iron_chestplate":2,"minecraft:book":1,"minecraft:paper":3,"minecraft:diamond_pickaxe":1,"minecraft:shield":1,"minecraft:stick":452,"minecraft:iron_ingot":510,"minecraft:iron_pickaxe":6,"minecraft:iron_block":100,"minecraft:stone_sword":4,"minecraft:gold_ingot":102,"minecraft:redstone_torch":9,"minecraft:composter":2,"minecraft:birch_stairs":4,"minecraft:shears":1,"minecraft:redstone":81,"minecraft:stone_shovel":5,"minecraft:coal":99,"minecraft:furnace":30,"minecraft:piston":22,"minecraft:bone_meal":186,"minecraft:spruce_fence":3,"minecraft:oak_trapdoor":6,"minecraft:flint_and_steel":1,"minecraft:iron_axe":4,"minecraft:ladder":6,"minecraft:stone_pickaxe":4,"minecraft:redstone_block":73,"minecraft:observer":4,"minecraft:minecart":1,"minecraft:wheat":9,"minecraft:cooked_beef":75,"minecraft:coal_block":15,"minecraft:enchanting_table":1,"minecraft:dried_kelp":418,"minecraft:powered_rail":18,"minecraft:activator_rail":24,"minecraft:iron_sword":3,"minecraft:bucket":5,"minecraft:stone_axe":2,"minecraft:air":0,"minecraft:oak_boat":3,"minecraft:white_wool":18,"minecraft:birch_trapdoor":2,"minecraft:iron_shovel":7,"minecraft:iron_leggings":2,"minecraft:white_bed":6,"minecraft:note_block":1,"minecraft:torch":1156,"minecraft:lapis_lazuli":45,"minecraft:lapis_block":60},"minecraft:mined":{"minecraft:white_bed":19,"minecraft:jungle_leaves":47,"minecraft:obsidian":9,"minecraft:granite":2,"minecraft:grass_block":1263,"minecraft:composter":3,"minecraft:hopper":3,"minecraft:oxeye_daisy":4,"minecraft:tall_seagrass":2,"minecraft:iron_ore":153,"minecraft:cobbled_deepslate":1,"minecraft:fire":4,"minecraft:fletching_table":1,"minecraft:deepslate_lapis_ore":53,"minecraft:azure_bluet":3,"minecraft:enchanting_table":2,"minecraft:pointed_dripstone":17,"minecraft:flowering_azalea_leaves":1,"minecraft:dirt_path":119,"minecraft:deepslate_redstone_ore":71,"minecraft:kelp_plant":26,"minecraft:torch":35,"minecraft:poppy":4,"minecraft:chest":18,"minecraft:glass":12,"minecraft:nether_quartz_ore":15,"minecraft:cobblestone":143,"minecraft:sugar_cane":201,"minecraft:grindstone":1,"minecraft:oak_planks":4,"minecraft:wall_torch":12,"minecraft:white_terracotta":3,"minecraft:powered_rail":1,"minecraft:birch_log":182,"minecraft:wheat":320,"minecraft:lava_cauldron":1,"minecraft:activator_rail":6,"minecraft:jukebox":1,"minecraft:grass":1489,"minecraft:oak_log":112,"minecraft:sand":226,"minecraft:dirt":257,"minecraft:dispenser":3,"minecraft:stonecutter":1,"minecraft:netherrack":2,"minecraft:piston":1,"minecraft:oak_leaves":115,"minecraft:deepslate":81,"minecraft:tuff":2,"minecraft:mossy_cobblestone":1,"minecraft:deepslate_diamond_ore":7,"minecraft:spruce_leaves":111,"minecraft:kelp":1,"minecraft:large_fern":1,"minecraft:hay_block":1,"minecraft:redstone_ore":6,"minecraft:oak_trapdoor":2,"minecraft:spruce_sapling":1,"minecraft:furnace":20,"minecraft:andesite":1,"minecraft:bell":1,"minecraft:potatoes":105,"minecraft:deepslate_iron_ore":137,"minecraft:vine":1,"minecraft:rail":23,"minecraft:stone":634,"minecraft:white_wool":2,"minecraft:podzol":16,"minecraft:oak_slab":1,"minecraft:observer":5,"minecraft:dandelion":36,"minecraft:oak_fence":10,"minecraft:crafting_table":13,"minecraft:cornflower":3,"minecraft:tall_grass":161,"minecraft:deepslate_coal_ore":21,"minecraft:lapis_ore":12,"minecraft:deepslate_gold_ore":51,"minecraft:birch_planks":26,"minecraft:redstone_torch":3,"minecraft:spruce_log":513,"minecraft:birch_leaves":48,"minecraft:yellow_bed":2,"minecraft:coal_ore":372,"minecraft:gravel":66,"minecraft:dripstone_block":3,"minecraft:cobweb":136,"minecraft:oak_button":1,"minecraft:gold_ore":2,"minecraft:fern":1},"minecraft:killed":{"minecraft:cave_spider":11,"minecraft:skeleton":42,"minecraft:chicken":4,"minecraft:pig":18,"minecraft:iron_golem":1,"minecraft:creeper":5,"minecraft:sheep":24,"minecraft:zombie":27,"minecraft:cow":13,"minecraft:enderman":1},"minecraft:used":{"minecraft:iron_shovel":1797,"minecraft:dispenser":4,"minecraft:poppy":127,"minecraft:oak_sign":9,"minecraft:chest":30,"minecraft:shield":127,"minecraft:white_terracotta":1,"minecraft:iron_sword":221,"minecraft:bell":1,"minecraft:tuff":1,"minecraft:music_disc_13":1,"minecraft:azure_bluet":1,"minecraft:milk_bucket":5,"minecraft:obsidian":10,"minecraft:jungle_sapling":1,"minecraft:glass":154,"minecraft:lava_bucket":4,"minecraft:birch_sapling":5,"minecraft:oak_sapling":11,"minecraft:furnace":50,"minecraft:egg":3,"minecraft:potato":227,"minecraft:diorite":1,"minecraft:stone_pickaxe":472,"minecraft:powered_rail":6,"minecraft:oak_planks":102,"minecraft:wooden_pickaxe":8,"minecraft:composter":5,"minecraft:sugar_cane":257,"minecraft:cookie":4,"minecraft:white_wool":29,"minecraft:sand":30,"minecraft:dripstone_block":5,"minecraft:redstone_torch":7,"minecraft:gravel":56,"minecraft:andesite":1,"minecraft:birch_log":3,"minecraft:oak_boat":9,"minecraft:bone_meal":159,"minecraft:oak_fence":13,"minecraft:oak_trapdoor":7,"minecraft:enchanting_table":3,"minecraft:stone_sword":271,"minecraft:flint_and_steel":1,"minecraft:stone_shovel":418,"minecraft:redstone":9,"minecraft:spruce_planks":12,"minecraft:stone_hoe":180,"minecraft:netherrack":2,"minecraft:torch":1032,"minecraft:dirt":2026,"minecraft:hopper":26,"minecraft:granite":2,"minecraft:spruce_fence":1,"minecraft:iron_hoe":213,"minecraft:iron_axe":801,"minecraft:barrel":3,"minecraft:minecart":6,"minecraft:cooked_beef":39,"minecraft:cobbled_deepslate":43,"minecraft:observer":9,"minecraft:pointed_dripstone":18,"minecraft:wheat_seeds":612,"minecraft:cooked_mutton":49,"minecraft:water_bucket":74,"minecraft:cobblestone_stairs":10,"minecraft:birch_planks":120,"minecraft:baked_potato":32,"minecraft:birch_boat":1,"minecraft:cauldron":2,"minecraft:mossy_cobblestone":1,"minecraft:rail":43,"minecraft:music_disc_cat":7,"minecraft:oak_slab":4,"minecraft:crafting_table":23,"minecraft:white_bed":24,"minecraft:spruce_log":46,"minecraft:piston":19,"minecraft:wooden_hoe":43,"minecraft:activator_rail":6,"minecraft:diamond_pickaxe":127,"minecraft:oak_button":10,"minecraft:iron_pickaxe":1266,"minecraft:spruce_sapling":53,"minecraft:stone_axe":225,"minecraft:cobblestone":556,"minecraft:cooked_porkchop":3,"minecraft:bucket":80,"minecraft:pumpkin_pie":1,"minecraft:yellow_bed":2,"minecraft:kelp":19,"minecraft:dandelion":21,"minecraft:jukebox":1},"minecraft:dropped":{"minecraft:iron_sword":1,"minecraft:birch_planks":6,"minecraft:lapis_lazuli":36,"minecraft:oak_log":32,"minecraft:diamond":1,"minecraft:dirt":17,"minecraft:large_fern":2,"minecraft:cornflower":2,"minecraft:gravel":28,"minecraft:sugar_cane":13,"minecraft:detector_rail":1,"minecraft:cobbled_deepslate":21,"minecraft:wheat":1,"minecraft:pointed_dripstone":1,"minecraft:rotten_flesh":3,"minecraft:white_bed":1,"minecraft:arrow":9,"minecraft:stone_hoe":2,"minecraft:wheat_seeds":5,"minecraft:dripstone_block":2,"minecraft:oak_fence":1,"minecraft:iron_helmet":1,"minecraft:cobblestone":148,"minecraft:stick":20,"minecraft:oxeye_daisy":1,"minecraft:torch":261,"minecraft:iron_leggings":1,"minecraft:oak_stairs":2,"minecraft:dandelion":6,"minecraft:kelp":64,"minecraft:stone_sword":1,"minecraft:tuff":1,"minecraft:stone_shovel":1,"minecraft:iron_boots":1,"minecraft:pumpkin_seeds":2,"minecraft:potato":44,"minecraft:diamond_pickaxe":1,"minecraft:iron_chestplate":1,"minecraft:stone_pickaxe":1,"minecraft:wooden_pickaxe":1},"minecraft:picked_up":{"minecraft:wheat":295,"minecraft:oak_stairs":2,"minecraft:music_disc_cat":7,"minecraft:string":191,"minecraft:activator_rail":8,"minecraft:cobbled_deepslate":84,"minecraft:redstone_torch":4,"minecraft:furnace":20,"minecraft:stick":48,"minecraft:jukebox":1,"minecraft:composter":5,"minecraft:oak_fence":17,"minecraft:torch":137,"minecraft:porkchop":37,"minecraft:pointed_dripstone":38,"minecraft:diorite":1,"minecraft:cauldron":1,"minecraft:rotten_flesh":20,"minecraft:white_terracotta":3,"minecraft:obsidian":9,"minecraft:cobblestone":971,"minecraft:enchanting_table":2,"minecraft:birch_log":181,"minecraft:feather":4,"minecraft:water_bucket":2,"minecraft:andesite":1,"minecraft:brown_wool":3,"minecraft:potato":491,"minecraft:flint":2,"minecraft:tuff":2,"minecraft:lapis_lazuli":409,"minecraft:dirt":1786,"minecraft:glass":2,"minecraft:bone":78,"minecraft:stonecutter":1,"minecraft:wheat_seeds":1031,"minecraft:raw_gold":53,"minecraft:bell":1,"minecraft:grindstone":1,"minecraft:fletching_table":1,"minecraft:powered_rail":1,"minecraft:oak_planks":4,"minecraft:cooked_porkchop":1,"minecraft:music_disc_13":1,"minecraft:poisonous_potato":2,"minecraft:sand":233,"minecraft:mossy_cobblestone":1,"minecraft:iron_hoe":1,"minecraft:dispenser":4,"minecraft:diamond":7,"minecraft:granite":2,"minecraft:oak_sapling":11,"minecraft:netherrack":2,"minecraft:diamond_pickaxe":1,"minecraft:crafting_table":13,"minecraft:azure_bluet":1,"minecraft:chicken":4,"minecraft:cornflower":3,"minecraft:oak_trapdoor":6,"minecraft:large_fern":1,"minecraft:beef":25,"minecraft:oak_boat":9,"minecraft:jungle_sapling":1,"minecraft:observer":5,"minecraft:poppy":7,"minecraft:light_gray_wool":2,"minecraft:minecart":14,"minecraft:sugar_cane":355,"minecraft:chest":20,"minecraft:birch_sapling":5,"minecraft:piston":1,"minecraft:egg":3,"minecraft:raw_iron":290,"minecraft:cookie":4,"minecraft:redstone":370,"minecraft:arrow":35,"minecraft:pumpkin_pie":1,"minecraft:mutton":35,"minecraft:white_wool":33,"minecraft:rail":27,"minecraft:oxeye_daisy":5,"minecraft:leather":16,"minecraft:birch_planks":16,"minecraft:oak_log":149,"minecraft:yellow_bed":2,"minecraft:gunpowder":4,"minecraft:apple":3,"minecraft:kelp":336,"minecraft:iron_ingot":4,"minecraft:oak_slab":1,"minecraft:quartz":15,"minecraft:dandelion":31,"minecraft:dripstone_block":7,"minecraft:gravel":84,"minecraft:spruce_sapling":55,"minecraft:white_bed":19,"minecraft:spruce_log":510,"minecraft:spider_eye":4,"minecraft:pumpkin_seeds":1,"minecraft:oak_button":4,"minecraft:coal":478,"minecraft:hopper":3}},"DataVersion":3465}