{
  "create:root": {
    "criteria": {
      "0": "2024-08-22 02:47:40 +0000"
    },
    "done": true
  },
  "minecraft:recipes/decorations/crafting_table": {
    "criteria": {
      "unlock_right_away": "2024-08-22 02:46:45 +0000"
    },
    "done": true
  },
  "minecraft:adventure/adventuring_time": {
    "criteria": {
      "minecraft:beach": "2024-08-22 02:46:46 +0000",
      "minecraft:forest": "2024-08-22 02:46:51 +0000",
      "minecraft:plains": "2024-08-22 02:50:59 +0000"
    },
    "done": false
  },
  "DataVersion": 3465
}